DENV inhibitors RdRp_登革熱病毒抑制物_3738,,,
Molecule ChEMBL ID,Smiles,Standard Value,標籤小於等於10000為1；反之為0
CHEMBL1631360,CC1(C)CC(Nc2nc(-c3ccc(-c4ccc(Cl)cc4)s3)c3ccccc3n2)CC(C)(C)N1,40.0,
CHEMBL1631362,O=C(CCCC[C@@H]1SC[C@H]2NC(=O)N[C@@H]12)NCCOCCOCCNc1nc(-c2ccc(-c3ccc(Cl)cc3)s2)c2ccccc2n1,234.0,
CHEMBL1652119,Cc1ccc(C)c(OCCCCCCN2C[C@H](O)[C@@H](O)[C@H](O)[C@H]2CO)c1,100.0,
CHEMBL1630219,C#C[C@@]1(O)[C@H](O)[C@@H](CO)O[C@H]1n1cc(C(N)=O)c2c(N)ncnc21,6990.0,
CHEMBL1630220,C#C[C@@]1(O)[C@H](OC(=O)C(C)C)[C@@H](COC(=O)C(C)C)O[C@H]1n1cc(C(N)=O)c2c(N)ncnc21,540.0,
CHEMBL1630220,C#C[C@@]1(O)[C@H](OC(=O)C(C)C)[C@@H](COC(=O)C(C)C)O[C@H]1n1cc(C(N)=O)c2c(N)ncnc21,100.0,
CHEMBL599013,O=C(O)c1ccccc1/C=N/NC(=O)c1cc(-c2ccco2)nc2ccccc12,100000.0,
CHEMBL1704036,C/C(=N\NC(=O)C1CCCC1)c1ccc(NC(=O)C(F)(F)F)cc1,801.5,
CHEMBL2440162,CCCC[C@H](NC(=O)[C@H](CCCCN)NC(=O)[C@H](CCCNC(=N)N)NC(=O)c1ccc(/C=C2\SC(=S)N(CCc3ccccc3)C2=O)cc1)C(N)=O,7700.0,
CHEMBL2440172,CCCC[C@H](NC(=O)[C@H](CCCCN)NC(=O)[C@H](CCCNC(=N)N)NC(=O)c1ccc(/C=C2\SC(=S)N(C3CCCC3)C2=O)cc1)C(N)=O,6100.0,
CHEMBL2440322,CCCC[C@H](NC(=O)[C@H](CCCCN)NC(=O)[C@H](CCCNC(=N)N)NC(=O)c1ccc(/C=C2\SC(=S)N(CCCC)C2=O)cc1)C(N)=O,6200.0,
CHEMBL3335491,CSCC[C@H](NC(=O)[C@H](CCCCN)NC(=O)[C@H](CCCNC(=N)N)NC(=O)c1ccccc1)C(N)=O,47500.0,
CHEMBL3335496,CCCC[C@@H](NC(=O)[C@H](CCCCN)NC(=O)[C@H](CCCNC(=N)N)NC(=O)c1ccccc1)C(N)=O,14100.0,
CHEMBL3335503,N=C(N)NCCC[C@H](NC(=O)c1ccccc1)C(=O)N[C@@H](CCCCN)C(=O)Nc1cccc(C(N)=O)c1,96600.0,
CHEMBL3335504,N=C(N)NCCC[C@H](NC(=O)c1ccccc1)C(=O)N[C@@H](CCCCN)C(=O)Nc1ccc(C(N)=O)cc1,92200.0,
CHEMBL3335508,N=C(N)NCCC[C@H](NC(=O)c1ccccc1)C(=O)N[C@@H](CCCCN)C(=O)N[C@@H](Cc1ccccn1)C(N)=O,44300.0,
CHEMBL3335511,N=C(N)NCCC[C@H](NC(=O)c1ccccc1)C(=O)N[C@@H](CCCCN)C(=O)N[C@@H](CC1CCCCC1)C(N)=O,8200.0,
CHEMBL3335521,CC(C)(C)[C@H](NC(=O)[C@H](CCCCN)NC(=O)[C@H](CCCNC(=N)N)NC(=O)c1ccc(/C=C(\C#N)C(=O)NC2CC2)cc1)C(N)=O,57600.0,
CHEMBL3103512,O=C(O)c1cccc2oc(-c3ccccc3O)nc12,700000.0,
CHEMBL1570806,CCOc1ccc(N2C(=O)S/C(=C\c3cccn3C)C2=O)cc1,112219.0,
CHEMBL1475636,CCC(=O)N1c2ccc(S(=O)(=O)CCC(=O)N3CCN(c4ccccc4F)CC3)cc2CC1C,112219.0,
CHEMBL3194985,N/C(=N\N=C\c1ccc(O)cc1)c1nonc1N,1074.0,
CHEMBL1609648,Cc1cccc(C)c1NC(=O)CN(C)C(=O)Cn1c(=O)cnc2ccccc21,112219.0,
CHEMBL1480775,COc1ccccc1NC(=O)C1=C(C)Nc2nnnn2C1c1ccccc1OC,72285.0,
CHEMBL1597777,Cn1c(=O)c2c(nc(NCc3ccco3)n2C/C=C/c2ccccc2)n(C)c1=O,30049.0,
CHEMBL1410321,CCCCOc1ccccc1C1C(C(=O)OC)=CN(CC)C=C1C(=O)OC,112219.0,
CHEMBL3210689,COc1ccc(CO/N=C/c2c(C)nc(O)nc2O)cc1,13808.0,
CHEMBL1424110,O=C1Nc2ccccc2C1=Nc1ccc(-c2nnc3n2CCCCC3)cc1,112219.0,
CHEMBL1304544,O=C(CCNC(=O)C1CCN(S(=O)(=O)c2ccc(F)cc2)CC1)NCc1ccc(Cl)cc1,112219.0,
CHEMBL1453723,COc1cc(SC)ccc1C(=O)Nc1nc(C)cs1,7219.0,
CHEMBL149322,Oc1cccc(-c2nc3ccccc3s2)c1,22201.0,
CHEMBL1532512,O=c1oc(Nc2cccc(Cl)c2)nc2ccccc12,15951.0,
CHEMBL1424396,CN(C)S(=O)(=O)c1ccc(Cl)c(NC(=O)CSc2nc3ccccc3c(=O)n2CCCN2CCOCC2)c1,17790.0,
CHEMBL1488983,CN(C)c1ccc(NC(=O)CN2CCN(S(=O)(=O)c3cc(Cl)ccc3Cl)CC2)cc1,112219.0,
CHEMBL1384798,O=C(NC(c1ccccc1)c1ccccc1)c1ccc(O)nn1,5318.0,
CHEMBL1375497,CC(=O)N(Cc1c(C#N)c2ccccc2n1C)c1ccccc1,112219.0,
CHEMBL3197158,Cc1ccnn1CC(=O)N/N=C/c1c[nH]nc1-c1ccccc1,112219.0,
CHEMBL1542070,CCC(C)c1ccc(NC(S)=NC2CCN(Cc3ccccc3)CC2)cc1,112219.0,
CHEMBL1463685,O=C(NCc1ccncc1)/C(=C/c1cccc([N+](=O)[O-])c1)NC(=O)c1ccccc1,112219.0,
CHEMBL1598423,O=C(NCCc1ccccn1)C(F)(F)C(F)(F)C(F)(F)C(F)(F)C(F)(F)C(F)F,112219.0,
CHEMBL225903,COc1ccc(/C=C/c2nc3ccccc3n2C)cc1,1008.0,
CHEMBL1371339,Clc1ccc(/C=C/c2nc3ccccc3[nH]2)c(Cl)c1,8311.0,
CHEMBL1581280,COc1ccc(CNC(=O)c2cc3c(C)nc4ccccc4c3o2)c(OC)c1,112219.0,
CHEMBL1336068,O=C(COc1ccc(C(=O)c2ccccc2)cc1)NC1CCCCC1,112219.0,
CHEMBL1542638,COc1ccc(P(=O)(COc2ccc([N+](=O)[O-])cc2)c2ccc(OC)cc2)cc1,112219.0,
CHEMBL3198235,Oc1cccc(/C=N/Nc2nn3cnnc3c3ccccc23)c1,18763.0,
CHEMBL3198883,COc1cc(/C=N/N=C(\N)c2nonc2N)ccc1O,7468.0,
CHEMBL1464533,Cc1ccccc1-c1nc(CS(=O)(=O)CC(=O)N2CCc3ccccc32)c(C)o1,112219.0,
CHEMBL1336241,COc1ccc2c(c1)N(C(=O)CSc1n[nH]c(C)n1)C(C)(C)C=C2C,112219.0,
CHEMBL1376424,COc1ccc(Oc2nc(-c3ccccc3)ncc2S(=O)(=O)c2ccccc2)cc1,112219.0,
CHEMBL1481916,Cc1cc(C)c2c(c1)cc(C)c1nnc(SCC(=O)Nc3ccccc3N3CCOCC3)n12,112219.0,
CHEMBL1376336,Cn1c(NC(=O)Cc2cccs2)cc(=O)n(C)c1=O,112219.0,
CHEMBL1323963,Cc1ccc(S(=O)(=O)NCC2CCC(C(=O)NCc3ccc4c(c3)OCO4)CC2)cc1,112219.0,
CHEMBL1423495,CC1(c2ccccc2)NC(=O)N(CC(=O)N2CCN(S(=O)(=O)c3ccccc3[N+](=O)[O-])CC2)C1=O,112219.0,
CHEMBL1604163,C(=C/c1ccco1)\c1ccc2ccccc2n1,15204.0,
CHEMBL1408083,c1csc(-c2nn3c(Cn4nnc5ccccc54)nnc3s2)c1,112219.0,
CHEMBL1604379,Cc1ccc(S(=O)(=O)NCCC(=O)OCC(=O)NC(=O)c2cccn2C)cc1,112219.0,
CHEMBL1536557,COc1ccc(N(C(=O)c2ccc(Cl)cc2)C2=CC3CCC(C2)N3C)cc1.Cl,112219.0,
CHEMBL1536627,CCC(CC)c1nnc(NC(=O)CCNC(=O)c2ccccc2Cl)s1,112219.0,
CHEMBL1369683,COC(=O)c1cc(NC2c3ccccc3C(=O)N2c2cccnc2)cc(C(=O)OC)c1,112219.0,
CHEMBL3193227,COc1ccccc1/N=C/c1c(O)oc2ccccc2c1=O,112219.0,
CHEMBL1468581,COc1cccc(C(c2sc3nc(C)nn3c2O)N2CCN(c3ccccc3F)CC2)c1,112219.0,
CHEMBL1310213,COc1ccc(S(N)(=O)=O)cc1C(=O)NCCCN1CCN(c2cccc(Cl)c2)CC1.CS(=O)(=O)O,56110.0,
CHEMBL1547361,Cc1ccccc1-n1c(=O)cc(N2CCN(C(=O)c3ccco3)CC2)[nH]c1=O,112219.0,
CHEMBL1485017,CCOC(=O)NCCc1ccc(OC)cc1,112219.0,
CHEMBL1547498,COc1cc2c(cc1OC)C1=C(C#N)CN(CC(=O)O)CN1CC2,112219.0,
CHEMBL1551085,COc1ccc(NC(=O)CCS(=O)(=O)c2ccc3nc(C)sc3c2)cc1OC,112219.0,
CHEMBL1586230,Cc1ccc(NS(=O)(=O)c2ccc(Cl)c(C(=O)Nc3ccccc3-c3nc4ccccc4[nH]3)c2)cc1C,112219.0,
CHEMBL3214499,CCOC(=O)C1CCN(/C=N/c2cc(C)on2)CC1,112219.0,
CHEMBL1430096,COCCn1c(C)cc(C2=NN=C(NC3CC3)SC2)c1C.Cl,2139.0,
CHEMBL1472690,O=S(=O)(Nc1cccc(-c2ccc3nncn3n2)c1)c1cc(F)ccc1F,112219.0,
CHEMBL1390799,COc1cc2c(cc1OC)C(/C=C(\O)c1ccc(NC(C)=O)cc1)=NCC2,3330.0,
CHEMBL1586391,COC(=O)c1cccc(NC(=O)Nc2ccc(Cl)cc2Cl)c1,112219.0,
CHEMBL1390792,CCCc1cc(=O)oc2cc(OCC(=O)N3CCc4ccccc43)ccc12,112219.0,
CHEMBL205548,N=C(N)Nc1ccc(O[C@H]2C[C@@H](Oc3ccc(NC(=N)N)cc3NC(=N)N)[C@H](NC(=N)N)C[C@@H]2NC(=N)N)c(NC(=N)N)c1,1000.0,
CHEMBL3339393,Cc1ccc(NC(=O)c2nc[nH]c2C(=O)NCc2ccccc2)c(-c2ccco2)c1,125000.0,
CHEMBL1386131,CCC(Oc1cc(Cl)ccc1Cl)C(=O)NNC(=O)CCC(=O)O,112219.0,
CHEMBL1377098,CCOC(=O)C(C)n1cnc2c(nnn2-c2ccc(F)cc2)c1=O,112219.0,
CHEMBL1364713,CCOC(=O)c1c(C)[nH]c(C)c1S(=O)(=O)NCC(=O)Nc1ccccn1,112219.0,
CHEMBL1505003,COc1cccc(C(=O)Nc2ccc(N3CCCC3)cc2)c1,1203.0,
CHEMBL1337186,O=C(Nc1cccc(O)c1)C(=O)Nc1ccccn1,1820.0,
CHEMBL1404692,Cc1c(Cl)cccc1NC(=O)Nc1ccc(C(=O)N2CCCC2)cc1,30371.0,
CHEMBL3193673,O=C(N/N=C/c1ccccn1)c1ccc(NC(=O)c2ccc(F)cc2)cc1,112219.0,
CHEMBL1479862,Cc1ccc(-c2c3c(nc4sc(C(N)=O)c(N)c24)CCC3)cc1,112219.0,
CHEMBL1413360,CCn1cc(NC(=O)Nc2ccccc2C(=O)OC)c(C(N)=O)n1,112219.0,
CHEMBL1973921,COc1ccc(C(=O)Nc2ccccc2C(=O)N/N=C/c2ccc(O)c(OC)c2)cc1,156.0,
CHEMBL1343458,Nc1cc2sc(-c3ccc(C(=O)O)cc3)nc2cc1Cl,1325.0,
CHEMBL1401676,O=C(O)c1ccc(N=Nc2c(O)[nH]c3ccccc23)cc1,937.0,
CHEMBL1384497,Cc1onc(-c2ccccc2Cl)c1C(=O)Nc1ccc(Br)cc1,112219.0,
CHEMBL1305099,Cc1cc(NC(=O)Cn2nc(C)c([N+](=O)[O-])c2C)no1,112219.0,
CHEMBL1520766,C/C=C/c1ccc(OCc2cc(=O)n3cc(C)ccc3n2)c(OC)c1,58233.0,
CHEMBL1305810,c1ccc(C2=NN(c3ccccc3)CC2)cc1,112219.0,
CHEMBL1308506,O=C(NC1CCCCC1)C12CC3CC(CC(Cl)(C3)C1)C2,112219.0,
CHEMBL3195878,CSc1ccc(/C=N/NC(=O)c2ccc(O)cc2)cc1,13883.0,
CHEMBL1578056,O=C1CCN(N=Nc2cccc(Cl)c2)N1,112219.0,
CHEMBL1403276,c1ccc2nc(-c3ccc(N4CCOCC4)cc3)ccc2c1,3704.0,
CHEMBL1346239,O=C(c1ccccc1)c1ccc2[nH]c(-c3ccc(NC(=O)c4ccccc4F)cc3)nc2c1,112219.0,
CHEMBL1510527,CCN(CC)S(=O)(=O)c1ccc2c(c1)nc(CCC(=O)O)n2C,112219.0,
CHEMBL1588813,Cc1cccc(N(C)C(=O)c2cc3c(O)nc4ccc(C)cc4c3s2)c1,70705.0,
CHEMBL1301753,COc1ccc(OCC(=O)Nc2nc3ccccc3[nH]2)cc1,112219.0,
CHEMBL1490336,CCOc1ccc2nc(NC(=O)c3ccccn3)sc2c1,5581.0,
CHEMBL3210373,C/C(=N\NC(=O)C1(C)CC1(Br)Br)c1ccc(NC(=O)c2ccc(C)o2)cc1,112219.0,
CHEMBL1401302,N=C(NOC(=O)c1ccc(Cl)cc1)c1[nH]ncc1Br,4359.0,
CHEMBL1373766,CCOC(=O)C1=C(C)OC(N)=C(C#N)C1C1CCCCC1,112219.0,
CHEMBL3808808,COc1ccc(C(=O)O)cc1-c1ccc(C#CCO)s1,2300.0,
CHEMBL3809187,Cc1ccc(-c2cc(CC(=O)O)cc(CC(=O)O)c2)s1,96000.0,
CHEMBL2042318,Nc1nc(N)c2ccc(Oc3ccccc3)cc2n1,10000.0,
CHEMBL2042315,COc1cccc2c(N)nc(N)nc12,5400.0,
CHEMBL2042317,COc1ccc2c(N)nc(N)nc2c1,10000.0,
CHEMBL176599,O=C(O)c1cnc2c([N+](=O)[O-])cccc2c1O,14300.0,
CHEMBL599410,O=S(=O)(Nc1ccccc1)c1cc(S(=O)(=O)Nc2ccccc2)c2cc(O)ccc2c1,21110.0,
CHEMBL597781,O=C(Cn1ccc(=O)[nH]c1=O)Nc1ccc(O)c([N+](=O)[O-])c1,100000.0,
CHEMBL597358,Cc1ccccc1COc1ccc(C(=O)[C@@H]2C(=O)C(=O)N(Cc3ccncc3)[C@H]2c2cccc(O)c2)cc1,100000.0,
CHEMBL605779,Cc1ccc(Cl)cc1NS(=O)(=O)c1ccc(NS(=O)(=O)c2ccc3ccccc3c2)cc1,9280.0,
CHEMBL607576,COc1cc(CNc2ccc(C(=O)O)cc2)ccc1OCc1ccccc1Cl,100000.0,
CHEMBL597965,Cc1ccc(C23CC4CC(CC(C(=O)Nc5cccc(C(=O)O)c5)(C4)C2)C3)cc1,100000.0,
CHEMBL597776,O=C(O)CCC(=O)N1NC(c2c(O)nc3ccc(Cl)cc3c2-c2ccccc2)=C[C@@H]1c1ccc(Br)cc1,100000.0,
CHEMBL599616,O=C(O)COc1ccc(Br)cc1/C=C1\CC/C(=C\c2cc(Br)ccc2OCC(=O)O)C1=O,19500.0,
CHEMBL1794155,Cn1c(N)c(C#N)c(-c2ccccc2)c(C#N)c1=O,1742.0,
CHEMBL4848338,FC(F)(F)c1cccc(Nc2nc(NCCOc3ccccc3)nc3[nH]cnc23)c1,43700.0,
CHEMBL1940730,O=C(Cn1sc2ccccc2c1=O)Nc1cccc(OCc2cn(CC(=O)c3ccccc3)nn2)c1,6220.0,
CHEMBL2413323,Nc1ncnc2c1c1c(Cl)cccc1n2[C@@H]1O[C@H](CO)[C@@H](O)[C@H]1O,850.0,
CHEMBL866,COc1c(C)c2c(c(O)c1C/C=C(\C)CCC(=O)O)C(=O)OC2,5700.0,
CHEMBL3765002,FC(F)(F)c1ccc(-c2nnc(/C=C/c3ccc(Br)s3)o2)cc1,20000.0,
CHEMBL3765453,COc1ccc(-c2nnc(/C=C/c3ccc(Br)s3)o2)cc1,,
CHEMBL3765560,Brc1ccc(-c2nnc(/C=C/c3ccc(Br)s3)o2)cc1,,
CHEMBL3765560,Brc1ccc(-c2nnc(/C=C/c3ccc(Br)s3)o2)cc1,,
CHEMBL3764002,Clc1cc(Cl)cc(-c2nnc(/C=C/c3ccc(Br)s3)o2)c1,,
CHEMBL3808396,COc1cc(C)c(C(=O)NS(C)(=O)=O)cc1-c1ccc(C#CCO)s1,50000.0,
CHEMBL3808396,COc1cc(C)c(C(=O)NS(C)(=O)=O)cc1-c1ccc(C#CCO)s1,340.0,
CHEMBL3808647,N#Cc1ccc(-c2cc(CC(=O)O)cc(CC(=O)O)c2)s1,199000.0,
CHEMBL3808995,O=C(O)Cc1cc(CC(=O)O)cc(-c2ccc(Cl)s2)c1,26000.0,
CHEMBL3426592,O=C1CC2(C(=O)Nc3ccc(Cl)cc32)c2cnn(Cc3ccc(Cl)cc3)c2N1,51.0,
CHEMBL406526,COC(=O)c1cccc2oc(-c3ccccc3O)nc12,700000.0,
CHEMBL4440832,O=C(Nc1nc2cc(O)c(O)cc2s1)c1ccccc1Oc1ccc2cc(O)ccc2c1,4200.0,
CHEMBL1330583,Cc1ccc(C(=O)O/N=C(\N)c2ccccc2)c(Cl)c1,2423.0,
CHEMBL1501708,c1ccc(-c2nc3c4ccccc4ccn3c2CN2CCCCC2)cc1,112219.0,
CHEMBL1303948,Cc1cccc(C(=N)NOC(=O)c2ccc3c(c2)OCO3)c1,1465.0,
CHEMBL1964891,COCCCn1c(=O)/c(=C\c2ccccc2OC(C)C)s/c1=C(/C#N)C(=O)Nc1ccc(C(=O)O)cc1,112219.0,
CHEMBL3190606,Cc1ccc(-c2nc(N/N=C/c3cccnc3)c3ccccc3n2)cc1,1016.0,
CHEMBL1497138,Cc1ccc(N2C(=O)CC(c3ccsc3)C3=C2CC(C)(C)CC3=O)cc1,112219.0,
CHEMBL1379363,CCCNC(=O)COC(=O)/C=C/c1ccco1,112219.0,
CHEMBL1340899,COc1ccc(-c2nc(C[S+]([O-])CC(=O)NCCc3ccc(C)cc3)c(C)o2)cc1OC,112219.0,
CHEMBL3542231,CC[C@H](C)[C@H]1O[C@]2(CC[C@@H]1C)C[C@@H]1C[C@@H](C/C=C(\C)[C@@H](O[C@H]3C[C@H](O[C@H]4C[C@H](OC)[C@@H](O)[C@H](C)O4)[C@@H](OC)[C@H](C)O3)[C@@H](C)/C=C/C=C3\CO[C@@H]4[C@H](O)C(C)=C[C@@H](C(=O)O1)[C@]34O)O2,700.0,
CHEMBL4468127,CC[C@H](C)[C@H](NC(=O)[C@H](Cc1c[nH]c2ccccc12)NC(=O)[C@@H](NC(=O)[C@H](CCC(=O)O)NC(=O)[C@@H](NC(=O)[C@H](CCCNC(=N)N)NC(=O)[C@H](CCC(N)=O)NC(=O)[C@@H](NC(=O)[C@H](Cc1cnc[nH]1)NC(=O)[C@H](CCCCN)NC(=O)[C@H](Cc1c[nH]c2ccccc12)NC(=O)[C@H](C)NC(=O)CNC(=O)[C@H](CCC(=O)O)NC(=O)[C@H](CO)NC(=O)[C@H](CO)NC(=O)[C@H](CCSC)NC(=O)[C@H](Cc1c[nH]c2ccccc12)NC(=O)[C@@H](NC(=O)[C@H](CCC(=O)O)NC(=O)[C@@H](NC(=O)[C@H](CCCNC(=N)N)NC(=O)[C@@H](NC(=O)[C@H](CCC(=O)O)NC(=O)[C@H](CC(C)C)NC(=O)CNC(=O)[C@H](CCSC)NC(=O)CNC(=O)[C@@H](NC(=O)[C@H](Cc1cnc[nH]1)NC(=O)[C@@H]1CCCN1C(=O)[C@@H](NC(=O)[C@H](CC(C)C)NC(=O)[C@H](C)NC(=O)[C@@H](NC(=O)[C@@H](N)CO)C(C)C)C(C)C)C(C)C)[C@@H](C)O)[C@@H](C)O)[C@@H](C)O)C(C)C)[C@@H](C)CC)[C@H](C)O)C(=O)N[C@@H](CC(C)C)C(=O)N[C@@H](CCCNC(=N)N)C(=O)N[C@@H](Cc1cnc[nH]1)C(=O)N1CCC[C@H]1C(=O)NCC(=O)O,24000.0,
CHEMBL4448694,C=CCn1c2ccccc2c(=O)c2ccc(Cl)cc21,8300.0,
CHEMBL4756887,O=C(O)C1CCN(C(=O)c2cc(-c3ccccc3)c(=O)n3c2sc2ccc(OC4CCCCC4)cc23)C1,,
CHEMBL4751025,C[C@H](CO)NC(=O)c1cc(-c2ccccc2)c(=O)n2c1sc1ccc(OC3CCCCC3)cc12,5800.0,
CHEMBL4875360,Cc1ccc(-c2ccc3c(C(=O)NCC4CCNCC4)c[nH]c3c2)cc1,50000.0,
CHEMBL4869765,COc1ccc(-c2ccc3cc(C(=O)NCC4CCNCC4)[nH]c3c2)cc1,10600.0,
CHEMBL3740133,N=C(N)NCCC[C@H](NC(=O)c1ccccc1)C(=O)N[C@@H](CCCCN)C(=O)N[C@@H](C(N)=O)c1ccc(OCc2ccc(C(F)(F)F)cc2)cc1,69.0,
CHEMBL402947,O=c1c(O)c(-c2ccc(O[C@@H]3O[C@H](CO)[C@@H](O)[C@H](O)[C@H]3O)c(O)c2)oc2cc(O)cc(O)c12,1700.0,
CHEMBL82242,C[C@@H]1O[C@@H](Oc2c(-c3ccc(O)c(O)c3)oc3cc(O)cc(O)c3c2=O)[C@H](O)[C@H](O)[C@H]1O,1700.0,
CHEMBL3335494,N=C(N)NCCC[C@H](NC(=O)c1ccccc1)C(=O)N[C@@H](CCCCN)C(=O)N[C@H](C(N)=O)c1ccccc1,3300.0,
CHEMBL2440341,CCCC[C@H](NC(=O)[C@H](CCCCN)NC(=O)[C@H](CCCNC(=N)N)NC(=O)c1ccc(/C=C(\C#N)C(=O)NC2CC2)cc1)C(N)=O,5300.0,
CHEMBL2440322,CCCC[C@H](NC(=O)[C@H](CCCCN)NC(=O)[C@H](CCCNC(=N)N)NC(=O)c1ccc(/C=C2\SC(=S)N(CCCC)C2=O)cc1)C(N)=O,35500.0,
CHEMBL2440332,CCCC[C@H](NC(=O)[C@H](CCCCN)NC(=O)[C@H](CCCNC(=N)N)NC(=O)c1cccc(/C=C2\SC(=O)N(C3CCCC3)C2=O)c1)C(N)=O,53800.0,
CHEMBL2440156,CCCC[C@H](NC(=O)[C@H](CCCCN)NC(=O)[C@H](CCCNC(=N)N)NC(=O)c1ccc(/C=C2\SC(=S)N(c3ccc(Cl)cc3)C2=O)cc1)C(N)=O,35700.0,
CHEMBL1643,NC(=O)c1ncn([C@@H]2O[C@H](CO)[C@@H](O)[C@H]2O)n1,11900.0,
CHEMBL1313428,N=C(NOC(=O)c1ccc(Cl)cc1Cl)c1ccccn1,3113.0,
CHEMBL1359762,COc1cccc(CC2(CO)CCCN(Cc3[nH]c4ccc(C)cc4c3C)C2)c1,112219.0,
CHEMBL1420074,CC1CCCCN1S(=O)(=O)c1ccc(S(=O)(=O)N(CC(=O)Nc2ccccc2)Cc2cccs2)cc1,112219.0,
CHEMBL1372420,Cc1ccc(NC(=O)CC2C(=O)NC3CCCCC3N2C(=O)c2ccc(F)cc2)cc1C,112219.0,
CHEMBL1557678,COC(=O)c1ccc(/C=C/c2nc(O)c3ccccc3n2)cc1,7018.0,
CHEMBL1342574,Cc1ccc(NN2C(=O)C=C(c3ccccc3)C2=O)cc1,5059.0,
CHEMBL1361529,CC1=CS/C(=C(/C#N)C(=O)N2CCOCC2)N1c1ccccc1,112219.0,
CHEMBL1578636,O=C(COC(=O)c1sc2ccccc2c1Cl)NC1CCCCC1,112219.0,
CHEMBL1597122,CCc1ccc(-c2cc(C)no2)cc1S(=O)(=O)NCCN1CCC(C)CC1,112219.0,
CHEMBL1452409,Clc1ccc(/C=C/c2nc3ccccc3[nH]2)cc1,1049.0,
CHEMBL1579322,Cc1cc(=O)oc2cc(OCCSCCN3CCOCC3)ccc12,112219.0,
CHEMBL606180,COc1cc(NS(=O)(=O)c2ccc(NC(=O)/C=C/c3cccc4ccccc34)cc2)nc(OC)n1,100000.0,
CHEMBL597964,Cc1cc(/C=N\NC(=O)Nc2ccccc2)c(C)n1-c1cc(C(=O)O)cc(C(=O)O)c1,100000.0,
CHEMBL599616,O=C(O)COc1ccc(Br)cc1/C=C1\CC/C(=C\c2cc(Br)ccc2OCC(=O)O)C1=O,100000.0,
CHEMBL599616,O=C(O)COc1ccc(Br)cc1/C=C1\CC/C(=C\c2cc(Br)ccc2OCC(=O)O)C1=O,2810.0,
CHEMBL1409488,Cc1ccccc1Nc1nc(N)c2ccccc2n1.Cl,3097.0,
CHEMBL1488020,CCOc1ccc(C(=O)Nc2cc(C)ccn2)cc1,2452.0,
CHEMBL1419488,COc1ccc(N2CCN(c3nc4c(c(=O)n(C)c(=O)n4C)n3Cc3ccccc3)CC2)cc1,112219.0,
CHEMBL1531806,CCOC(=O)Cc1ccc2sc(-c3ccccc3)nc2c1,2683.0,
CHEMBL1363706,CCOc1ccc(-c2ccc(SC)nn2)cc1,1743.0,
CHEMBL1521226,COc1ccc(C(=O)N2CCCC(c3nc(-c4ccc(OC)c(OC)c4)no3)C2)c(OC)c1,112219.0,
CHEMBL1463600,COc1ccccc1Nc1nc(NCc2ccco2)c2ccccc2n1.Cl,112219.0,
CHEMBL3192335,COc1ccc(C(=O)Nc2ccccc2C(=O)N/N=C/c2cccc3ccccc23)cc1,1154.0,
CHEMBL1403233,CCOC(=O)CN1C(=O)C(O)=C(C(C)=O)C1c1ccc(F)cc1,112219.0,
CHEMBL250450,O=c1c(O[C@@H]2O[C@H](CO)[C@@H](O)[C@H](O)[C@H]2O)c(-c2ccc(O)c(O)c2)oc2cc(O)cc(O)c12,44000.0,
CHEMBL82242,C[C@@H]1O[C@@H](Oc2c(-c3ccc(O)c(O)c3)oc3cc(O)cc(O)c3c2=O)[C@H](O)[C@H](O)[C@H]1O,43600.0,
CHEMBL405639,CNC(=O)c1cccc2oc(-c3ccccc3O)nc12,700000.0,
CHEMBL1585865,COc1ccc(-c2nc(C[S+]([O-])CC(=O)NCc3ccco3)c(C)o2)cc1,27907.0,
CHEMBL1367229,Cc1cccc(-n2cnc3c(sc4nc(N5CCOCC5)c5c(c43)CCCC5)c2=O)c1,50022.0,
CHEMBL1373335,Cl.OC1CN=C2C=CC=CN2C1,112219.0,
CHEMBL1350837,CN(C(=O)CSc1nncn1C)C1CCCN(Cc2ccccc2F)C1,112219.0,
CHEMBL1390809,CCOC(=O)C1CCN(C(c2ccccn2)c2c(C)[nH]c3ccccc23)CC1,16533.0,
CHEMBL1405699,COc1ccccc1NC(=O)c1cc([N+](=O)[O-])ccc1N1CCOCC1,112219.0,
CHEMBL1554779,Cc1ccc(NS(=O)(=O)c2cccc(C(=O)N3CCCCCCC3)c2)cc1,112219.0,
CHEMBL1590193,O=C(Nc1ccc(-c2nnc(S)o2)cc1)c1cccc(Br)c1,112219.0,
CHEMBL191015,Cc1ccc(-c2noc(-c3cccs3)n2)cc1,112219.0,
CHEMBL1359246,CCCCC(=O)N(c1ccc(C(=O)O)cc1)c1nc(-c2ccc(Cl)cc2)c(CC)s1,112219.0,
CHEMBL1536637,COc1ccccc1NC(=O)N(Cc1ccco1)Cc1cc2ccc(C)c(C)c2nc1O,112219.0,
CHEMBL1438213,Cn1c(=O)oc2cc(S(=O)(=O)N3CCN(c4ccc(F)cc4)CC3)ccc21,112219.0,
CHEMBL1497510,O=C(CN1CCN(c2ccccc2)CC1)N1N=CCC1c1ccccc1,112219.0,
CHEMBL1477354,COc1cc(NC(=O)c2ccccc2)c(OC)cc1NC(=O)CSc1nc(O)cc(C)c1C#N,1205.0,
CHEMBL1458138,CC(C)c1nnc(NC(=O)CCC(=O)N2CCN(c3ccc(F)cc3)CC2)s1,112219.0,
CHEMBL1488017,CCOC(=O)C(C)Oc1cccc2c(=O)n(CC(=O)NCCc3ccc(OC)c(OC)c3)ccc12,112219.0,
CHEMBL1330013,CCCc1noc2c1C(c1ccoc1)C(C#N)=C(N)N2,112219.0,
CHEMBL1581884,Cc1cc(S(=O)(=O)N2CCCCC2)ccc1OCC(=O)Nc1ccccc1,19660.0,
CHEMBL339587,O=C(/C=C/c1ccc(O)c(O)c1)c1ccccc1O,2230.0,
CHEMBL3209223,CCC(=O)/N=c1\sc2cc(F)cc(F)c2n1C,112219.0,
CHEMBL1466375,NC(=O)c1nsc(C(=O)N(CC(=O)NC2CCCC2)c2cnc3ccccc3c2)c1N,17140.0,
CHEMBL1444002,COc1cccc(-c2nn(-c3ccccc3)cc2C(=O)O)c1,112219.0,
CHEMBL597777,O=C(O)COc1ccccc1/C=N\NC(=O)Cc1csc(Nc2cccc(C(F)(F)F)c2)n1,12390.0,
CHEMBL597978,COc1ccc(/C=C2/CN(CCCC(=O)O)C(=O)C2=O)cc1,8780.0,
CHEMBL597154,O=C(CCCCC(=O)N/N=C/c1ccc(O)cc1O)N/N=C/c1ccc(O)cc1O,4290.0,
CHEMBL25718,NC(=O)C1=CN(Cc2ccccc2)C=CC1,100000.0,
CHEMBL603880,O=C(c1cccc([N+](=O)[O-])c1)c1no[n+]([O-])c1C(=O)c1cccc([N+](=O)[O-])c1,100000.0,
CHEMBL599597,CCOc1cc(/C=C2\C(=O)N(c3ccc4ccccc4c3)N=C2C)ccc1OCCC(=O)O,7110.0,
CHEMBL597964,Cc1cc(/C=N\NC(=O)Nc2ccccc2)c(C)n1-c1cc(C(=O)O)cc(C(=O)O)c1,20320.0,
CHEMBL599597,CCOc1cc(/C=C2\C(=O)N(c3ccc4ccccc4c3)N=C2C)ccc1OCCC(=O)O,100000.0,
CHEMBL597776,O=C(O)CCC(=O)N1NC(c2c(O)nc3ccc(Cl)cc3c2-c2ccccc2)=C[C@@H]1c1ccc(Br)cc1,44500.0,
CHEMBL1612409,CC(C)CCCN(Cc1ccco1)c1nc(N2CCOCC2)nc(N2CCOCC2)n1,112219.0,
CHEMBL1405269,Cc1c(N=C(S)NNC(=O)CCC(=O)O)c(=O)n(-c2ccccc2)n1C,112219.0,
CHEMBL4860480,Cn1c2ccc(-c3cccc(/C(N)=N/O)c3)cc2c2cc(-c3cccc(/C(N)=N/O)c3)ccc21,,
CHEMBL3344312,COc1ccc(-c2coc3c(-c4cc(-c5cc(=O)c6c(O)cc(O)cc6o5)ccc4O)c(O)cc(O)c3c2=O)cc1,750.0,
CHEMBL3339386,O=C(NCc1ccc(-c2cccnc2)cc1)c1nc[nH]c1C(=O)Nc1ccc(F)cc1,42100.0,
CHEMBL3339387,O=C(NCc1ccc(-c2ccsc2)cc1)c1nc[nH]c1C(=O)Nc1ccc(F)cc1,33690.0,
CHEMBL3339388,O=C(NCc1ccc(-c2ccncc2)cc1)c1nc[nH]c1C(=O)Nc1ccc(F)cc1,120000.0,
CHEMBL251254,O=c1c(O[C@@H]2O[C@H](CO)[C@H](O)[C@H](O)[C@H]2O)c(-c2ccc(O)c(O)c2)oc2cc(O)cc(O)c12,1700.0,
CHEMBL4065616,CCC(CC)COC(=O)[C@H](C)N[P@](=O)(OC[C@H]1O[C@@](C#N)(c2ccc3c(N)ncnn23)[C@H](O)[C@@H]1O)Oc1ccccc1,,
CHEMBL3809880,COc1cccc(S(=O)(=O)NC(=O)c2cc(-c3ccc(C#CCO)s3)c(Cl)cc2OC)c1,5500.0,
CHEMBL7301,CC1=C(/C=C/C(C)=C/C=C/C(C)=C/C(=O)Nc2ccc(O)cc2)C(C)(C)CCC1,1000.0,
CHEMBL7301,CC1=C(/C=C/C(C)=C/C=C/C(C)=C/C(=O)Nc2ccc(O)cc2)C(C)(C)CCC1,800.0,
CHEMBL4127565,CC#C[C@]1(O)[C@H](n2ccc(=O)[nH]c2=O)O[C@](F)(COP(=O)(O)OP(=O)(O)OP(=O)(O)O)[C@H]1O,2800.0,
CHEMBL3190132,O=C(Nc1ccccc1C(=O)N/N=C/c1ccco1)c1ccc(Cl)cc1,10906.0,
CHEMBL3212032,Cc1ccc(N(C)/N=C/c2ccc(Cl)cc2Cl)nn1,112219.0,
CHEMBL463048,O=C1N[C@H]2[C@H](O)[C@H](O)[C@@H](O)C[C@H]2c2cc3c(c(O)c21)OCO3,2.5,
CHEMBL606758,CO[C@@H]1C=C[C@@]23c4cc5c(cc4C(O)O[C@H]2CN(C)[C@H]3C1)OCO5,,
CHEMBL2042319,CCCCCCCCOc1cccc2nc(N)nc(N)c12,180.0,
CHEMBL402274,CC(C)(C)COc1cccc2nc(N)nc(N)c12,80.0,
CHEMBL1630221,C#C[C@@]1(O)[C@H](O)[C@@H](CO)O[C@H]1n1ccc2c(N)ncnc21,,
CHEMBL1630221,C#C[C@@]1(O)[C@H](O)[C@@H](CO)O[C@H]1n1ccc2c(N)ncnc21,120.0,
CHEMBL3739872,N=C(N)NCCC[C@H](NC(=O)c1cccs1)C(=O)N[C@@H](CCCCN)C(=O)N[C@@H](C(N)=O)c1ccc(OCc2ccc(Br)cc2)cc1,71.0,
CHEMBL3740757,N=C(N)NCCC[C@H](NC(=O)c1cccs1)C(=O)N[C@@H](CCCCN)C(=O)N[C@@H](C(N)=O)c1ccc(OCc2ccc(Cl)c(Cl)c2)cc1,79.0,
CHEMBL3741198,N=C(N)NCCC[C@H](NC(=O)c1cc2sccc2s1)C(=O)N[C@@H](CCCCN)C(=O)N[C@@H](C(N)=O)c1ccc(OCc2ccc(Cl)cc2)cc1,170.0,
CHEMBL3741849,N=C(N)NCCC[C@H](NC(=O)c1cc2ccccc2s1)C(=O)N[C@@H](CCCCN)C(=O)N[C@@H](C(N)=O)c1ccc(OCc2c(Cl)cccc2Cl)cc1,183.0,
CHEMBL583420,O=C(O)c1cccc(NS(=O)(=O)c2cccc(-c3cnn(Cc4ccccc4)c3)c2)c1,20000.0,
CHEMBL4440832,O=C(Nc1nc2cc(O)c(O)cc2s1)c1ccccc1Oc1ccc2cc(O)ccc2c1,14100.0,
CHEMBL3769592,CCN1CCN([C@@H](c2ccccc2)c2ccc(Cl)cc2)CC1,1000.0,
CHEMBL1431049,NC(=O)CSc1cn(Cc2ccc(F)cc2)c2ccccc12,112219.0,
CHEMBL1392611,Cc1c(C)c2ccc(OCC(=O)Nc3ccccn3)c(C)c2oc1=O,2726.0,
CHEMBL1447681,CC(C)OCCCNCC(O)c1ccccc1,112219.0,
CHEMBL1538854,Nc1cccc(-c2nc3ccccc3s2)c1,7771.0,
CHEMBL1460540,CCOC(=O)c1[nH]c2ccc(OC)cc2c1N=C(S)N1CCN(C(=O)OCC)CC1,112219.0,
CHEMBL2003508,COc1ccc(C(=O)Nc2ccccc2C(=O)N/N=C/c2ccco2)cc1,4142.0,
CHEMBL1539236,Cc1cccc(OCCN2CSC(=S)N(C)C2)c1,112219.0,
CHEMBL1342565,CCCn1nc(C(=O)NNC(=O)c2cccc(S(=O)(=O)NC(C)C)c2)c2ccccc2c1=O,112219.0,
CHEMBL1542478,Fc1ccc(C2CC(c3ccccc3)n3ncnc3N2)cc1,112219.0,
CHEMBL1533399,Cc1cccnc1CN1CCN(C(=O)c2cc(COc3ccc4ncccc4c3)on2)CC1,112219.0,
CHEMBL1415440,CCOC(=O)C1=C(CNCc2ccccc2Cl)NC(=O)NC1c1cccc([N+](=O)[O-])c1,112219.0,
CHEMBL1400414,CCOc1cc(CNc2ccc3[nH]c(O)nc3c2)ccc1OCC(=O)NC(C)(C)C,12045.0,
CHEMBL1559584,O=S(=O)(Nc1ccc(-c2ccc(N3CCOCC3)nn2)cc1)c1ccc(Cl)c(Cl)c1,112219.0,
CHEMBL1363200,CC1=NN(C(C#N)c2cccc([N+](=O)[O-])c2)C(C)(C)C1,112219.0,
CHEMBL1388781,O=S(=O)(NCCc1cn2ccccc2n1)c1ccc2c(c1)CCCC2,112219.0,
CHEMBL1574165,CCC(=O)NCCc1nc2ccccc2n1Cc1ccc(C)cc1,112219.0,
CHEMBL1349985,O=C(/C=C/c1ccccc1)NCC1(c2ccccc2)CCOCC1,112219.0,
CHEMBL1310341,CCCCOc1ccc(-c2cc(C(=O)NN=C(S)NCC)c3ccccc3n2)cc1,701.0,
CHEMBL1976507,O=C(O)c1ccc(N/N=C/c2ccc3nccnc3c2)cc1,7253.0,
CHEMBL1380161,Nc1ccc(-c2nc3cc(N)ccc3o2)cc1,29649.0,
CHEMBL3197372,O=C(Cc1c[nH]c2ccccc12)N/N=C/c1ccccc1O,112219.0,
CHEMBL2164640,O=C(N/N=C\CCc1ccccc1)c1cc(/C=N/Nc2cccc(C(F)(F)F)c2)nc2ccccc12,100000.0,
CHEMBL1458891,Cc1ccc(C2=NC(=O)/C(=C/c3cc(O)c(O)c(Br)c3)S2)cc1,2940.0,
CHEMBL1794125,CC(=O)N/N=C(\C)c1ccc(NC(=O)C2CC2)cc1,500000.0,
CHEMBL1733975,CCCCC(=O)N/N=C(\C)c1ccc(NC(=O)C(F)(F)F)cc1,5486.0,
CHEMBL3763475,COc1ccc(-c2nnc(/C=C/c3ccc(-c4ccccc4)s3)o2)cc1,22000.0,
CHEMBL2440176,C=CCN1C(=O)/C(=C/c2ccc(C(=O)N[C@@H](CCCNC(=N)N)C(=O)N[C@@H](CCCCN)C(=O)N[C@@H](CCCC)C(N)=O)cc2)SC1=S,31300.0,
CHEMBL1940609,O=C(O)CCCC(/C=C/c1ccccc1)c1c(O)cc2c(c1O)C(=O)CC(c1ccccc1)O2,14800.0,
CHEMBL1940601,O=C(O)CCC/C=C/C(c1ccccc1)c1c(O)c(C(/C=C/c2ccccc2)CCCC(=O)O)c(O)c2c1OC(c1ccccc1)CC2=O,2900.0,
CHEMBL1940724,O=C(Cn1sc2ccccc2c1=O)NCc1cn(CC(=O)Nc2ccc(Oc3ccccc3)cc2)nn1,4870.0,
CHEMBL4161254,NS(=O)(=O)c1ccc(N2N=C(c3ccc(OCc4ccccc4)cc3)CC2c2cccc(Cl)c2)cc1,45000.0,
CHEMBL4169180,NS(=O)(=O)c1ccc(N2N=C(c3ccc(OCc4ccccc4)cc3)CC2c2ccc(Cl)cc2)cc1,15000.0,
CHEMBL1730064,Cc1ccc(-c2c(C#N)c(N)n(-c3ccccc3C)c(=O)c2C#N)cc1,2030.0,
CHEMBL565248,O=C(O)c1ccccc1NS(=O)(=O)c1cccc(-c2cnn(CCN3CCOCC3)c2)c1,20000.0,
CHEMBL3208997,COc1cc(/C=N/n2cnnc2)ccc1OCc1ccc(C)cc1,20800.0,
CHEMBL1989500,C/C(=N/OC(=O)c1ccc(C)cc1)c1cccs1,5139.0,
CHEMBL1547757,Nc1cc(-c2ccc(Br)cc2)nn1Cc1ccccc1,112219.0,
CHEMBL1547928,CC(C)c1ccc(NC(S)=NC2CCN(Cc3ccccc3)CC2)cc1,112219.0,
CHEMBL1587018,COc1cccc(C(=O)c2cc3ccc(O)cc3oc2=O)c1,1283.0,
CHEMBL1525069,Cn1c(=O)n(C)c2cc(S(=O)(=O)NCc3ccccc3)ccc21,112219.0,
CHEMBL1551203,COc1cc2c(cc1OC)-c1cc(Nc3ccc(F)cc3)nc(=O)n1CC2,1818.0,
CHEMBL1446415,O=Nc1c(O)n(Cc2c(Cl)cccc2Cl)c2ccccc12,112219.0,
CHEMBL1587776,CC1(C)CC(=O)C2=C(C1)N(Cc1ccccc1)C(=O)C2(O)C(F)(F)F,112219.0,
CHEMBL3194523,COc1ccccc1NC(=O)c1cc2ccc(O)cc2o/c1=N\O,6136.0,
CHEMBL281980,O=C1/C(=C/c2ccc([N+](=O)[O-])cc2)CCc2ccccc21,1113.0,
CHEMBL1452854,CCSc1nnc(NC(=O)C2CC2c2ccccc2)s1,112219.0,
CHEMBL1508840,Cc1cc(C)c(NC(=O)CSc2ccc3nnc(CCNC(=O)c4ccccc4)n3n2)c(C)c1,112219.0,
CHEMBL1333831,Cc1cccc(C(=N)NOC(=O)c2ccc(Cl)cc2Cl)c1,3203.0,
CHEMBL1327598,COc1ccc(CCn2c(=N)c(C(=O)NCC3CCCO3)cc3c(=O)n4ccccc4nc32)cc1OC,112219.0,
CHEMBL1374595,CCOc1ccc(-c2nc3n(c(=O)c2C#N)CCCS3)cc1,112219.0,
CHEMBL4779769,NC(=O)CCNC(=O)c1cc(-c2ccccc2)c(=O)n2c1sc1ccc(OC3CCCCC3)cc12,,
CHEMBL4790311,COc1ncc(-c2cnn(COCCOP(=O)(O)OP(=O)(O)OP(=O)(O)O)c2)c(OC)n1,1100.0,
CHEMBL4203720,COc1cccc(NC(C(=O)c2c[nH]c3ccccc23)c2nc3ccccc3o2)c1,11.0,
CHEMBL3946919,N=C(N)NCCC[C@H](NC(=O)[C@H](Cc1ccc(N)cc1)NC(=O)c1ccccc1)B(O)O,7400.0,
CHEMBL4214447,COc1cc(NC(C(=O)c2c[nH]c3ccccc23)c2ccc(F)cc2)cc(OCCO)c1,13.0,
CHEMBL1996068,Cn1c(N/N=C/c2cc3ccccc3nc2Cl)nc2ccccc21,6520.0,
CHEMBL1510591,COc1ccc(C2(C)NC(=O)N(CC(=O)NCCC3=CCCCC3)C2=O)cc1OC,112219.0,
CHEMBL4752654,Cc1ccc(NC(=O)c2nccnc2C(=O)Nc2ccc(F)cc2)c(-c2cccs2)c1,4600.0,
CHEMBL3974288,CC(C)(C)c1ccc(C(=O)N[C@@H](Cc2ccc(NC(=N)N)cc2)C(=O)N[C@@H](CCCNC(=N)N)B(O)O)cc1,19000.0,
CHEMBL4451922,NCc1ccc(-c2cc(CNCC3CCNCC3)sc2-c2ccc(CN)cc2)cc1,20000.0,
CHEMBL1553597,Cc1ccc(NC(=O)c2cc(S(=O)(=O)N3CCOCC3)cn2C)cc1F,112219.0,
CHEMBL1498167,O=C(Cn1cnc2c(cnn2-c2ccc(F)cc2)c1=O)OCc1ccccc1,112219.0,
CHEMBL1458931,CC(C)(C)C(Cn1ccnc1)NC(=O)c1ccc2nc(C3CC3)oc2c1,112219.0,
CHEMBL1420307,CSc1ccccc1C(=O)Nc1nc2ccccc2[nH]1,112219.0,
CHEMBL1526637,Cc1occc1C(=O)O/N=C(\N)c1ccccc1,2594.0,
CHEMBL1439985,O=C(NC(=O)c1ccccc1)Nc1ccccn1,2103.0,
CHEMBL1479328,Cc1c(NC(=O)CSC(=S)N2CCCC2)c(=O)n(-c2ccccc2)n1C,25504.0,
CHEMBL1518866,Cl.Nc1nc(Nc2ccccc2)nc2ccccc12,2063.0,
CHEMBL1500524,Cc1nc2sc(C(c3ccccc3)N3CCN(c4ccccc4F)CC3)c(O)n2n1,112219.0,
CHEMBL1530917,CCC1CCCN1Cn1cnc2c3cc(Cl)ccc3nc-2c1O,48260.0,
CHEMBL1479930,CCCc1ccc(Oc2cc(N3CCOCC3)nc(-c3ccccc3)n2)cc1,112219.0,
CHEMBL1461445,Cc1sc2ncnc(SCC(=O)N3CCCC3)c2c1C,112219.0,
CHEMBL1480056,CSc1nc2sc(-c3ccccc3)cc2c(=O)n1N,701.0,
CHEMBL1401606,CC(C)c1nc2oc3c(NCC4CCCO4)ncnc3c2c2c1COC(C)(C)C2,112219.0,
CHEMBL1519698,Cc1cc(-n2ccc(=O)[nH]c2=O)nc(-c2ccccc2)n1,15428.0,
CHEMBL1345944,CC(C)(CO)NCC(O)COc1ccc2c(c1)CCC2,112219.0,
CHEMBL1542014,COc1ccc(CCn2c(=N)c(C(=O)NCC3CCCO3)cc3c(=O)n4ccccc4nc32)cc1,15729.0,
CHEMBL1542081,CCC(C(=O)NCc1cccnc1)n1nc(C)n2c(cc3sccc32)c1=O,112219.0,
CHEMBL1424946,COc1ccc(CC(=O)N2CCN(c3ccc(C4=NNC(=O)CC4C)cc3)CC2)cc1,88.0,
CHEMBL1503605,O=C(Cn1c(S)nc2ccccc21)c1ccccc1,112219.0,
CHEMBL1428482,Cc1nnc2sc(-c3ccc(-c4ccc(Cl)c(C(F)(F)F)c4)o3)nn12,112219.0,
CHEMBL1467551,CC(=O)c1c(C)[nH]c(C(=O)CSc2nnc(-c3ccc(Cl)cc3)n2CC2CCCO2)c1C,112219.0,
CHEMBL1562684,N=C(NOC(=O)c1ccccc1Cl)c1ccccn1,8297.0,
CHEMBL3196469,Cc1ccc(-c2nc(N/N=C/c3ccncc3)c3ccccc3n2)cc1,209.0,
CHEMBL1484327,COc1ccc(-c2cc3ccc(O)cc3oc2=O)cc1OC,335.0,
CHEMBL1613218,COc1ccc(Nc2cc3n(c(=O)n2)CCc2cc(OC)c(OC)cc2-3)c(C)c1,987.0,
CHEMBL1366510,Cn1cc(CN(CCO)Cc2cccs2)c(-c2cccc(Cl)c2)n1,112219.0,
CHEMBL1358201,Cc1c(Cl)ccc2sc(NC(=O)C3CC3)nc12,112219.0,
CHEMBL1581957,Cc1cccc(NC(=O)CN2CCC(C(=O)c3ccc4c(c3)OCCO4)CC2)c1,112219.0,
CHEMBL1346564,COc1cc2c(cc1OC)-c1cc(Nc3ccc(N(C)C)cc3)nc(=O)n1CC2,4832.0,
CHEMBL1533771,COc1ccc(CNC(=O)N[C@@H](CC(C)C)C(=O)O)cc1OC,112219.0,
CHEMBL1560740,CC(C)(C)NC(=O)COc1ccc(CNc2ccc3[nH]c(O)nc3c2)cc1,17910.0,
CHEMBL1364277,O=C1NC(=S)N=C1c1c(O)[nH]c2ccccc12,112219.0,
CHEMBL1545043,CCOC(=O)c1c(C)[nH]c(C(=O)C(C)OC(=O)c2oc3ccccc3c2COC)c1C,5483.0,
CHEMBL2440342,CCCC[C@H](NC(=O)[C@H](CCCCN)NC(=O)[C@H](CCCNC(=N)N)NC(=O)c1ccc(/C=C/C(N)=O)cc1)C(N)=O,6400.0,
CHEMBL4441582,OC[C@@H]1[C@@H](O)[C@H](O)[C@@H](O)CN1CCCCCCCCC1CCCO1,21710.0,
CHEMBL1652085,CO[C@@H]1[C@H]2OC(C)(C)O[C@H]2O[C@@H]1C(=O)c1cnc2sc(C(=O)c3ccc(Br)cc3)cn12,29900.0,
CHEMBL4546393,C=CCn1c2cc(Cl)ccc2c(=O)c2cccc(OC)c21,8300.0,
CHEMBL4538599,C=CCn1c2ccc(Cl)cc2c(=O)c2cccc(OC)c21,13500.0,
CHEMBL4538599,C=CCn1c2ccc(Cl)cc2c(=O)c2cccc(OC)c21,13500.0,
CHEMBL1497686,Cn1c(SCC(=O)N2CCCC2)nnc1-c1cccs1,112219.0,
CHEMBL1340249,CN(C)S(=O)(=O)c1cccc(NC(=O)CSc2nnnn2-c2ccccc2)c1,112219.0,
CHEMBL1435852,Cc1ccc(C)c(NC(=O)c2cc(S(=O)(=O)N3CCOCC3)cn2C)c1,112219.0,
CHEMBL1319657,CSc1ccccc1C(=O)Nc1ncc(C)s1,65796.0,
CHEMBL1527992,Cc1ccc(N=Nc2cc(C)ccc2N)cc1,3151.0,
CHEMBL1420155,COc1cc2c(cc1OC)-c1cc(N3CCCc4ccccc43)nc(=O)n1CC2,3355.0,
CHEMBL1569489,CC1CC(=O)NN=C1c1ccc(NCCO)c([N+](=O)[O-])c1,88.0,
CHEMBL1401415,O=C(Nc1ncc2c(n1)CC(c1ccco1)CC2=O)c1ccco1,112219.0,
CHEMBL1452227,Cc1ccccc1C(=O)O/N=C(\N)c1ccccc1,2716.0,
CHEMBL1579042,CSc1nc(N)n2nc(-c3ccc(Cl)cc3)cc2n1,3879.0,
CHEMBL1373921,CN(C(=O)Cn1nnc(-c2cccc(C(F)(F)F)c2)n1)C1CCCCC1,112219.0,
CHEMBL1383162,Cc1ccc(CN(C(=O)c2csnn2)C(C(=O)NC2CCCC2)c2ccco2)cc1,112219.0,
CHEMBL3191815,CCC(CC)=N/N=C/c1c(O)n(CC)c2cc(C3=NNC(=O)CC3)ccc12,2708.0,
CHEMBL1480311,Cn1ccnc1SCC(=O)Nc1ccc2c(c1)OC(F)(F)O2,112219.0,
CHEMBL1334514,NC(=NOCc1ccc([N+](=O)[O-])cc1)c1ccccn1,7952.0,
CHEMBL1579491,CC(=O)c1ccc(-c2nc3c4ccccc4ccn3c2C(C)=O)o1,112219.0,
CHEMBL1540804,CC(=O)Oc1ccc(-c2cc3c(OC(C)=O)cc(OC(C)=O)cc3oc2=O)cc1,13666.0,
CHEMBL1477100,COc1ccc(NC(=O)N2CCc3ccccc32)cc1,1080.0,
CHEMBL1575440,COC(=O)c1c(-c2cccc3ccccc23)csc1NC(=O)Cc1ccc(OC)c(OC)c1,112219.0,
CHEMBL1419082,COc1ccccc1N1CCN(c2ccc(-c3ccccc3)nn2)CC1,5080.0,
CHEMBL1528779,CCCCc1nc2sc3c(O)ncnc3c2c2c1CCCC2,112219.0,
CHEMBL1528665,Cn1nnnc1SCC(=O)NC1CCCc2ccccc21,112219.0,
CHEMBL1499276,Cc1ccc(-c2cc(C(=O)Nc3ccc4c(c3)OCCO4)c3ccccc3n2)cc1,16940.0,
CHEMBL1447914,CN1CCC(NC(=O)Nc2cccc(C(F)(F)F)c2)CC1,112219.0,
CHEMBL3193970,Oc1c(Cl)cccc1/C=N/c1cc(C(F)(F)F)ccc1N1CCCC1,112219.0,
CHEMBL1301576,COc1cc2c(cc1OC)-c1cc(Nc3ccccc3C)nc(=O)n1CC2,240.0,
CHEMBL1439683,COc1ccc(OC)c(CCNC(=O)CCc2nnc3ccc(N4CCCCC4)nn23)c1,52534.0,
CHEMBL1568259,O=C(/C=C/c1ccco1)NCCCN1CCN(CCCNC(=O)/C=C/c2ccco2)CC1,112219.0,
CHEMBL1565621,COc1ccc(-c2cc(C(F)(F)F)nc(SCC(=O)N3CCOCC3)n2)cc1OC,15797.0,
CHEMBL1301654,COc1ccc(CCNC(=O)CSc2nc(N)c3c(C)c(C)oc3n2)cc1OC,112219.0,
CHEMBL1360618,O=Nc1c2cc(-c3ccccc3)n[nH]c-2c2ccccc12,1470.0,
CHEMBL1341816,COc1ccc(C(=O)O/N=C(\N)c2ccccn2)cc1,962.0,
CHEMBL1341841,Cc1ccc(-c2nn3c(C)nnc3c3ccccc23)cc1S(=O)(=O)NC(C)c1ccccc1,112219.0,
CHEMBL1518198,Cl.Nc1nc(Nc2cccc(F)c2)nc2ccccc12,7176.0,
CHEMBL1479010,Clc1ccccc1Nc1nnc(-c2ccncc2)s1,2560.0,
CHEMBL1360977,COc1ccc(NC(=O)c2ccccn2)cc1,10483.0,
CHEMBL1539252,Cc1ccccc1C(=O)NC(CC(C)C)C(=O)Nc1ccc(S(N)(=O)=O)cc1,112219.0,
CHEMBL1321091,Cc1cccc(OCc2nnc(SCC(=O)Nc3ncc(C)s3)o2)c1,112219.0,
CHEMBL1500110,COc1cc2c(cc1OC)-c1cc(N3CCc4ccccc43)nc(=O)n1CC2,6833.0,
CHEMBL1521415,Cn1cc(S(=O)(=O)N2CCCC2)cc1C(=O)N1CCN(c2cccc(Cl)c2)CC1,112219.0,
CHEMBL1321177,N#CC(c1ccc(Cl)cc1)N1CCOCC1,112219.0,
CHEMBL1607729,COCCCNC(=O)Cn1c(=O)n(CCCCCC(=O)Nc2ccccc2)c(=O)c2sccc21,112219.0,
CHEMBL1491075,CN(C)c1oc(-c2ccco2)nc1C#N,112219.0,
CHEMBL1596719,O=C(/C=C/Nc1ccccc1F)c1cccs1,4558.0,
CHEMBL1361444,O=C(c1ccc(S(=O)(=O)Nc2ccccc2)cc1)N1CCCCCCC1,112219.0,
CHEMBL1318975,COc1cccc(CNC(=O)c2cc(S(=O)(=O)N3CCOCC3)cn2C)c1,112219.0,
CHEMBL1604317,CCN(CC(=O)Nc1sc2c(c1C#N)CCCC2)CC(=O)NC1CCS(=O)(=O)C1,112219.0,
CHEMBL1328371,O=C(CC1(O)C(=O)Nc2ccccc21)c1ccccc1,112219.0,
CHEMBL4446551,CC(C)CCN1C(=O)[C@]2(CC(=O)Nc3c2nnn3[C@@H](C)c2ccc(Cl)cc2)c2cc(Cl)ccc21,780.0,
CHEMBL3809103,COc1cc(C)c(-c2noc(=O)[nH]2)cc1-c1ccc(C#CCO)s1,3200.0,
CHEMBL3809079,COc1cc(C)c(C(=O)NS(=O)(=O)c2ccccc2)cc1-c1ccc(C#CCO)s1,34000.0,
CHEMBL3810119,COc1cc(OC)c(-c2ccc(C#CCO)s2)cc1C(=O)NS(=O)(=O)c1ccccc1,37000.0,
CHEMBL3809880,COc1cccc(S(=O)(=O)NC(=O)c2cc(-c3ccc(C#CCO)s3)c(Cl)cc2OC)c1,13000.0,
CHEMBL3628264,CC(=N)Nc1ccc(C[C@H](NC(=O)c2ccccc2)C(=O)N[C@@H](CCCCN)C(=O)N[C@H](C(N)=O)c2ccccc2)cc1,12710.0,
CHEMBL3741202,N=C(N)NCCC[C@H](NC(=O)c1cncs1)C(=O)N[C@@H](CCCCN)C(=O)N[C@@H](C(N)=O)c1ccc(OCc2ccccc2)cc1,304.0,
CHEMBL3740511,N=C(N)NCCC[C@H](NC(=O)c1cccc(F)c1)C(=O)N[C@@H](CCCCN)C(=O)N[C@@H](C(N)=O)c1ccc(OCc2ccccc2)cc1,466.0,
CHEMBL3793486,CC(C)CC[C@@H](O)[C@](C)(O)[C@H]1CC[C@@]2(O)C3=CC(=O)[C@@H]4C[C@@H](O)[C@@H](O)C[C@]4(C)[C@H]3[C@H](O)C[C@]12C,10050.0,
CHEMBL3793792,CC(=O)OC(C)(C)CC[C@@H](O)[C@](C)(O)[C@H]1CC[C@@]2(O)C3=CC(=O)[C@@H]4C[C@@H](O)[C@@H](O)C[C@]4(C)[C@H]3CC[C@]12C,39760.0,
CHEMBL3741633,N=C(N)NCCC[C@H](NC(=O)c1ccc(C=O)cc1)C(=O)N[C@@H](CCCCN)C(=O)N[C@@H](C(N)=O)c1ccc(OCc2ccccc2)cc1,232.0,
CHEMBL3742389,CC(=O)c1ccc(C(=O)N[C@@H](CCCNC(=N)N)C(=O)N[C@@H](CCCCN)C(=O)N[C@@H](C(N)=O)c2ccc(OCc3ccccc3)cc2)cc1,1039.0,
CHEMBL5077292,Cn1cc(CNc2ccc3n(c2=O)C[C@@H]2C[C@H]3CN(C(=O)Nc3ccccc3)C2)c(=O)n(C)c1=O,6446.0,
CHEMBL4205295,COc1cccc(NC(C(=O)c2c[nH]c3ccccc23)c2ccccc2)c1,73.0,
CHEMBL4213128,CS(=O)(=O)c1cccc(NC(C(=O)c2c[nH]c3ccccc23)c2ccccc2)c1,6500.0,
CHEMBL4205724,COc1cncc(NC(C(=O)c2c[nH]c3ccccc23)c2ccccc2)c1,36.0,
CHEMBL4217606,COc1cccc(NC(C(=O)c2c[nH]c3ccccc23)c2ccc(F)cc2)c1,25.0,
CHEMBL4203212,COc1cccc(NC(C(=O)c2c[nH]c3ccccc23)c2cc3ccccn3n2)c1,28.0,
CHEMBL4216359,COc1cccc(NC(C(=O)c2c[nH]c3cc(F)ccc23)c2ccccc2)c1,45.0,
CHEMBL3741226,NCCCC[C@H](NC(=O)c1ccccc1)C(=O)N[C@@H](C(N)=O)c1ccc(OCc2ccccc2)cc1,,
CHEMBL3741557,N=C(N)NCCC[C@H](NC(=O)c1ccccc1)C(=O)N[C@@H](CCCCN)C(=O)N[C@@H](C(N)=O)c1ccc(OCc2ccc(F)cc2)cc1,196.0,
CHEMBL3741958,N=C(N)NCCC[C@H](NC(=O)c1ccccc1)C(=O)N[C@@H](CCCCN)C(=O)N[C@@H](C(N)=O)c1ccc(OCc2ccc(Cl)c(Cl)c2)cc1,177.0,
CHEMBL3740386,N=C(N)NCCC[C@H](NC(=O)c1nccs1)C(=O)N[C@@H](CCCCN)C(=O)N[C@@H](C(N)=O)c1ccc(OCc2c(Cl)cccc2Cl)cc1,50.0,
CHEMBL3335500,N=C(N)NCCC[C@H](NC(=O)c1ccccc1)C(=O)N[C@@H](CCCCN)C(=O)NCCC(N)=O,109300.0,
CHEMBL3335510,N#Cc1ccc(C[C@H](NC(=O)[C@H](CCCCN)NC(=O)[C@H](CCCNC(=N)N)NC(=O)c2ccccc2)C(N)=O)cc1,14400.0,
CHEMBL3335516,CC(C)[C@H](NC(=O)[C@H](CCCCN)NC(=O)[C@H](CCCNC(=N)N)NC(=O)c1ccccc1)C(N)=O,28800.0,
CHEMBL3740808,N=C(N)NCCC[C@H](NC(=O)/C=C/c1ccc(Cl)cc1)C(=O)N[C@@H](CCCCN)C(=O)N[C@@H](C(N)=O)c1ccc(OCc2ccccc2)cc1,721.0,
CHEMBL3739995,N=C(N)NCCC[C@H](NC(=O)c1sccc1Cl)C(=O)N[C@@H](CCCCN)C(=O)N[C@@H](C(N)=O)c1ccc(OCc2ccc(Cl)cc2)cc1,120.0,
CHEMBL4866738,N/C(=N\O)c1cccc(-c2ccc3c(c2)c2cc(-c4cccc(/C(N)=N/O)c4)ccc2n3S(=O)(=O)c2cc(F)cc(Br)c2)c1,17300.0,
CHEMBL4867545,N/C(=N\O)c1cccc(-c2ccc3c(c2)c2cc(-c4cccc(/C(N)=N/O)c4)ccc2n3CC(O)CS(=O)(=O)c2cccc(F)c2)c1,8700.0,
CHEMBL4751746,Cc1ccc(NC(=O)c2ccccc2C(=O)Nc2ccccc2-c2cc(C)n[nH]2)cc1,14100.0,
CHEMBL3741998,N=C(N)NCCC[C@@H](NC(=O)[C@@H](CCCCN)NC(=O)c1ccccc1)C(=O)N[C@@H](C(N)=O)c1ccc(OCc2ccccc2)cc1,,
CHEMBL3739909,Cc1ccc(C(=O)N[C@@H](CCCNC(=N)N)C(=O)N[C@@H](CCCCN)C(=O)N[C@@H](C(N)=O)c2ccc(OCc3ccccc3)cc2)s1,364.0,
CHEMBL429399,NC(=O)c1ncn([C@@H]2O[C@H](CO)[C@@H](O)[C@H]2O)c1C1N=C(N)NC(N)=N1,430000.0,
CHEMBL4752745,O=C(c1cc(-c2ccccc2)c(=O)n2c1sc1ccc(OC3CCCCC3)cc12)N1CCCC(O)C1,1300.0,
CHEMBL4457482,CCCCCCCCCCCCCCCC[N+](CC)(CO)CO.[Br-],22600.0,
CHEMBL4576872,C#CCN1C(=O)[C@]2(CC(=O)Nc3c2nnn3[C@@H](C)c2ccc(Cl)cc2)c2cc(Cl)ccc21,5000.0,
CHEMBL4565921,C[C@@H](c1ccc(Cl)cc1)n1nnc2c1NC(=O)C[C@]21C(=O)N(Cc2cccc(F)c2)c2ccc(Cl)cc21,10000.0,
CHEMBL4534709,COCOCCN1C(=O)[C@]2(CC(=O)Nc3c2nnn3[C@@H](C)c2ccc(Cl)cc2)c2cc(Cl)ccc21,5000.0,
CHEMBL4470346,C[C@@H](c1ccc(Cl)cc1)n1nnc2c1NC(=O)C[C@]21C(=O)N(CCCN2CCCCC2)c2ccc(Cl)cc21,5000.0,
CHEMBL4548448,CCCCCCN1C(=O)[C@]2(CC(=O)Nc3c2nnn3[C@@H](C)c2ccc(Cl)cc2)c2cc(Cl)ccc21,810.0,
CHEMBL4572212,C[C@@H](c1ccc(Cl)cc1)n1nnc2c1NC(=O)C[C@]21C(=O)N(CCO)c2ccc(Cl)cc21,37.0,
CHEMBL4548394,C[C@@H](c1ccc(Cl)cc1)n1nnc2c1NC(=O)C[C@]21C(=O)N(CCCN(C)C)c2ccc(Cl)cc21,25.0,
CHEMBL2440349,CCCC[C@H](NC(=O)[C@H](CCCN)NC(=O)[C@H](CCCNC(=N)N)NC(=O)c1ccc(/C=C2\SC(=O)N(Cc3ccccc3)C2=O)cc1)C(N)=O,26800.0,
CHEMBL2440177,CCCC[C@H](NC(=O)[C@H](CCCCN)NC(=O)[C@H](CCCNC(=N)N)NC(=O)c1ccc(/C=C2\SC(=S)N(CCO)C2=O)cc1)C(N)=O,50000.0,
CHEMBL568276,O=C(O)c1cc(Cl)ccc1NS(=O)(=O)c1cccc(-c2cnn(Cc3ccccc3)c2)c1,2560.0,
CHEMBL4080454,N=C(N)NCCC[C@@H]1NC(=O)[C@H](CCCCN)NC(=O)[C@@H]2CCCN2C(=O)[C@@H](Cc2ccccc2)NC(=O)[C@H](CO)NC(=O)[C@H](CCc2ccccc2)NC(=O)[C@H](CO)NC(=O)[C@H](CCCCN)NC1=O,52000.0,
CHEMBL4067216,C[C@@H]1NC(=O)[C@H](CCc2ccccc2)NC(=O)[C@H](CO)NC(=O)[C@H](CCCCN)NC(=O)[C@H](CCCNC(=N)N)NC(=O)[C@H](CCCCN)NC(=O)CNC(=O)[C@H](c2ccccc2)NC1=O,22200.0,
CHEMBL4093234,C[C@@H]1NC(=O)CNC(=O)[C@H](CO)NC(=O)[C@H](CCCCN)NC(=O)[C@H](CCCNC(=N)N)NC(=O)[C@H](CCCCN)NC(=O)CNC(=O)[C@H](C)NC1=O,57400.0,
CHEMBL4099877,N=C(N)NCCC[C@@H]1NC(=O)[C@H](CCCNC(=N)N)NC(=O)[C@@H](CCCNC(=N)N)NC(=O)[C@@H](Cc2ccc3ccccc3c2)NC(=O)[C@H](Cc2ccccc2)NC(=O)[C@H](CCc2ccccc2)NC(=O)[C@@H](Cc2ccc3ccccc3c2)NC(=O)[C@H](CCCCN)NC1=O,2000.0,
CHEMBL4089740,C[C@@H]1NC[C@H](CCCCN)NC(=O)[C@H](CCCNC(=N)N)NC(=O)[C@H](CCCNC(=N)N)NC(=O)[C@@H](CCCNC(=N)N)NC(=O)[C@@H](Cc2ccccc2)NC(=O)[C@H](Cc2cccc3ccccc23)NC(=O)[C@H](CCc2ccccc2)NC1=O,2100.0,
CHEMBL4081875,N=C(N)NCCC[C@@H]1NC(=O)[C@H](CCCNC(=N)N)NC(=O)[C@@H](CCCNC(=N)N)NC(=O)[C@@H](Cc2ccc3ccccc3c2)NC(=O)[C@H](Cc2ccccc2)NC(=O)[C@H](CCc2ccccc2)NC(=O)[C@@H](Cc2ccccc2)NC(=O)[C@H](CCCCN)NC1=O,1700.0,
CHEMBL4071337,C[C@@H]1NC(=O)[C@H](CCCCN)NC(=O)[C@H](CCCNC(=N)N)NC(=O)[C@H](CCCNC(=N)N)NC(=O)[C@@H](CCCNC(=N)N)NC(=O)[C@@H](Cc2ccccc2)NC(=O)[C@H](Cc2cccc3ccccc23)NC(=O)[C@H](CCc2ccccc2)NC1=O,1700.0,
CHEMBL4099397,N=C(N)NCCC[C@@H]1NC(=O)[C@H](CCCNC(=N)N)NC(=O)[C@@H](CCCNC(=N)N)NC(=O)[C@@H](CCCNC(=N)N)NC(=O)[C@H](CO)NC(=O)[C@H](Cc2ccc(-c3ccccc3)cc2)NC(=O)[C@H](CO)NC(=O)[C@H](CCCCN)NC1=O,2300.0,
CHEMBL4544911,C/C(=N\Nc1ccccc1)c1sc(-c2cc(Cl)nc(Oc3ccc(Cl)cc3)c2)nc1C,1200.0,
CHEMBL3578040,COc1ccc2cc(-c3cn([C@H]4C[C@H](n5cc(C)c(=O)[nH]c5=O)O[C@@H]4CO[Si](C)(C)C(C)(C)C)nn3)ccc2c1,8400.0,
CHEMBL3628277,N=C(N)NCCC[C@H](NC(=O)CCc1ccccc1)C(=O)N[C@@H](CCCCN)C(=O)N[C@H](C(N)=O)c1ccccc1,2700.0,
CHEMBL3765453,COc1ccc(-c2nnc(/C=C/c3ccc(Br)s3)o2)cc1,13700.0,
CHEMBL3765341,Fc1ccc(-c2nnc(/C=C/c3ccc(Br)s3)o2)cc1,16300.0,
CHEMBL3764674,Brc1cccc(-c2nnc(/C=C/c3ccc(Br)s3)o2)c1,9100.0,
CHEMBL3764653,Clc1ccc(-c2nnc(/C=C/c3ccc(Br)s3)o2)cc1,11000.0,
CHEMBL3763814,CC1(C)CC(=O)C2=C(C1)c1c(ccc3ccccc13)NC2c1ccc(-c2ccc(O)c(C(=O)O)c2)o1,17460.0,
CHEMBL3763413,CN(C)c1ccc(-c2nnc(/C=C/c3ccc(Br)s3)o2)cc1,20000.0,
CHEMBL3764674,Brc1cccc(-c2nnc(/C=C/c3ccc(Br)s3)o2)c1,4000.0,
CHEMBL3765469,Clc1ccc(-c2nnc(/C=C/c3ccc(Br)s3)o2)cc1Cl,3500.0,
CHEMBL3764653,Clc1ccc(-c2nnc(/C=C/c3ccc(Br)s3)o2)cc1,10000.0,
CHEMBL3765453,COc1ccc(-c2nnc(/C=C/c3ccc(Br)s3)o2)cc1,,
CHEMBL3764653,Clc1ccc(-c2nnc(/C=C/c3ccc(Br)s3)o2)cc1,7000.0,
CHEMBL3764002,Clc1cc(Cl)cc(-c2nnc(/C=C/c3ccc(Br)s3)o2)c1,9800.0,
CHEMBL1652118,CC(C)[C@@H]1CC[C@@H](C)CC1OCCCCCCN1C[C@H](O)[C@@H](O)[C@H](O)[C@H]1CO,100.0,
CHEMBL4750908,O=C(NCC1(C(=O)O)CC1)c1cc(-c2ccccc2)c(=O)n2c1sc1ccc(OC3CCCCC3)cc12,17800.0,
CHEMBL1631359,Clc1ccc(-c2ccc(-c3ccnc(N4CCNCC4)n3)s2)cc1,90.0,
CHEMBL1630219,C#C[C@@]1(O)[C@H](O)[C@@H](CO)O[C@H]1n1cc(C(N)=O)c2c(N)ncnc21,2610.0,
CHEMBL1630220,C#C[C@@]1(O)[C@H](OC(=O)C(C)C)[C@@H](COC(=O)C(C)C)O[C@H]1n1cc(C(N)=O)c2c(N)ncnc21,690.0,
CHEMBL1630220,C#C[C@@]1(O)[C@H](OC(=O)C(C)C)[C@@H](COC(=O)C(C)C)O[C@H]1n1cc(C(N)=O)c2c(N)ncnc21,710.0,
CHEMBL1630221,C#C[C@@]1(O)[C@H](O)[C@@H](CO)O[C@H]1n1ccc2c(N)ncnc21,1640.0,
CHEMBL4865561,NCCCC[C@H](NC(=O)[C@@H](NC(=O)c1ccccc1)c1ccc(OCc2ccccc2)cc1)C(=O)N[C@@H](C(N)=O)c1ccc(OCc2ccccc2)cc1,6600.0,
CHEMBL3339389,Cc1ccc(NC(=O)c2nc[nH]c2C(=O)Nc2ccc(F)cc2)c(-c2ccsc2)c1,48750.0,
CHEMBL3339391,Cc1ccc(NC(=O)c2[nH]cnc2C(=O)Nc2ccc(C)cc2-c2ccsc2)cc1,2020.0,
CHEMBL3339407,Cc1ccc(NC(=O)c2nccnc2C(=O)Nc2ccccc2-c2cccnc2)cc1,14560.0,
CHEMBL4784304,O=C(O)C1CCCN(C(=O)c2cc(-c3ccccc3)c(=O)n3c2sc2ccc(OC4CCCCC4)cc23)C1,,
CHEMBL4756887,O=C(O)C1CCN(C(=O)c2cc(-c3ccccc3)c(=O)n3c2sc2ccc(OC4CCCCC4)cc23)C1,6400.0,
CHEMBL3810019,O=C(O)Cc1cc(CC(=O)O)cc(-c2cccc(Cl)c2)c1,141000.0,
CHEMBL3808465,O=C(O)Cc1cc(CC(=O)O)cc(-c2ccccc2)c1,177000.0,
CHEMBL4159714,NS(=O)(=O)c1ccc(N2N=C(c3ccc(Oc4ccccc4)cc3)CC2c2ccc(F)cc2)cc1,9000.0,
CHEMBL4549312,CC(C)(C)OC(=O)NC1C(=O)NC2Cc3ccc(c(Cl)c3)Oc3cc4cc(c3O)Oc3ccc(cc3Cl)C(O)C3NC(=O)C(NC(=O)C4NC(=O)C(NC2=O)c2cc(O)cc(c2)Oc2cc1ccc2O)c1ccc(O)c(c1)-c1c(O)cc(O)cc1C(C(=O)NC12CC4CC(CC(C4)C1)C2)NC3=O,6900.0,
CHEMBL4468127,CC[C@H](C)[C@H](NC(=O)[C@H](Cc1c[nH]c2ccccc12)NC(=O)[C@@H](NC(=O)[C@H](CCC(=O)O)NC(=O)[C@@H](NC(=O)[C@H](CCCNC(=N)N)NC(=O)[C@H](CCC(N)=O)NC(=O)[C@@H](NC(=O)[C@H](Cc1cnc[nH]1)NC(=O)[C@H](CCCCN)NC(=O)[C@H](Cc1c[nH]c2ccccc12)NC(=O)[C@H](C)NC(=O)CNC(=O)[C@H](CCC(=O)O)NC(=O)[C@H](CO)NC(=O)[C@H](CO)NC(=O)[C@H](CCSC)NC(=O)[C@H](Cc1c[nH]c2ccccc12)NC(=O)[C@@H](NC(=O)[C@H](CCC(=O)O)NC(=O)[C@@H](NC(=O)[C@H](CCCNC(=N)N)NC(=O)[C@@H](NC(=O)[C@H](CCC(=O)O)NC(=O)[C@H](CC(C)C)NC(=O)CNC(=O)[C@H](CCSC)NC(=O)CNC(=O)[C@@H](NC(=O)[C@H](Cc1cnc[nH]1)NC(=O)[C@@H]1CCCN1C(=O)[C@@H](NC(=O)[C@H](CC(C)C)NC(=O)[C@H](C)NC(=O)[C@@H](NC(=O)[C@@H](N)CO)C(C)C)C(C)C)C(C)C)[C@@H](C)O)[C@@H](C)O)[C@@H](C)O)C(C)C)[C@@H](C)CC)[C@H](C)O)C(=O)N[C@@H](CC(C)C)C(=O)N[C@@H](CCCNC(=N)N)C(=O)N[C@@H](Cc1cnc[nH]1)C(=O)N1CCC[C@H]1C(=O)NCC(=O)O,24000.0,
CHEMBL3426543,O=C1C[C@]2(C(=O)Nc3ccc(Cl)cc32)c2cnn(Cc3ccc(Cl)cc3)c2N1,10.0,
CHEMBL3426543,O=C1C[C@]2(C(=O)Nc3ccc(Cl)cc32)c2cnn(Cc3ccc(Cl)cc3)c2N1,20.0,
CHEMBL4542495,CCCCCCCCCCN1[C@H](CO)[C@@H](O)[C@H](O)[C@H]1CNC(=O)C1Cc2ccccc21,4700.0,
CHEMBL4451009,CC#CCN1C(=O)[C@]2(CC(=O)Nc3c2nnn3[C@@H](C)c2ccc(Cl)cc2)c2cc(Cl)ccc21,5000.0,
CHEMBL4519498,COCCCN1C(=O)C[C@]2(C(=O)Nc3ccc(Cl)cc32)c2nnn([C@@H](C)c3ccc(Cl)cc3)c21,10000.0,
CHEMBL4572212,C[C@@H](c1ccc(Cl)cc1)n1nnc2c1NC(=O)C[C@]21C(=O)N(CCO)c2ccc(Cl)cc21,5000.0,
CHEMBL4571778,C[C@@H](c1ccc(Cl)cc1)n1nnc2c1NC(=O)C[C@]21C(=O)N(CCN2CCOCC2)c2ccc(Cl)cc21,5000.0,
CHEMBL4436766,CNCCN1C(=O)[C@]2(CC(=O)Nc3c2nnn3[C@@H](C)c2ccc(Cl)cc2)c2cc(Cl)ccc21,5000.0,
CHEMBL4548394,C[C@@H](c1ccc(Cl)cc1)n1nnc2c1NC(=O)C[C@]21C(=O)N(CCCN(C)C)c2ccc(Cl)cc21,5000.0,
CHEMBL4521110,C[C@@H](c1ccc(Cl)cc1)n1nnc2c1NC(=O)C[C@]21C(=O)N(CC2CC2)c2ccc(Cl)cc21,110.0,
CHEMBL4435899,CC(C)N1C(=O)[C@]2(CC(=O)N(C(C)C)c3c2nnn3[C@@H](C)c2ccc(Cl)cc2)c2cc(Cl)ccc21,10000.0,
CHEMBL4447223,C[C@@H](c1ccc(Cl)cc1)n1nnc2c1NC(=O)C[C@]21C(=O)N(CCN2CCCCC2)c2ccc(Cl)cc21,74.0,
CHEMBL4574618,C[C@@H](c1ccc(Cl)cc1)n1nnc2c1NC(=O)C[C@]21C(=O)N(CCCCCCN(C)C)c2ccc(Cl)cc21,900.0,
CHEMBL4528243,C[C@@H](c1ccc(Cl)cc1)n1nnc2c1NC(=O)C[C@@]21C(=O)N(CCOC(=O)CCCCCCCNC(=O)CCCC[C@@H]2SC[C@@H]3NC(=O)N[C@@H]32)c2ccc(Cl)cc21,5000.0,
CHEMBL4435899,CC(C)N1C(=O)[C@]2(CC(=O)N(C(C)C)c3c2nnn3[C@@H](C)c2ccc(Cl)cc2)c2cc(Cl)ccc21,1500.0,
CHEMBL4476758,C[C@@H](c1ccc(Cl)cc1)n1nnc2c1NC(=O)C[C@]21C(=O)N(Cc2ccc(Cl)cc2)c2ccc(Cl)cc21,200.0,
CHEMBL4471937,C[C@@H](c1ccc(Cl)cc1)n1nnc2c1NC(=O)C[C@]21C(=O)N(CCCCCl)c2ccc(Cl)cc21,19.0,
CHEMBL4436766,CNCCN1C(=O)[C@]2(CC(=O)Nc3c2nnn3[C@@H](C)c2ccc(Cl)cc2)c2cc(Cl)ccc21,22.0,
CHEMBL4513651,C[C@@H](c1ccc(Cl)cc1)n1nnc2c1NC(=O)C[C@]21C(=O)N(CCCCCCCCN(C)C)c2ccc(Cl)cc21,42.0,
CHEMBL4528243,C[C@@H](c1ccc(Cl)cc1)n1nnc2c1NC(=O)C[C@@]21C(=O)N(CCOC(=O)CCCCCCCNC(=O)CCCC[C@@H]2SC[C@@H]3NC(=O)N[C@@H]32)c2ccc(Cl)cc21,5000.0,
CHEMBL4451009,CC#CCN1C(=O)[C@]2(CC(=O)Nc3c2nnn3[C@@H](C)c2ccc(Cl)cc2)c2cc(Cl)ccc21,5000.0,
CHEMBL4470681,C[C@@H](c1ccc(Cl)cc1)n1nnc2c1NC(=O)C[C@]21C(=O)N(Cc2ccc(F)cc2)c2ccc(Cl)cc21,10000.0,
CHEMBL4452845,C[C@@H](c1ccc(Cl)cc1)n1nnc2c1NC(=O)C[C@]21C(=O)N(Cc2ccncc2)c2ccc(Cl)cc21,5000.0,
CHEMBL4554332,C[C@@H](c1ccc(Cl)cc1)n1nnc2c1NC(=O)C[C@]21C(=O)N(CCCBr)c2ccc(Cl)cc21,3200.0,
CHEMBL4446551,CC(C)CCN1C(=O)[C@]2(CC(=O)Nc3c2nnn3[C@@H](C)c2ccc(Cl)cc2)c2cc(Cl)ccc21,123.0,
CHEMBL4446551,CC(C)CCN1C(=O)[C@]2(CC(=O)Nc3c2nnn3[C@@H](C)c2ccc(Cl)cc2)c2cc(Cl)ccc21,1960.0,
CHEMBL4446551,CC(C)CCN1C(=O)[C@]2(CC(=O)Nc3c2nnn3[C@@H](C)c2ccc(Cl)cc2)c2cc(Cl)ccc21,130.0,
CHEMBL4094662,C[C@@H]1NC(=O)[C@H](C)NC(=O)[C@H](CCc2ccccc2)NC(=O)[C@H](CO)NC(=O)[C@H](CCCCN)NC(=O)[C@H](CCCNC(=N)N)NC(=O)[C@H](CCCCN)NC(=O)CNC1=O,18400.0,
CHEMBL3628485,N=C(N)Nc1ccc(C[C@H](NC(=O)CCc2ccccc2)C(=O)N[C@@H](CCCCN)C(=O)N[C@H](C(N)=O)c2ccccc2)cc1,890.0,
CHEMBL3739438,N=C(N)NCCC[C@H](NC(=O)c1ccccc1)C(=O)N[C@@H](CCCCN)C(=O)N[C@@H](C(N)=O)c1ccc(OCc2ccc(OC(F)(F)F)cc2)cc1,182.0,
CHEMBL3741832,COc1cccc(COc2ccc([C@@H](NC(=O)[C@H](CCCCN)NC(=O)[C@H](CCCNC(=N)N)NC(=O)c3nccs3)C(N)=O)cc2)c1,47.0,
CHEMBL3741143,N=C(N)NCCC[C@H](NC(=O)c1cccs1)C(=O)N[C@@H](CCCCN)C(=O)N[C@@H](C(N)=O)c1ccc(OCC(=O)c2ccc(Br)cc2)cc1,148.0,
CHEMBL1458891,Cc1ccc(C2=NC(=O)/C(=C/c3cc(O)c(O)c(Br)c3)S2)cc1,2940.0,
CHEMBL3628258,NCCCC[C@H](NC(=O)[C@H](Cc1ccc(N)cc1)NC(=O)c1ccccc1)C(=O)N[C@H](C(N)=O)c1ccccc1,,
CHEMBL3764522,FC(F)(F)c1ccc(-c2nnc(/C=C/c3ccc(-c4ccccc4)s3)o2)cc1,,
CHEMBL3763966,Clc1ccc(-c2noc(/C=C/c3ccc(Br)s3)n2)cc1,5000.0,
CHEMBL4471499,N#C/C(=N\Nc1cccc(Cl)c1)C(=O)c1ccco1,15000.0,
CHEMBL5290213,CC(C)(C)OC(=O)NNc1ccn([C@@H]2O[C@H](CO)[C@@H](O)[C@H]2O)c(=O)n1,100000.0,
CHEMBL4848338,FC(F)(F)c1cccc(Nc2nc(NCCOc3ccccc3)nc3[nH]cnc23)c1,900.0,
CHEMBL1491479,CCn1c2ccccc2c2cc(NC(=O)Nc3ccc([N+](=O)[O-])cc3C)ccc21,38000.0,
CHEMBL3764041,Fc1ccc(-c2nnc(/C=C/c3ccc(-c4ccccc4)s3)o2)cc1,17400.0,
CHEMBL5269849,CCOC(=O)[C@H](Cc1ccccc1)Nc1ccn([C@@H]2O[C@H](CO)[C@@H](O)[C@H]2O)c(=O)n1,100000.0,
CHEMBL2440354,CCCC[C@H](NC(=O)[C@H](CCCCN)NC(=O)[C@H](CCCNC(=N)N)NC(=O)c1ccc(/C=C2\SC(=O)N(C3CCCCC3)C2=O)cc1)C(N)=O,3400.0,
CHEMBL2440353,CCCC[C@H](NC(=O)[C@H](CCCCN)NC(=O)[C@H](CCCNC(=N)N)NC(=O)c1ccc(/C=C2\SC(=O)N(C3CCCC3)C2=O)cc1)C(N)=O,2500.0,
CHEMBL2440352,CCCC[C@H](NC(=O)[C@H](CCCCN)NC(=O)[C@H](CCCNC(=N)N)NC(=O)c1ccc(/C=C2\SC(=O)N(CCCC)C2=O)cc1)C(N)=O,3500.0,
CHEMBL584918,O=C(O)c1ccc(F)cc1NS(=O)(=O)c1cccc(-c2cnn(Cc3ccccc3)c2)c1,370.0,
CHEMBL583732,CC1=NN(c2cccc(S(=O)(=O)Nc3ccccc3C(=O)O)c2)CC1=O,7200.0,
CHEMBL4793507,Cc1ccc(NC(=O)c2ccccc2C(=O)Nc2ccc(F)cc2)c(-c2ccsc2)c1,3000.0,
CHEMBL4797906,Cc1ccc(NC(=O)c2ccccc2C(=O)Nc2ccc(F)cc2)c(-c2cc(C)n[nH]2)c1,500.0,
CHEMBL4785973,O=C(NCc1ccc(-c2ccsc2)cc1)c1nccnc1C(=O)Nc1ccc(F)cc1,116000.0,
CHEMBL1259059,CC(C)OC(=O)[C@H](C)N[P@](=O)(OC[C@H]1O[C@@H](n2ccc(=O)[nH]c2=O)[C@](C)(F)[C@@H]1O)Oc1ccccc1,1200.0,
CHEMBL4173795,NS(=O)(=O)c1ccc(N2N=C(c3ccc(Oc4ccccc4)cc3)CC2c2ccc(Cl)cc2)cc1,8000.0,
CHEMBL4164614,NS(=O)(=O)c1ccc(N2N=C(c3ccc(OCc4ccccc4)cc3)CC2c2ccccc2F)cc1,90000.0,
CHEMBL4165746,NS(=O)(=O)c1ccc(N2N=C(c3ccc(OCc4ccccc4)cc3)CC2c2ccccc2Cl)cc1,12000.0,
CHEMBL3341815,COC(=O)N[C@H](C(=O)N1CCC[C@@H]1c1ncc(C#CC#Cc2ccc(-c3cnc([C@H]4CCCN4C(=O)[C@@H](NC(=O)OC)C(C)C)[nH]3)cc2)[nH]1)C(C)C.Cl,28400.0,
CHEMBL4790164,Cc1ccc(NC(=O)c2ccccc2C(=O)NCc2ccc(-c3ccsc3)cc2)cc1,13800.0,
CHEMBL1730344,CC(=O)Nc1ccc(NC(=O)c2ccccc2Br)cc1,8701.0,
CHEMBL3974288,CC(C)(C)c1ccc(C(=O)N[C@@H](Cc2ccc(NC(=N)N)cc2)C(=O)N[C@@H](CCCNC(=N)N)B(O)O)cc1,110.0,
CHEMBL3628261,N=C(N)c1ccc(C[C@H](NC(=O)c2ccccc2)C(=O)N[C@@H](CCCCN)C(=O)N[C@H](C(N)=O)c2ccccc2)cc1,440.0,
CHEMBL4210136,COc1cc(NC(C(=O)c2c[nH]c3ccccc23)c2ccccc2)cc(OCCCO)c1,85.0,
CHEMBL3628209,NCCCC[C@H](NC(=O)[C@H](Cc1ccncc1)NC(=O)c1ccccc1)C(=O)N[C@H](C(N)=O)c1ccccc1,,
CHEMBL3628260,NCCCC[C@H](NC(=O)[C@H](Cc1ccc(CN)cc1)NC(=O)c1ccccc1)C(=O)N[C@H](C(N)=O)c1ccccc1,4320.0,
CHEMBL3764461,COc1cccc(-c2nnc(/C=C/c3ccc(Br)s3)o2)c1,,
CHEMBL2440346,CCCC[C@H](NC(=O)[C@H](CCCCN)NC(=O)[C@H](CCCNC(=N)N)NC(=O)c1ccc(/C=C2\SC(=O)N(Cc3ccc(Cl)cc3)C2=O)cc1)C(N)=O,3200.0,
CHEMBL2440344,CCCC[C@H](NC(=O)[C@H](CCCCN)NC(=O)[C@H](CCCNC(=N)N)NC(=O)c1ccc(/C=C2\SC(=O)N(Cc3ccc(OC)cc3)C2=O)cc1)C(N)=O,3300.0,
CHEMBL1630219,C#C[C@@]1(O)[C@H](O)[C@@H](CO)O[C@H]1n1cc(C(N)=O)c2c(N)ncnc21,2270.0,
CHEMBL1630219,C#C[C@@]1(O)[C@H](O)[C@@H](CO)O[C@H]1n1cc(C(N)=O)c2c(N)ncnc21,4760.0,
CHEMBL1630220,C#C[C@@]1(O)[C@H](OC(=O)C(C)C)[C@@H](COC(=O)C(C)C)O[C@H]1n1cc(C(N)=O)c2c(N)ncnc21,850.0,
CHEMBL574855,CN(CCCNC(=O)c1ccc(O)cc1)CCCNC(=O)c1ccc(O)cc1,2000000.0,
CHEMBL1585352,COc1ccccc1NC(=O)Cc1c(F)cccc1Cl,70807.0,
CHEMBL1613662,Cc1cc([N+](=O)[O-])ccc1NC(=O)CSc1nncn1-c1cccnc1,112219.0,
CHEMBL3210276,COc1cccc(/C=N/NC(=O)C(=O)N/N=C/c2cccc(OC)c2OC)c1OC,112219.0,
CHEMBL1971142,O=C(O)c1ccc(N/N=C/c2ccc3c(c2)OCO3)cc1,88.0,
CHEMBL1574393,CC(N)Cc1ccccc1Sc1ccc(O)cc1.O=C(O)C(=O)O,112219.0,
CHEMBL1584812,Cn1c(=O)c2c(nc(SCCN3CCOCC3)n2Cc2ccccc2Cl)n(C)c1=O,112219.0,
CHEMBL3740901,N=C(N)NCCC[C@H](NC(=O)c1ccc(F)cc1)C(=O)N[C@@H](CCCCN)C(=O)N[C@@H](C(N)=O)c1ccc(OCc2ccccc2)cc1,639.0,
CHEMBL3740043,N=C(N)NCCC[C@H](NC(=O)c1cc2ccccc2s1)C(=O)N[C@@H](CCCCN)C(=O)N[C@@H](C(N)=O)c1ccc(OCc2ccccc2)cc1,451.0,
CHEMBL3740324,N=C(N)NCCC[C@H](NC(=O)c1ccccc1)C(=O)N[C@@H](CCCCN)C(=O)N[C@@H](C(N)=O)c1ccc(OCc2ccccc2Br)cc1,366.0,
CHEMBL3741812,N=C(N)NCCC[C@H](NC(=O)CCc1ccccc1)C(=O)N[C@@H](CCCCN)C(=O)N[C@@H](C(N)=O)c1ccc(OCc2ccccc2)cc1,906.0,
CHEMBL3763981,O=C(/C=C/c1ccc(-c2ccccc2)s1)Nc1cccc(Cl)c1,400.0,
CHEMBL1560434,NC(=NOC(=O)c1ccccc1Cl)c1nonc1N,4536.0,
CHEMBL1464645,Br.Cc1ccc2nc(-c3ccccc3)cn2c1,2177.0,
CHEMBL1543209,COc1ccc(NC(=O)CNC(=O)c2ccc([N+](=O)[O-])cc2)cc1,15408.0,
CHEMBL1543337,Cc1ccc(-c2cc3c(N=O)c4ccccc4c-3[nH]n2)cc1,3046.0,
CHEMBL1533727,Cl.OCCN1CCN(CC(O)COc2ccc(Cl)cc2)CC1,112219.0,
CHEMBL1386762,Cn1c(=O)oc2cc(S(=O)(=O)N3CCN(c4cccc(Cl)c4)CC3)ccc21,112219.0,
CHEMBL1591222,COc1ccc(C(=O)Nc2ccc3[nH]ccc3c2)cc1,5605.0,
CHEMBL1482896,CC(C)(C)OC(=O)Nc1ncnc2c1ncn2C1OC(CO)C2OC(C)(C)OC21,112219.0,
CHEMBL1377229,COc1ccc(NC(=O)CCc2c[nH]c3ccccc23)cc1S(=O)(=O)N1CCOCC1,13665.0,
CHEMBL3192372,Oc1ccc(/C=N/Nc2cccc(Cl)n2)c(O)c1,1389.0,
CHEMBL1561343,O=C(Nc1ccc(Cl)cn1)c1ccc(-c2ccc(Cl)c(Cl)c2)o1,112219.0,
CHEMBL1387417,CSCCC1NC(=O)N(CC(=O)Nc2ccc(Br)cc2Br)C1=O,112219.0,
CHEMBL1534513,Cc1nc2sccn2c(=O)c1S(=O)(=O)NCC(C)c1ccccc1,112219.0,
CHEMBL1450797,CCOc1ccc(C(=O)O/N=C(\N)c2ccccn2)cc1,499.0,
CHEMBL1427156,CN1C2CCC1CC(NC(=O)CSc1ccc(Cl)cc1)C2,112219.0,
CHEMBL1986852,C=CCn1cc(/C=N/Nc2nc3ccccc3[nH]2)c2ccccc21,112219.0,
CHEMBL1495483,COc1ccc(NC(=O)c2cccs2)cc1,18585.0,
CHEMBL1600454,Cc1ccc(SC(C)C(=O)Nc2ccccc2C(=O)N2CCOCC2)cc1,112219.0,
CHEMBL3209179,O=c1oc2ccccc2c(O)c1/C=N/c1ccccn1,112219.0,
CHEMBL1515601,COc1cc(OC)c(NC(=O)c2cc(S(=O)(=O)N3CCOCC3)cn2C)cc1Cl,112219.0,
CHEMBL3792779,CC(=O)O[C@@H]1C[C@H]2C(=O)C=C3[C@H](CC[C@]4(C)[C@@H]([C@@](C)(O)[C@H](O)CCC(C)(C)O)CC[C@@]34O)[C@@]2(C)C[C@@H]1O,87340.0,
CHEMBL4862353,NCc1ccc(-c2ncc(NCC3CCNCC3)nc2-c2ccc(-c3ccoc3)cc2)cc1,290.0,
CHEMBL3628262,N=C(N)Nc1ccc(C[C@H](NC(=O)c2ccccc2)C(=O)N[C@@H](CCCCN)C(=O)N[C@H](C(N)=O)c2ccccc2)cc1,580.0,
CHEMBL3765813,Clc1cccc(-c2nnc(/C=C/c3ccc(-c4ccccc4)s3)o2)c1,20000.0,
CHEMBL4175245,NS(=O)(=O)c1ccc(N2N=C(c3ccc(OCc4ccccc4)cc3)CC2c2cccc(F)c2)cc1,11000.0,
CHEMBL4453301,Cc1ccc(S(=O)(=O)N2CCCC[C@H]2C(=O)Nc2nc3cc(O)c(O)cc3s2)cc1,13000.0,
CHEMBL4096946,N=C(N)NCCC[C@@H]1NC(=O)[C@H](CCCCN)NC(=O)[C@H]2CCCN2C(=O)[C@@H](Cc2ccccc2)NC(=O)[C@H](CO)NC(=O)[C@H](Cc2ccc(-c3ccccc3)cc2)NC(=O)[C@H](CO)NC(=O)[C@H](CCCCN)NC1=O,293000.0,
CHEMBL4081376,N=C(N)NCCC[C@@H]1NC(=O)[C@H](CCCNC(=N)N)NC(=O)[C@@H](CCCNC(=N)N)NC(=O)[C@@H](Cc2ccccc2)NC(=O)[C@H](Cc2cccc3ccccc23)NC(=O)[C@H](CCc2ccccc2)NC(=O)[C@H](CO)NC(=O)[C@H](CCCCN)NC1=O,1600.0,
CHEMBL4096946,N=C(N)NCCC[C@@H]1NC(=O)[C@H](CCCCN)NC(=O)[C@H]2CCCN2C(=O)[C@@H](Cc2ccccc2)NC(=O)[C@H](CO)NC(=O)[C@H](Cc2ccc(-c3ccccc3)cc2)NC(=O)[C@H](CO)NC(=O)[C@H](CCCCN)NC1=O,3800.0,
CHEMBL4104678,N=C(N)NCCC[C@@H]1NC(=O)[C@H](CCCCN)NC(=O)[C@H]2CCCN2C(=O)[C@@H](Cc2ccccc2)NC(=O)[C@H](CO)NC(=O)[C@H](CCc2ccccc2)NC(=O)[C@H](CO)NC(=O)[C@H](CCCCN)NC1=O,950.0,
CHEMBL4097128,C[C@@H]1NC(=O)[C@H](CCc2ccccc2)NC(=O)[C@H](CO)NC(=O)[C@H](CCCCN)NC(=O)[C@H](CCCNC(=N)N)NC(=O)[C@H](CCCCN)NC(=O)CNC(=O)[C@H](CCc2ccccc2)NC1=O,25600.0,
CHEMBL4089853,C[C@@H]1NC(=O)[C@H](CS)NC(=O)[C@H](Cc2ccccc2)NC(=O)[C@H](CO)NC(=O)[C@H](CCCCN)NC(=O)[C@H](CCCNC(=N)N)NC(=O)[C@H](CCCCN)NC(=O)CNC1=O,39300.0,
CHEMBL4857936,CNc1nc(Nc2cccc(F)c2)c2nc[nH]c2n1,9300.0,
CHEMBL4870033,COC(=O)c1cccc(Nc2nc(NCCOc3ccccc3)nc3[nH]cnc23)c1,,
CHEMBL4868219,Fc1cccc(Nc2nc(NCCOc3ccccc3)c3nc[nH]c3n2)c1,,
CHEMBL4847429,Fc1cccc(NNc2nc(NCCOc3ccccc3)nc3[nH]cnc23)c1,3400.0,
CHEMBL4858411,CNc1nc(Nc2cccc(C(F)(F)F)c2)c2nc[nH]c2n1,4900.0,
CHEMBL3763966,Clc1ccc(-c2noc(/C=C/c3ccc(Br)s3)n2)cc1,8500.0,
CHEMBL1652113,OC[C@@H]1[C@@H](O)[C@H](O)[C@@H](O)CN1CCCCCC1(O)CCCCC1,4000.0,
CHEMBL1631359,Clc1ccc(-c2ccc(-c3ccnc(N4CCNCC4)n3)s2)cc1,41.0,
CHEMBL1631361,Clc1ccc(-c2ccc(-c3nc(NCc4cccnc4)nc4ccccc34)s2)cc1,198.0,
CHEMBL3739908,COc1cccc(COc2ccc([C@@H](NC(=O)[C@H](CCCCN)NC(=O)[C@H](CCCNC(=N)N)NC(=O)c3ccccc3)C(N)=O)cc2)c1,147.0,
CHEMBL3740285,CC(C)(C)c1ccc(COc2ccc([C@@H](NC(=O)[C@H](CCCCN)NC(=O)[C@H](CCCNC(=N)N)NC(=O)c3ccccc3)C(N)=O)cc2)cc1,173.0,
CHEMBL3739794,N=C(N)NCCC[C@H](NC(=O)c1cscn1)C(=O)N[C@@H](CCCCN)C(=O)N[C@@H](C(N)=O)c1ccc(OCc2ccccc2)cc1,173.0,
CHEMBL3739881,N=C(N)NCCC[C@H](NC(=O)c1cc2ccsc2s1)C(=O)N[C@@H](CCCCN)C(=O)N[C@@H](C(N)=O)c1ccc(OCc2ccccc2)cc1,505.0,
CHEMBL3742169,N=C(N)NCCC[C@H](NC(=O)c1cc2sccc2s1)C(=O)N[C@@H](CCCCN)C(=O)N[C@@H](C(N)=O)c1ccc(OCc2ccccc2)cc1,401.0,
CHEMBL3741829,N=C(N)NCCC[C@H](NC(=O)c1sccc1-n1cccc1)C(=O)N[C@@H](CCCCN)C(=O)N[C@@H](C(N)=O)c1ccc(OCc2ccccc2)cc1,322.0,
CHEMBL1564677,COC(=O)C(C)Sc1nc2c(c(=O)[nH]c(=O)n2C)n1CCCc1ccccc1,6523.0,
CHEMBL1497635,CC(C)S(=O)(=O)c1csc(C(=O)Nc2ccc(F)cc2)c1N,701.0,
CHEMBL1575708,O=C(/C=C/Nc1ccc(F)cc1F)c1ccco1,4355.0,
CHEMBL1477575,CC(=O)Nc1ccc2nc(NC(=O)c3cccs3)sc2c1,6271.0,
CHEMBL3209305,Cc1ccc(N/N=C/c2ccc3c(c2)OCCO3)cc1Cl,20981.0,
CHEMBL1340293,CCn1c(O)c(N=NC(=O)c2ccc(CSc3nncn3C)cc2)c2ccccc21,112219.0,
CHEMBL1340312,COc1cccc(C(=O)NCc2nnc(SCC(=O)Nc3nccs3)n2-c2ccccc2)c1,112219.0,
CHEMBL1576260,Cc1cc(C)c2c(N=NN3CCOCC3)[nH]nc2n1,112219.0,
CHEMBL1330633,Cn1c(CN2CCCC2)nc2cc(NC(=O)COc3ccccc3)ccc21,112219.0,
CHEMBL3209094,N#Cc1ccc(/C=N/NC(=O)CCc2ccc(S(=O)(=O)N3CCOCC3)cc2)cc1,112219.0,
CHEMBL1380496,Oc1nc2cc3c(cc2cc1CN(CCc1ccccc1)Cc1nnnn1C1CCCC1)OCCO3,112219.0,
CHEMBL1300772,COc1ccc(C(=O)Nc2ccccc2C(=O)Nc2cccnc2)cc1,6593.0,
CHEMBL1380733,COc1ccc(NC(=O)c2cccc(OC(F)F)c2)cc1Cl,18247.0,
CHEMBL1567031,CC(=O)c1c(C)nc2nonc2c1N,26582.0,
CHEMBL1459448,Cc1cccc(OCC(=O)Nc2nc[nH]n2)c1C,112219.0,
CHEMBL1301241,COc1ccc(S(=O)(=O)NCC(c2cccnc2)N2CCN(C)CC2)cc1C,112219.0,
CHEMBL1595632,Cc1nc2cc(-c3ccccc3)sc2c(=O)n1N,365.0,
CHEMBL1556928,CCOC(=O)C1=C(O)/C(=C/c2cc(OC)c(OC)c(OC)c2)N=C1C,112219.0,
CHEMBL1360469,Cc1cc(F)ccc1NC(=O)c1cc(S(=O)(=O)N2CCOCC2)cn1C,112219.0,
CHEMBL3195435,COc1cccc(/C=N/Nc2ccc(S(=O)(=O)[O-])cc2)c1O.[K+],3135.0,
CHEMBL1460127,Cc1cc(O)nc2ccc(S(=O)(=O)NC3CCCCC3)cc12,3551.0,
CHEMBL1396887,Cn1cc(S(=O)(=O)N2CCCC2)cc1C(=O)NCCc1ccccc1,112219.0,
CHEMBL1490104,COc1ccc(-c2nc(-c3ccc(Br)cc3)no2)c(OC)c1,112219.0,
CHEMBL3190812,COc1cccc(C(=O)/C=C/Nc2cccc(O)c2)c1,2070.0,
CHEMBL1411861,COc1ccc(N(C(=O)c2ccc(F)cc2)C2=CC3CCC(C2)N3C)cc1.Cl,112219.0,
CHEMBL1360741,COc1cc(NC(=S)N2CCN(C/C=C/c3ccccc3)CC2)cc(OC)c1,112219.0,
CHEMBL1342038,Cn1c(N=Nc2ccccc2)nc2ccccc21,1784.0,
CHEMBL3198412,COc1cc(N/N=C/c2ccc(N(C)C)cc2)ncn1,989.0,
CHEMBL3198870,COc1ccc(/C=N/Nc2ncccc2[N+](=O)[O-])c(OC)c1,2568.0,
CHEMBL1439909,Cc1ccsc1C(=O)Nc1nc2ccccc2[nH]1,4706.0,
CHEMBL1382202,CCOC(=O)c1c(-c2ccc(C)o2)csc1N,112219.0,
CHEMBL3210084,Cc1ccsc1/C=N/N1CCN(C2c3ccccc3-c3ccccc32)CC1,112219.0,
CHEMBL3191859,C/C(=N\NC(=O)c1ccc(NS(=O)(=O)c2cccs2)cc1)c1ccc2ccccc2c1,112219.0,
CHEMBL4452557,C[C@@H](c1ccc(Cl)cc1)n1nnc2c1NC(=O)C[C@]21C(=O)N(Cc2ccc(Cl)c(F)c2)c2ccc(Cl)cc21,290.0,
CHEMBL4591166,C[C@@H](c1ccc(Cl)cc1)n1nnc2c1NC(=O)C[C@]21C(=O)N(Cc2cc(C(C)(C)C)cc(C(C)(C)C)c2)c2ccc(Cl)cc21,5900.0,
CHEMBL4548394,C[C@@H](c1ccc(Cl)cc1)n1nnc2c1NC(=O)C[C@]21C(=O)N(CCCN(C)C)c2ccc(Cl)cc21,1.0,
CHEMBL4548448,CCCCCCN1C(=O)[C@]2(CC(=O)Nc3c2nnn3[C@@H](C)c2ccc(Cl)cc2)c2cc(Cl)ccc21,5000.0,
CHEMBL4452557,C[C@@H](c1ccc(Cl)cc1)n1nnc2c1NC(=O)C[C@]21C(=O)N(Cc2ccc(Cl)c(F)c2)c2ccc(Cl)cc21,1500.0,
CHEMBL4565921,C[C@@H](c1ccc(Cl)cc1)n1nnc2c1NC(=O)C[C@]21C(=O)N(Cc2cccc(F)c2)c2ccc(Cl)cc21,5000.0,
CHEMBL4447821,COc1cc(CN2C(=O)[C@]3(CC(=O)Nc4c3nnn4[C@@H](C)c3ccc(Cl)cc3)c3cc(Cl)ccc32)cc(OC)c1,790.0,
CHEMBL4453707,C[C@@H](c1ccc(Cl)cc1)n1nnc2c1NC(=O)C[C@]21C(=O)Nc2ccc(Cl)cc21,5000.0,
CHEMBL3275868,O=C1C(=Cc2ccc(O)cc2)C(=O)c2ccccc21,46570.0,
CHEMBL4561419,N=C(N)NCCC[C@H](NC(=O)c1ccccc1)C(=O)N[C@@H](CCCCN)C(=O)N[C@@H](C(=O)N[C@@H]1CN(c2cccc(F)c2)C1=O)c1ccc(OCc2ccccc2)cc1,12400.0,
CHEMBL2042323,Nc1nc(N)c2c(OC3CCCCC3)cccc2n1,130.0,
CHEMBL1581676,Cc1ccccc1CCNC(=O)C1CCN(S(=O)(=O)c2ccc(-n3cnnn3)cc2)CC1,112219.0,
CHEMBL1315633,Nc1ncnc2c1ncn2[C@@H]1O[C@H](COP(=O)(O)O)[C@@H](O)[C@H]1O.O,1130.0,
CHEMBL1581845,CC1(C)CC(=O)C=C(NC2=CC3OC(c4ccccc4)OCC3OC2=O)C1,14777.0,
CHEMBL1364037,CN1CCSc2ccc(C(=O)NCc3ccccc3F)cc21,112219.0,
CHEMBL1572731,CCOc1ccc(N2C(=O)CC(Sc3nc4ccc(OCC)cc4s3)C2=O)cc1,112219.0,
CHEMBL1582337,CCc1ccc(C(=O)Nc2cccc(-c3nn[nH]n3)c2)s1,112219.0,
CHEMBL1504553,Cc1cccc(OCC(=O)N2CCN(C(=O)c3cccs3)CC2)c1,112219.0,
CHEMBL1455326,CC1CCN(C(=O)C2CCN(CC(C)c3ccccc3)CC2)CC1.O=C(O)C(=O)O,112219.0,
CHEMBL1386716,CC1CCCCN1Cc1nc2c(c(=O)n(C)c(=O)n2C)n1CCc1ccccc1,112219.0,
CHEMBL1404195,COC(=O)C(C(=O)NCC1CCCO1)C1CCCCCC1,112219.0,
CHEMBL1504793,O=C(CC1(O)C(=O)N(Cc2ccccc2)c2ccccc21)c1ccncc1,112219.0,
CHEMBL3210692,COc1ccc(Br)cc1/C=N/n1c(C)nnc1C,112219.0,
CHEMBL1582610,CC(Oc1ccccc1)C(=O)OCn1nnc2ccccc2c1=O,112219.0,
CHEMBL1465831,COc1ccc(OCC(=O)Nc2ccc3c(c2)nc(CN2CCCC2)n3C)cc1,112219.0,
CHEMBL1522390,C[C@H](NC1=NS(=O)(=O)c2ccccc21)C(=O)OCc1cc([N+](=O)[O-])cc2c1OCOC2,112219.0,
CHEMBL1606964,Cc1ccc(-c2cc(N)n(Cc3ccc(Cl)cc3)n2)cc1,112219.0,
CHEMBL1495271,COc1ccccc1CNC(=O)c1cccc(N(C)C)c1,112219.0,
CHEMBL1427218,O=C(/C=C/Nc1ccc(Oc2ccccc2)cc1)c1ccco1,1640.0,
CHEMBL1561773,CCOC(=O)N1CCN(CC(=O)N2CCC(C(N)=O)CC2)CC1,112219.0,
CHEMBL3212455,COc1cc(/C=N/NC(N)=O)ccc1OCC(=O)N1C(C)CCCC1C,5741.0,
CHEMBL1544877,N=C(NOC(=O)c1ccc2ccccc2c1)c1ccccn1,1526.0,
CHEMBL1444431,Cn1cc(SCC(=O)Nc2nc3ccccc3s2)c2ccccc21,112219.0,
CHEMBL1427599,CCOC(=O)c1sc(NN=C2C(=O)CC(C)(C)CC2=O)c(C(=O)OCC)c1C,20384.0,
CHEMBL3810155,O=C(O)Cc1cc(CC(=O)O)cc(-c2ccccc2Cl)c1,192000.0,
CHEMBL1417508,CCOc1ccccc1C(=O)Nc1cnc(O)nc1O,125.0,
CHEMBL1417398,Cc1nnc2n(Cc3ccccc3)c(=O)c3c4c(sc3n12)COC(C(C)C)C4,112219.0,
CHEMBL1996752,C/C(=N/N=C/c1ccc(N(C)C)cc1)c1ccccc1,1612.0,
CHEMBL1573994,C=CCn1c(C)cc(C2=NN=C(NCC)SC2)c1C.Cl,2020.0,
CHEMBL2093214,CCOC(=O)Cn1/c(=N/C(=O)CSC(C)=O)sc2ccccc21,112219.0,
CHEMBL3334764,Nc1ncnc2c1ncn2C1=C[C@@H](CO)[C@H](O)[C@@H]1O,1300.0,
CHEMBL3275868,O=C1C(=Cc2ccc(O)cc2)C(=O)c2ccccc21,39190.0,
CHEMBL83598,O=C1C(=Cc2ccc(O)c(O)c2)C(=O)c2ccccc21,20400.0,
CHEMBL3275868,O=C1C(=Cc2ccc(O)cc2)C(=O)c2ccccc21,21000.0,
CHEMBL2042314,Nc1nc(N)c2cc(Oc3ccccc3)ccc2n1,10000.0,
CHEMBL341590,CCCCOc1cccc2nc(N)nc(N)c12,36.0,
CHEMBL2042326,CC(C)(C)Sc1cccc2nc(N)nc(N)c12,900.0,
CHEMBL1631357,CC(C)(N)/C=C/c1cccc(-c2ccc(-c3ccnc(NC4CC(C)(C)NC(C)(C)C4)n3)s2)n1,1690.0,
CHEMBL1631357,CC(C)(N)/C=C/c1cccc(-c2ccc(-c3ccnc(NC4CC(C)(C)NC(C)(C)C4)n3)s2)n1,310.0,
CHEMBL4440558,CC(C)C(=O)OC[C@@]1(N=[N+]=[N-])O[C@@H](n2ccc(N)cc2=O)[C@H](OC(=O)C(C)C)[C@@H]1OC(=O)C(C)C,1300.0,
CHEMBL3542231,CC[C@H](C)[C@H]1O[C@]2(CC[C@@H]1C)C[C@@H]1C[C@@H](C/C=C(\C)[C@@H](O[C@H]3C[C@H](O[C@H]4C[C@H](OC)[C@@H](O)[C@H](C)O4)[C@@H](OC)[C@H](C)O3)[C@@H](C)/C=C/C=C3\CO[C@@H]4[C@H](O)C(C)=C[C@@H](C(=O)O1)[C@]34O)O2,1200.0,
CHEMBL1789789,Cc1cc(NCCCN(C)C)c2ccc3c(ccc4c(NCCCN(C)C)cc(C)nc43)c2n1,400.0,
CHEMBL2332247,O=C(CNCc1ccc(C(=O)N2CCCCC2)cc1)NC(=O)COc1ccccc1,100000.0,
CHEMBL3426577,O=C1C[C@@]2(C(=O)Nc3ccc(Cl)cc32)c2cnn(Cc3ccc(Cl)cn3)c2N1,18400.0,
CHEMBL3426549,O=C1C[C@@]2(C(=O)Nc3ccc(Cl)cc32)c2cnn(Cc3ccc(C(F)(F)F)cc3)c2N1,3900.0,
CHEMBL3426593,O=C1C[C@@]2(C(=O)Nc3ccc(Cl)cc32)c2cnn(Cc3ccc(Cl)cc3)c2N1,2710.0,
CHEMBL4453707,C[C@@H](c1ccc(Cl)cc1)n1nnc2c1NC(=O)C[C@]21C(=O)Nc2ccc(Cl)cc21,5000.0,
CHEMBL4471004,Cc1ccc(CN2C(=O)[C@]3(CC(=O)Nc4c3nnn4[C@@H](C)c3ccc(Cl)cc3)c3cc(Cl)ccc32)cn1,150.0,
CHEMBL4540549,C[C@@H](c1ccc(Cl)cc1)n1nnc2c1NC(=O)C[C@]21C(=O)N(CCOC(=O)CCCCCCCNC(=O)CCCC[C@@H]2SC[C@@H]3NC(=O)N[C@@H]32)c2ccc(Cl)cc21,16.7,
CHEMBL4449100,C[C@@H](c1ccc(Cl)cc1)n1nnc2c1NC(=O)C[C@]21C(=O)N(C)c2ccc(Cl)cc21,5000.0,
CHEMBL4483405,CCN1C(=O)[C@]2(CC(=O)Nc3c2nnn3[C@@H](C)c2ccc(Cl)cc2)c2cc(Cl)ccc21,24.0,
CHEMBL4586370,CCCN1C(=O)[C@]2(CC(=O)Nc3c2nnn3[C@@H](C)c2ccc(Cl)cc2)c2cc(Cl)ccc21,71.0,
CHEMBL4555033,C[C@@H](c1ccc(Cl)cc1)n1nnc2c1NC(=O)C[C@]21C(=O)N(CCC(C)(C)C)c2ccc(Cl)cc21,870.0,
CHEMBL4465077,COCCCN1C(=O)[C@]2(CC(=O)Nc3c2nnn3[C@@H](C)c2ccc(Cl)cc2)c2cc(Cl)ccc21,9.0,
CHEMBL4548394,C[C@@H](c1ccc(Cl)cc1)n1nnc2c1NC(=O)C[C@]21C(=O)N(CCCN(C)C)c2ccc(Cl)cc21,5000.0,
CHEMBL3741308,N=C(N)NCCC[C@H](NC(=O)C1CC1)C(=O)N[C@@H](CCCCN)C(=O)N[C@@H](C(N)=O)c1ccc(OCc2ccccc2)cc1,805.0,
CHEMBL3740686,N=C(N)NCCC[C@H](NC(=O)c1cccs1)C(=O)N[C@@H](CCCCN)C(=O)N[C@@H](C(N)=O)c1ccc(OCc2ccc(F)cc2)cc1,61.0,
CHEMBL3143954,C/N=C(\NC)c1ncn([C@@H]2O[C@H](CO)[C@@H](O)[C@H]2O)n1.Cl,162.0,
CHEMBL2146845,OC[C@H]1O[C@@H](n2c3ccc(Cl)cc3c3c(-c4ccoc4)ncnc32)[C@H](O)[C@@H]1O,24440.0,
CHEMBL2146943,OC[C@H]1O[C@@H](n2c3ccc(-c4ccco4)cc3c3c(-c4ccco4)ncnc32)[C@H](O)[C@@H]1O,17950.0,
CHEMBL2164639,O=C(N/N=C\C=C\c1ccccc1)c1cc(/C=N/Nc2cccc([N+](=O)[O-])c2)nc2ccccc12,74900.0,
CHEMBL3764484,Clc1cccc(-c2noc(/C=C/c3ccc(Br)s3)n2)c1,,
CHEMBL3763180,O=C(/C=C/c1ccc(Br)s1)Nc1ccc(Cl)c(Cl)c1,40.0,
CHEMBL3810119,COc1cc(OC)c(-c2ccc(C#CCO)s2)cc1C(=O)NS(=O)(=O)c1ccccc1,7300.0,
CHEMBL3809551,COc1cc(C)c(S(=O)(=O)NC(=O)c2cccc3cccnc23)cc1-c1ccc(C#CCO)s1,3800.0,
CHEMBL3809271,O=C(O)Cc1ccc(O)c(-c2ccccc2)c1,769000.0,
CHEMBL1584332,O=C(CC1Oc2ccccc2NC1=O)NC1CCCC1,112219.0,
CHEMBL1444802,CCC(c1nnnn1Cc1ccccc1)N(Cc1ccco1)Cc1cc2cc(OC)ccc2nc1O,112219.0,
CHEMBL473721,C(=C/c1nc2ccccc2[nH]1)\c1ccccc1,2438.0,
CHEMBL1563743,O=C(NC1CCCCC1)N1CCC(c2nc(-c3ccc(S(=O)(=O)N4CCCC4)cc3)no2)CC1,112219.0,
CHEMBL1430805,CC1(C)CC(=O)C2=C(C1)OC([N+](=O)[O-])C2c1ccc(Cl)cc1,112219.0,
CHEMBL1509670,CCOc1ccc2[nH]c(NCCO)nc2c1,205.0,
CHEMBL1311780,CC1CCC(NC(=O)c2ccc(CS(=O)(=O)Cc3ccccc3F)o2)CC1,112219.0,
CHEMBL1602702,CCOC(=O)N1CCN(Cc2cc(=O)oc3cc4c(cc23)CCC4)CC1,112219.0,
CHEMBL1312155,CCOc1ccccc1CNS(=O)(=O)c1c[nH]cn1,112219.0,
CHEMBL1392554,CC(=O)c1ccc(NC(=O)CCc2nnc3ccc(NCc4ccco4)nn23)cc1,112219.0,
CHEMBL1471315,CONC=NC(=O)NOCc1ccc(Cl)cc1Cl,112219.0,
CHEMBL1471786,Cc1ccc(S(=O)(=O)CCC(=O)OCC(=O)NCC(=O)Nc2cccc(C)c2C)cc1,112219.0,
CHEMBL2004183,COc1ccc(/C=N/Nc2snc(SC)c2C#N)cc1OC,112219.0,
CHEMBL1432946,Cc1nnc(SCC(=O)Nc2ccc(Br)cn2)nc1O,112219.0,
CHEMBL1408438,N=C(NOC(=O)c1ccc(Cl)cc1Cl)c1ccccc1,6006.0,
CHEMBL1353788,CCOC(=O)N1CCN(C(=O)CNC2CCCCCCC2)CC1.O=C(O)C(=O)O,16687.0,
CHEMBL1514411,O=C(NCC1(N2CCCCC2)CCCCC1)c1ccc(NS(=O)(=O)c2ccc(F)cc2)cc1,112219.0,
CHEMBL1408570,CCOC(=O)C(Cc1ccccc1)NC(=O)CNC(=O)CNC(=O)OCc1ccccc1,24974.0,
CHEMBL1395916,Cc1ccc(SCC(=O)OC(C)C(=O)NCc2ccccc2)cc1,112219.0,
CHEMBL1507124,CC(NS(C)(=O)=O)C(c1cccs1)N1CCN(Cc2ccccc2)CC1,112219.0,
CHEMBL1613251,COc1ccc(NC(=S)N2CCc3ccccc32)cc1OC,112219.0,
CHEMBL1445157,CCOc1ccccc1N1CC(C(=O)Nc2nccs2)CC1=O,112219.0,
CHEMBL1524038,O=C(Nc1cccc(Cl)c1)Nc1ccccc1C(=O)O,11383.0,
CHEMBL1326985,COC(=O)c1cccc([N+](=O)[O-])c1CN1CCCC(C(N)=O)C1,112219.0,
CHEMBL1390012,COC(=O)c1ccc(C2C(C(=O)c3ccc4c(c3)CC(C)O4)=C(O)C(=O)N2Cc2ccncc2)cc1,112219.0,
CHEMBL1508268,COc1cc2c(cc1OC)-c1cc(Nc3ccc(C)cc3)nc(=O)n1CC2,3456.0,
CHEMBL1506522,O=C(Nc1cccnc1)c1cc(-c2ccc(Cl)c(Cl)c2)on1,112219.0,
CHEMBL3213574,Cc1ccc(/C(O)=C/C=N/c2ccccn2)cc1,5113.0,
CHEMBL1378867,Cn1cc(S(=O)(=O)N2CCc3ccccc32)cc1C(=O)Nc1ccc(Cl)cc1,112219.0,
CHEMBL1366631,CCNc1nc(NC#N)nc(SCC(=O)OCC)n1,112219.0,
CHEMBL1326755,COc1ccc(CN2CCN(C(=O)Cn3nc(C(=O)O)c4ccccc4c3=O)CC2)cc1F,7701.0,
CHEMBL1587915,CC(C)C(=O)Nc1ncc2c(n1)CC(c1cccs1)CC2=O,112219.0,
CHEMBL1564595,Cc1onc(-c2c(F)cccc2Cl)c1C(=O)NCC1COc2ccccc2O1,112219.0,
CHEMBL1525501,CC(=O)Nc1cccc(NC(=O)C(=O)Nc2ccc3c(c2)N(C(=O)C2CC2)CCC3)c1,112219.0,
CHEMBL1352981,CCOc1cc(CNCCN2CCOCC2)ccc1OCc1ccccc1Cl.Cl,112219.0,
CHEMBL1313073,CCOC1OC2C(CO)OC(n3cnc4c(N)ncnc43)C2O1,6373.0,
CHEMBL1589029,Cc1cc(NC(=O)/C=C/c2ccccc2Cl)n(-c2nc3ccccc3[nH]2)n1,13174.0,
CHEMBL1471944,CCOC(=O)c1cc2cc(OC)ccc2nc1C,112219.0,
CHEMBL2005446,COc1ccc(/N=C/C2=C(O)c3ccccc3C2=O)cc1,3930.0,
CHEMBL3194013,CN(CCO)c1ccc(/C=N/Nc2nncc3ccccc23)cc1,533.0,
CHEMBL3810161,O=C(O)Cc1cc(CC(=O)O)cc(-c2ccc(C#CCO)s2)c1,500.0,
CHEMBL3810119,COc1cc(OC)c(-c2ccc(C#CCO)s2)cc1C(=O)NS(=O)(=O)c1ccccc1,14000.0,
CHEMBL3809880,COc1cccc(S(=O)(=O)NC(=O)c2cc(-c3ccc(C#CCO)s3)c(Cl)cc2OC)c1,140.0,
CHEMBL3810157,O=C(O)Cc1cc(CC(=O)O)cc(-c2ccc(Br)s2)c1,39000.0,
CHEMBL1557987,COc1cc(CNc2ccc3[nH]c(O)nc3c2)ccc1OCC(=O)NC(C)(C)C,12395.0,
CHEMBL1333243,Cc1ccc(-c2nc(SC(C)C(=O)N3CCOCC3)n[nH]2)cc1,112219.0,
CHEMBL1596568,CCc1nc2scc(-c3cccs3)c2c(=O)o1,112219.0,
CHEMBL1558189,O=C(C(Cc1ccccc1)n1cccc1)N1CCC(N2CCCCC2)CC1,112219.0,
CHEMBL405317,c1ccc(-c2ccc(-c3nc(-c4ccccn4)no3)cc2)cc1,189.0,
CHEMBL1333774,CC1CCCCN1Cc1nc2c(c(=O)n(C)c(=O)n2C)n1CCCc1ccccc1,112219.0,
CHEMBL1491701,Cc1ccc(NC(=O)c2cc(NC(=O)CCCC(=O)O)ccc2Cl)cc1Cl,112219.0,
CHEMBL339304,Oc1ccc(/C=C/c2ccc3ccccc3n2)cc1,235.0,
CHEMBL1578917,O=C(Cn1cccc1)N1CCN(c2ccc(F)cc2)CC1,112219.0,
CHEMBL1303292,CCN(CC)c1ccc(Nc2cc3n(c(=O)n2)CCc2cc(OC)c(OC)cc2-3)cc1,112219.0,
CHEMBL1519137,Cc1ccc(-c2nc3ncccn3c2NC(=O)C2CC2)cc1,112219.0,
CHEMBL1501238,Cc1ccc(N2C(=O)c3ccccc3C2O)nc1,1738.0,
CHEMBL1501191,COc1ccc(C(=O)Nc2ccc(N3CCCC3)cc2)cc1OC,1033.0,
CHEMBL1303384,COC(=O)c1sccc1NC(=O)Nc1cccc(OC)c1,4370.0,
CHEMBL1531320,O=C(NCc1ccco1)c1cc2ccc(O)cc2oc1=O,1816.0,
CHEMBL1492209,COc1ccc(/C=C2\CCc3c2nc2ccccc2c3C(=O)O)cc1OC,73509.0,
CHEMBL1441042,Cc1cnc(NC(=O)c2ccccn2)s1,18007.0,
CHEMBL1423110,O=C(CN(CCCN1CCOCC1)C(=O)Cn1nnc(-c2ccc(F)cc2)n1)NC1CCCCC1,112219.0,
CHEMBL1343626,CCN(C(=O)COC(=O)c1cc(-c2cccs2)nc2ccccc12)C1CCS(=O)(=O)C1,112219.0,
CHEMBL1383751,CN1CCN(/C=C2\SC(=S)NC2=O)CC1,112219.0,
CHEMBL3765453,COc1ccc(-c2nnc(/C=C/c3ccc(Br)s3)o2)cc1,20000.0,
CHEMBL3763180,O=C(/C=C/c1ccc(Br)s1)Nc1ccc(Cl)c(Cl)c1,40.0,
CHEMBL3343163,N#C/C(=C\c1cn(Cc2ccccc2)c2ccccc12)C(=O)Nc1nnc(C(F)(F)F)s1,10070.0,
CHEMBL2332247,O=C(CNCc1ccc(C(=O)N2CCCCC2)cc1)NC(=O)COc1ccccc1,100000.0,
CHEMBL2332247,O=C(CNCc1ccc(C(=O)N2CCCCC2)cc1)NC(=O)COc1ccccc1,100000.0,
CHEMBL2348375,CC(C)(C)C(=O)N(CCCCCCN1C[C@H](O)[C@@H](O)[C@H](O)[C@H]1CO)C1CCC1,1900.0,
CHEMBL4864398,NCCCC[C@H](NC(=O)c1ccccc1)C(=O)N[C@@H](C(=O)N[C@H](C(N)=O)C1CCCCC1)c1ccc(OCc2ccccc2)cc1,9400.0,
CHEMBL4853384,CC(C)(C)c1ccc(-c2ccc3[nH]c(C(=O)NCC4CCNCC4)cc3c2)cc1,,
CHEMBL4871785,O=C(NCC1CCNCC1)c1cc2ccc(-c3cn[nH]c3)cc2[nH]1,10300.0,
CHEMBL4859049,COC(=O)c1cccc(Nc2nc(NCCO)nc3[nH]cnc23)c1,17500.0,
CHEMBL4848338,FC(F)(F)c1cccc(Nc2nc(NCCOc3ccccc3)nc3[nH]cnc23)c1,2600.0,
CHEMBL4872019,FC(F)(F)c1cccc(NNc2nc(NCCOc3ccccc3)nc3[nH]cnc23)c1,,
CHEMBL4870895,FC(F)(F)c1cc(/N=N/c2nc(NCCOc3ccccc3)nc3[nH]cnc23)cc(C(F)(F)F)c1,,
CHEMBL4875859,COc1ccc(F)cc1S(=O)(=O)n1c2ccc(-c3cccc(/C(N)=N/O)c3)cc2c2cc(-c3cccc(/C(N)=N/O)c3)ccc21,2800.0,
CHEMBL4874327,COc1ccc(S(=O)(=O)n2c3ccc(-c4cccc(/C(N)=N/O)c4)cc3c3cc(-c4cccc(/C(N)=N/O)c4)ccc32)cc1C,3100.0,
CHEMBL4847102,COc1ccc(Cn2c3ccc(-c4cccc(/C(N)=N/O)c4)cc3c3cc(-c4cccc(/C(N)=N/O)c4)ccc32)cc1F,6900.0,
CHEMBL478768,CC(=O)Oc1c2c(cc3c1C(=O)N[C@H]1[C@H](OC(C)=O)[C@H](OC(C)=O)[C@@H](OC(C)=O)C[C@@H]31)OCO2,,
CHEMBL1535689,O=C1c2c(O)ccc([N+](=O)[O-])c2C(=O)c2c([N+](=O)[O-])ccc(O)c21,5960.0,
CHEMBL5416410,Cc1nc(Nc2ncc(C(=O)Nc3c(C)cccc3Cl)s2)cc(N2CCN(CCO)CC2)n1.O,110.0,
CHEMBL3764461,COc1cccc(-c2nnc(/C=C/c3ccc(Br)s3)o2)c1,,
CHEMBL3764484,Clc1cccc(-c2noc(/C=C/c3ccc(Br)s3)n2)c1,3000.0,
CHEMBL3765487,Clc1cccc(-c2nnc(/C=C/c3ccc(Br)s3)o2)c1,,
CHEMBL3765453,COc1ccc(-c2nnc(/C=C/c3ccc(Br)s3)o2)cc1,,
CHEMBL3763180,O=C(/C=C/c1ccc(Br)s1)Nc1ccc(Cl)c(Cl)c1,40.0,
CHEMBL3335497,N=C(N)NCCC[C@H](NC(=O)c1ccccc1)C(=O)N[C@@H](CCCCN)C(=O)Nc1ccccc1C(N)=O,15800.0,
CHEMBL3426588,CN1C(=O)[C@@]2(CC(=O)Nc3c2cnn3Cc2ccc(Cl)cc2)c2cc(Cl)ccc21,772.0,
CHEMBL4455428,Cc1ccc(-c2cnc3[nH]cc(NC(=O)c4cccnc4)c3c2)cc1,2600.0,
CHEMBL4541962,COc1ccc(-c2cnc3[nH]cc(NC(=O)c4cccnc4)c3c2)cc1OC,1640.0,
CHEMBL4471240,COc1ccc(-c2cnc3c(c2)c(NC(=O)c2cccnc2)cn3C)cc1OC,,
CHEMBL1441897,NS(=O)(=O)c1ccc(N2N=C(c3ccccc3)CC2c2ccc(F)cc2)cc1,13000.0,
CHEMBL583412,O=C(O)c1ccccc1NS(=O)(=O)c1cccc(-c2cnn(Cc3ccccc3)c2)c1,700.0,
CHEMBL567639,COc1ccc(C(=O)O)c(NS(=O)(=O)c2cccc(-c3cnn(Cc4ccccc4)c3)c2)c1,9990.0,
CHEMBL4860341,COc1ccc(S(=O)(=O)n2c3ccc(-c4cccc(/C(N)=N/O)c4)cc3c3cc(-c4cccc(/C(N)=N/O)c4)ccc32)cc1F,2700.0,
CHEMBL4873069,N/C(=N\O)c1cccc(-c2ccc3c(c2)c2cc(-c4cccc(/C(N)=N/O)c4)ccc2n3Cc2ccc(F)cc2)c1,8100.0,
CHEMBL4864785,N/C(=N\O)c1cccc(-c2ccc3c(c2)c2cc(-c4cccc(/C(N)=N/O)c4)ccc2n3Cc2ccc(Br)c(F)c2)c1,1400.0,
CHEMBL4859110,CCn1c2ccc(-c3cccc(/C(N)=N/O)c3)cc2c2cc(-c3cccc(/C(N)=N/O)c3)ccc21,1500.0,
CHEMBL3763384,COc1ccc(C(c2c(O)c3ccccc3oc2=O)c2c(O)c3ccccc3oc2=O)cc1CSc1nc2ccccc2s1,9090.0,
CHEMBL566314,O=C(O)c1ccc(F)cc1NS(=O)(=O)c1cccc(-c2cnn(Cc3ccc4ccccc4c3)c2)c1,260.0,
CHEMBL3426590,O=C1CC2(C(=O)Nc3ccc(C(F)(F)F)cc32)c2cnn(Cc3ccc(Cl)cc3)c2N1,1300.0,
CHEMBL3426582,O=C1CC2(C(=O)Nc3ccc(Cl)cc32)c2cnn(CCc3ccc(Cl)cc3)c2N1,7200.0,
CHEMBL2164631,O=C(O)c1cccc(N/N=C/c2cc(C(=O)NCCCCc3ccccc3)c3ccccc3n2)c1,11000.0,
CHEMBL2164661,O=C(N/N=C/CCc1ccccc1)c1cc(/C=N/Nc2cccc(Cl)c2)nc2ccccc12,29040.0,
CHEMBL2164660,Oc1c(/C=N/Nc2nc3ccccc3[nH]2)cccc1/C=N/Nc1nc2ccccc2[nH]1,100000.0,
CHEMBL2164656,CCOC(=O)c1cc(/C=N/Nc2ccc(C(C)C)cc2)c(O)c(/C=N/Nc2ccc(C(C)C)cc2)c1,39460.0,
CHEMBL2164655,CCOC(=O)c1cc(/C=N\NC(N)=S)c(O)c(/C=N\NC(N)=S)c1,100000.0,
CHEMBL2164654,CCNC(=S)N/N=C\c1cc(C(=O)OCC)cc(/C=N\NC(=S)NCC)c1O,100000.0,
CHEMBL2164650,COc1ccc(-c2csc(N3N=C(c4ccc([N+](=O)[O-])cc4)/C(=N\Nc4ccc(C(N)=O)cc4)C3=O)n2)cc1,219900.0,
CHEMBL2164648,CCOC(=O)c1cc(/C=N/Nc2nc3ccccc3[nH]2)c(O)c(/C=N/Nc2nc3ccccc3[nH]2)c1,13120.0,
CHEMBL4586370,CCCN1C(=O)[C@]2(CC(=O)Nc3c2nnn3[C@@H](C)c2ccc(Cl)cc2)c2cc(Cl)ccc21,5000.0,
CHEMBL4465077,COCCCN1C(=O)[C@]2(CC(=O)Nc3c2nnn3[C@@H](C)c2ccc(Cl)cc2)c2cc(Cl)ccc21,5000.0,
CHEMBL4475296,C[C@@H](c1ccc(Cl)cc1)n1nnc2c1NC(=O)C[C@]21C(=O)N(CCN2CCCC2)c2ccc(Cl)cc21,5000.0,
CHEMBL4473559,C[C@@H](c1ccc(Cl)cc1)n1nnc2c1NC(=O)C[C@]21C(=O)N(CCCCN2CCCCC2)c2ccc(Cl)cc21,5000.0,
CHEMBL4453707,C[C@@H](c1ccc(Cl)cc1)n1nnc2c1NC(=O)C[C@]21C(=O)Nc2ccc(Cl)cc21,39.0,
CHEMBL4476758,C[C@@H](c1ccc(Cl)cc1)n1nnc2c1NC(=O)C[C@]21C(=O)N(Cc2ccc(Cl)cc2)c2ccc(Cl)cc21,3300.0,
CHEMBL4521186,CCOC(CN1C(=O)[C@]2(CC(=O)Nc3c2nnn3[C@@H](C)c2ccc(Cl)cc2)c2cc(Cl)ccc21)OCC,290.0,
CHEMBL4473559,C[C@@H](c1ccc(Cl)cc1)n1nnc2c1NC(=O)C[C@]21C(=O)N(CCCCN2CCCCC2)c2ccc(Cl)cc21,350.0,
CHEMBL4449100,C[C@@H](c1ccc(Cl)cc1)n1nnc2c1NC(=O)C[C@]21C(=O)N(C)c2ccc(Cl)cc21,4.0,
CHEMBL4548448,CCCCCCN1C(=O)[C@]2(CC(=O)Nc3c2nnn3[C@@H](C)c2ccc(Cl)cc2)c2cc(Cl)ccc21,140.0,
CHEMBL4455078,C[C@@H](c1ccc(Cl)cc1)n1nnc2c1NC(=O)C[C@]21C(=O)N(CCN2CCC2)c2ccc(Cl)cc21,7.0,
CHEMBL4437627,C=CCN1C(=O)[C@]2(CC(=O)Nc3c2nnn3[C@@H](C)c2ccc(Cl)cc2)c2cc(Cl)ccc21,5000.0,
CHEMBL4452557,C[C@@H](c1ccc(Cl)cc1)n1nnc2c1NC(=O)C[C@]21C(=O)N(Cc2ccc(Cl)c(F)c2)c2ccc(Cl)cc21,5100.0,
CHEMBL4519498,COCCCN1C(=O)C[C@]2(C(=O)Nc3ccc(Cl)cc32)c2nnn([C@@H](C)c3ccc(Cl)cc3)c21,10000.0,
CHEMBL4471937,C[C@@H](c1ccc(Cl)cc1)n1nnc2c1NC(=O)C[C@]21C(=O)N(CCCCCl)c2ccc(Cl)cc21,5000.0,
CHEMBL4538323,C[C@@H](c1ccc(Cl)cc1)n1nnc2c1NC(=O)C[C@]21C(=O)N(CCN(C)C)c2ccc(Cl)cc21,60.0,
CHEMBL2440336,CCCC[C@H](NC(=O)[C@H](CCCCN)NC(=O)[C@H](CCCNC(=N)N)NC(=O)/C=C1\SC(=S)N(Cc2ccc(OC)cc2)C1=O)C(N)=O,26000.0,
CHEMBL2440334,CCCC[C@H](NC(=O)[C@H](CCCCN)NC(=O)[C@H](CCCNC(=N)N)NC(=O)[C@H](Cc1ccccc1)N1C(=O)/C(=C/c2ccc(OC)c(OC)c2)SC1=S)C(N)=O,50000.0,
CHEMBL2440164,CCCC[C@H](NC(=O)[C@H](CCCCN)NC(=O)[C@H](CCCNC(=N)N)NC(=O)c1ccc(/C=C2\SC(=O)N(Cc3ccccc3)C2=O)cc1)C(N)=O,50000.0,
CHEMBL2440173,CCCC[C@H](NC(=O)[C@H](CCCCN)NC(=O)[C@H](CCCNC(=N)N)NC(=O)c1ccc(/C=C2\SC(=S)N(C3CCCCC3)C2=O)cc1)C(N)=O,16700.0,
CHEMBL4212403,COc1cc(NC(C(=O)c2c[nH]c3ccccc23)c2ccccc2)cc(OC)c1,47.0,
CHEMBL2332247,O=C(CNCc1ccc(C(=O)N2CCCCC2)cc1)NC(=O)COc1ccccc1,100000.0,
CHEMBL4437627,C=CCN1C(=O)[C@]2(CC(=O)Nc3c2nnn3[C@@H](C)c2ccc(Cl)cc2)c2cc(Cl)ccc21,2100.0,
CHEMBL4579860,CC(C)CN1C(=O)[C@]2(CC(=O)Nc3c2nnn3[C@@H](C)c2ccc(Cl)cc2)c2cc(Cl)ccc21,5000.0,
CHEMBL4447821,COc1cc(CN2C(=O)[C@]3(CC(=O)Nc4c3nnn4[C@@H](C)c3ccc(Cl)cc3)c3cc(Cl)ccc32)cc(OC)c1,3400.0,
CHEMBL4515898,C[C@@H](c1ccc(Cl)cc1)n1nnc2c1NC(=O)C[C@]21C(=O)N(Cc2ccccn2)c2ccc(Cl)cc21,5000.0,
CHEMBL4459642,C[C@@H](c1ccc(Cl)cc1)n1nnc2c1NC(=O)C[C@]21C(=O)N(CCCN2CCOCC2)c2ccc(Cl)cc21,5000.0,
CHEMBL4440652,C[C@@H](c1ccc(Cl)cc1)n1nnc2c1N(C)C(=O)C(C)(C)[C@]21C(=O)N(C)c2ccc(Cl)cc21,5000.0,
CHEMBL4591166,C[C@@H](c1ccc(Cl)cc1)n1nnc2c1NC(=O)C[C@]21C(=O)N(Cc2cc(C(C)(C)C)cc(C(C)(C)C)c2)c2ccc(Cl)cc21,10000.0,
CHEMBL4747707,Cc1ccc(NC(=O)c2ccccc2NC(=O)c2ccc(F)cc2)c(-c2cccnc2)c1,23000.0,
CHEMBL4793101,Cc1ccc(NC(=O)c2ccccc2C(=O)Nc2ccc(C)cc2-c2ccsc2)cc1,700.0,
CHEMBL1631356,CC(=O)c1cccc(-c2ccc(-c3ccnc(NC4CC(C)(C)NC(C)(C)C4)n3)s2)c1,900.0,
CHEMBL1631358,CC1(C)CC(Nc2nccc(-c3ccc(-c4ccc(Cl)cc4)s3)n2)CC(C)(C)N1,270.0,
CHEMBL1631356,CC(=O)c1cccc(-c2ccc(-c3ccnc(NC4CC(C)(C)NC(C)(C)C4)n3)s2)c1,300.0,
CHEMBL400748,COC(=N)c1ncn([C@@H]2O[C@H](CO)[C@@H](O)[C@H]2O)n1,76.0,
CHEMBL2440335,CCCC[C@H](NC(=O)[C@H](CCCCN)NC(=O)[C@H](CCCNC(=N)N)NC(=O)CC1SC(=S)N(Cc2ccc(OC)cc2)C1=O)C(N)=O,30300.0,
CHEMBL3808633,COc1cccc(S(=O)(=O)NC(=O)c2cc(-c3ccc(C#CCO)s3)c(OC)cc2OC)c1,2300.0,
CHEMBL3809551,COc1cc(C)c(S(=O)(=O)NC(=O)c2cccc3cccnc23)cc1-c1ccc(C#CCO)s1,10000.0,
CHEMBL3764002,Clc1cc(Cl)cc(-c2nnc(/C=C/c3ccc(Br)s3)o2)c1,11000.0,
CHEMBL3763673,C(=C/c1ccc(-c2ccccc2)s1)\c1nnc(-c2ccccc2)o1,18800.0,
CHEMBL3764522,FC(F)(F)c1ccc(-c2nnc(/C=C/c3ccc(-c4ccccc4)s3)o2)cc1,,
CHEMBL3765560,Brc1ccc(-c2nnc(/C=C/c3ccc(Br)s3)o2)cc1,,
CHEMBL3765002,FC(F)(F)c1ccc(-c2nnc(/C=C/c3ccc(Br)s3)o2)cc1,,
CHEMBL1311732,CCOC(=O)C1=C(C)N(c2ccc(C)cc2)C(=O)/C1=C\c1ccc(O)c(OC)c1,112219.0,
CHEMBL1986443,Cc1ccsc1/C=N/Nc1nc(O)nnc1C,5472.0,
CHEMBL202965,O=C(NCN1CCN(c2ccccn2)CC1)c1cnccn1,112219.0,
CHEMBL1351880,Cc1cccc(N=C(S)NCc2ccncc2)c1C,112219.0,
CHEMBL1989440,COc1ccc(C(=O)O/N=C(\C)c2ccccc2)cc1,3614.0,
CHEMBL3198344,COc1ccc(/C=N/N=C(/N)N[N+](=O)[O-])c(OC)c1,2386.0,
CHEMBL1352257,COc1cc2c(cc1OC)-c1cc(NC3CCCCC3)nc(=O)n1CC2,2240.0,
CHEMBL1431510,O=C(Nc1cccc(F)c1)C1CCN(C(=O)Cc2ccccc2)CC1,112219.0,
CHEMBL1550657,CC(C)c1ccc(-c2cc(C(=O)NN3CCN(C)CC3)c3ccccc3n2)cc1,5929.0,
CHEMBL1349067,Cc1ncsc1C(=O)Nc1nc2c(s1)CCCC2,3986.0,
CHEMBL1378362,CCOC(=O)C1=C(CNCc2ccc(F)cc2)NC(=O)NC1c1cccc([N+](=O)[O-])c1,112219.0,
CHEMBL1496656,Cc1cc(OC(C)C(=O)NCc2ccncc2)c2c3c(c(=O)oc2c1)CCC3,112219.0,
CHEMBL343286,Nc1nc(N)c2c(Oc3ccccc3)cccc2n1,29.0,
CHEMBL3740303,N=C(N)NCCC[C@@H](NC(=O)c1ccccc1)C(=O)N[C@H](CCCCN)C(=O)N[C@H](C(N)=O)c1ccc(OCc2ccccc2)cc1,,
CHEMBL3742397,N=C(N)NCCC[C@H](NC(=O)c1cc2ccccc2s1)C(=O)N[C@@H](CCCCN)C(=O)N[C@@H](C(N)=O)c1ccc(OCc2ccccc2C(F)(F)F)cc1,243.0,
CHEMBL3765469,Clc1ccc(-c2nnc(/C=C/c3ccc(Br)s3)o2)cc1Cl,20000.0,
CHEMBL3764461,COc1cccc(-c2nnc(/C=C/c3ccc(Br)s3)o2)c1,20000.0,
CHEMBL3765813,Clc1cccc(-c2nnc(/C=C/c3ccc(-c4ccccc4)s3)o2)c1,,
CHEMBL3764674,Brc1cccc(-c2nnc(/C=C/c3ccc(Br)s3)o2)c1,,
CHEMBL3765002,FC(F)(F)c1ccc(-c2nnc(/C=C/c3ccc(Br)s3)o2)cc1,,
CHEMBL3764653,Clc1ccc(-c2nnc(/C=C/c3ccc(Br)s3)o2)cc1,14000.0,
CHEMBL3765469,Clc1ccc(-c2nnc(/C=C/c3ccc(Br)s3)o2)cc1Cl,,
CHEMBL2348379,CC(C)(C)C(=O)N(CCCCCCN1C[C@H](O)[C@@H](O)[C@H](O)[C@H]1CO)c1ccc(F)cc1F,2200.0,
CHEMBL3740608,N=C(N)NCCC[C@H](NC(=O)c1ccccc1)C(=O)N[C@@H](C(N)=O)c1ccc(OCc2ccccc2)cc1,,
CHEMBL3742054,N=C(N)NCCC[C@H](NC(=O)c1ccccc1)C(=O)N[C@@H](CCCCN)C(=O)N[C@@H](C(N)=O)c1ccc(OCc2cccc(Cl)c2)cc1,186.0,
CHEMBL3740340,N=C(N)NCCC[C@H](NC(=O)c1cccs1)C(=O)N[C@@H](CCCCN)C(=O)N[C@@H](C(N)=O)c1ccc(OCc2ccccc2)cc1,109.0,
CHEMBL3739493,N=C(N)NCCC[C@H](NC(=O)c1cccs1)C(=O)N[C@@H](CCCCN)C(=O)N[C@@H](C(N)=O)c1ccc(OCc2ccc(C(F)(F)F)cc2)cc1,7060.0,
CHEMBL3740519,CC(C)(C)c1ccc(COc2ccc([C@@H](NC(=O)[C@H](CCCCN)NC(=O)[C@H](CCCNC(=N)N)NC(=O)c3ccc(Cl)s3)C(N)=O)cc2)cc1,7120.0,
CHEMBL5271760,CCOC(=O)CNc1ccn([C@@H]2O[C@H](CO)[C@@H](O)[C@H]2O)c(=O)n1,100000.0,
CHEMBL3103514,COC(=O)c1cccc2oc(-c3ccc4c(OCc5ccccc5)cccc4c3O)nc12,700000.0,
CHEMBL3103513,COC(=O)c1cccc2oc(-c3ccc4ccccc4c3O)nc12,700000.0,
CHEMBL3581166,OCCNc1nc(Nc2cccc(O)c2)c2nc[nH]c2n1,7400.0,
CHEMBL516115,CC(=O)O[C@@H]1[C@@H](OC(C)=O)[C@H](OC(C)=O)[C@@H]2c3cc4c(cc3C(=O)N[C@H]2[C@@H]1OC(C)=O)OCO4,,
CHEMBL3344311,O=c1cc(-c2ccc(Oc3c(O)cc4occ(-c5ccc(O)cc5)c(=O)c4c3O)cc2)oc2cc(O)cc(O)c12,260.0,
CHEMBL3764653,Clc1ccc(-c2nnc(/C=C/c3ccc(Br)s3)o2)cc1,10400.0,
CHEMBL3765764,Brc1ccc(/C=C/c2nnc(-c3ccccc3)o2)s1,16100.0,
CHEMBL3763966,Clc1ccc(-c2noc(/C=C/c3ccc(Br)s3)n2)cc1,2700.0,
CHEMBL3628269,NCCCC[C@H](NC(=O)[C@H](Cc1cccc(CN)c1)NC(=O)c1ccccc1)C(=O)N[C@H](C(N)=O)c1ccccc1,11790.0,
CHEMBL1794092,CCCC(=O)Nc1cccc(NC(=O)Cc2ccc(Cl)cc2)c1,500000.0,
CHEMBL2413441,Nc1ncnc2c1c1cc(-c3cc4ccccc4o3)ccc1n2[C@@H]1O[C@H](CO)[C@@H](O)[C@H]1O,15400.0,
CHEMBL4126343,N#C[C@]1(O)C(n2ccc3c(N)ncnc32)O[C@H](COP(=O)(O)OP(=O)(O)OP(=O)(O)O)[C@H]1O,340.0,
CHEMBL4127066,CC#C[C@@]1(O)[C@H](O)[C@@H](CO[P@@](=O)(N[C@@H](C)C(=O)OC(C)C)Oc2ccccc2)O[C@H]1n1ccc(=O)[nH]c1=O,1900.0,
CHEMBL4128451,C#C[C@@]1(O)[C@H](O)[C@@H](CO[P@@](=O)(N[C@@H](C)C(=O)OC(C)C)Oc2ccccc2)O[C@H]1n1ccc(=O)[nH]c1=O,450.0,
CHEMBL4126082,CC(C)OC(=O)[C@H](C)NP(=O)(OC[C@H]1O[C@@H](n2ccc(=O)[nH]c2=O)[C@](C)(O)[C@@H]1O)Oc1ccccc1,190.0,
CHEMBL4127092,C#C[C@@]1(O)[C@H](O)[C@@H](COP(=O)(O)OP(=O)(O)OP(=O)(O)O)O[C@H]1n1ccc(=O)[nH]c1=O,1600.0,
CHEMBL4127921,C#C[C@@]1(F)[C@H](O)[C@@H](COP(=O)(O)OP(=O)(O)OP(=O)(O)O)O[C@H]1n1ccc(=O)[nH]c1=O,15900.0,
CHEMBL3764522,FC(F)(F)c1ccc(-c2nnc(/C=C/c3ccc(-c4ccccc4)s3)o2)cc1,11800.0,
CHEMBL3765346,Clc1ccc(-c2nnc(/C=C/c3ccc(-c4ccccc4)s3)o2)cc1Cl,24300.0,
CHEMBL3765560,Brc1ccc(-c2nnc(/C=C/c3ccc(Br)s3)o2)cc1,7600.0,
CHEMBL3764653,Clc1ccc(-c2nnc(/C=C/c3ccc(Br)s3)o2)cc1,12700.0,
CHEMBL3808633,COc1cccc(S(=O)(=O)NC(=O)c2cc(-c3ccc(C#CCO)s3)c(OC)cc2OC)c1,170.0,
CHEMBL3808633,COc1cccc(S(=O)(=O)NC(=O)c2cc(-c3ccc(C#CCO)s3)c(OC)cc2OC)c1,1800.0,
CHEMBL3808980,COc1ccc(CC(=O)O)cc1-c1ccccc1,734000.0,
CHEMBL3763966,Clc1ccc(-c2noc(/C=C/c3ccc(Br)s3)n2)cc1,2200.0,
CHEMBL3765469,Clc1ccc(-c2nnc(/C=C/c3ccc(Br)s3)o2)cc1Cl,20000.0,
CHEMBL3764522,FC(F)(F)c1ccc(-c2nnc(/C=C/c3ccc(-c4ccccc4)s3)o2)cc1,20000.0,
CHEMBL3764461,COc1cccc(-c2nnc(/C=C/c3ccc(Br)s3)o2)c1,,
CHEMBL584513,CC(C)Cn1cc(-c2cccc(S(=O)(=O)Nc3ccccc3C(=O)O)c2)cn1,20000.0,
CHEMBL573452,O=C(Nc1cccc(Cn2cc(-c3cccc(S(=O)(=O)Nc4ccccc4C(=O)O)c3)cn2)c1)c1ccc(C(=O)c2ccccc2)cc1,1500.0,
CHEMBL564201,O=c1cnn([C@@H]2O[C@H](CO)[C@@H](O)[C@H]2O)c(=O)[nH]1,0.1,
CHEMBL236207,C[C@@]1(O)[C@H](O)[C@@H](CO)O[C@H]1n1ccc2c(N)ncnc21,15000.0,
CHEMBL566778,O=C(O)c1cccc(Cl)c1NS(=O)(=O)c1cccc(-c2cnn(Cc3ccccc3)c2)c1,18020.0,
CHEMBL567845,NC(=O)c1ccccc1NS(=O)(=O)c1cccc(-c2cnn(Cc3ccccc3)c2)c1,20000.0,
CHEMBL565268,O=C(O)c1ccc(NS(=O)(=O)c2cccc(-c3cnn(Cc4ccccc4)c3)c2)cc1,20000.0,
CHEMBL568064,O=C(O)c1c(Cl)cccc1NS(=O)(=O)c1cccc(-c2cnn(Cc3ccccc3)c2)c1,20000.0,
CHEMBL2036488,O=C(OC[C@H]1O[C@@H](Oc2ccc(O)cc2COC(=O)[C@@]2(O)[C@H](O)C=CC(=O)[C@@H]2OC(=O)c2ccccc2)[C@H](OC(=O)c2ccccc2)[C@@H](O)[C@@H]1O)c1ccccc1,39800.0,
CHEMBL2036483,O=C(OC[C@H]1O[C@@H](Oc2ccc(O)cc2)[C@H](O)[C@@H](O)[C@@H]1O)c1ccccc1,9300.0,
CHEMBL1308965,COc1cc(CNc2ccccc2SC)ccc1O,112219.0,
CHEMBL1601298,CCOc1ccc(CN2CCN(CCCn3cccn3)CC2CCO)cc1,83168.0,
CHEMBL1445579,O=C1c2ccccc2C(O)N1CCN1CCOCC1,112219.0,
CHEMBL1430094,COc1ccc(C(=O)Nc2nc3ccccc3s2)c(OC)c1,1539.0,
CHEMBL1349397,O=C1NC(=O)C2(CCC(C(=O)O)C2)N1,112219.0,
CHEMBL1523854,Cc1cnc(C(=O)OCC(=O)Nc2ccc(Cl)cc2Cl)cn1,14795.0,
CHEMBL3335490,N=C(N)NCCC[C@H](NC(=O)c1ccccc1)C(=O)N[C@@H](CCCCN)C(=O)NCC(N)=O,21000.0,
CHEMBL2036489,O=C(OC[C@H]1O[C@@H](Oc2ccc(O)cc2COC(=O)[C@@]2(O)[C@H](O)C=CC(=O)[C@@H]2O)[C@H](OC(=O)c2ccccc2)[C@@H](O)[C@@H]1O)c1ccccc1,24300.0,
CHEMBL3426548,O=C1C[C@]2(C(=O)Nc3ccc(Cl)cc32)c2cnn(Cc3ccc(C(F)(F)F)cc3)c2N1,21.0,
CHEMBL3426543,O=C1C[C@]2(C(=O)Nc3ccc(Cl)cc32)c2cnn(Cc3ccc(Cl)cc3)c2N1,12.0,
CHEMBL1381307,Cc1ccc(CNC(=O)C2CCCN(c3nn4c(=O)cc(C)nc4s3)C2)cc1,112219.0,
CHEMBL1486516,Cc1ccc(C(=O)N/C(=C\c2cccc([N+](=O)[O-])c2)C(=O)NCc2ccncc2)cc1,38448.0,
CHEMBL1448153,O=C(Nc1ccc(Cl)cc1)Nc1ccccc1C(=O)O,5210.0,
CHEMBL1399001,Cc1ccc2cc(CN(Cc3ccco3)C(=O)C3CCCCC3)c(O)nc2c1C,112219.0,
CHEMBL1331561,O=C1c2ccccc2C(=O)N1OS(=O)(=O)c1ccc(F)cc1,56110.0,
CHEMBL1301855,COc1ccc(N(Cc2cc3cc(OC)ccc3nc2O)S(=O)(=O)c2ccc(NC(C)=O)cc2)cc1,112219.0,
CHEMBL1518778,Cc1ccc(NC(=O)Nc2cccc(Cl)c2)c(C(=O)O)c1,112219.0,
CHEMBL1321728,COc1ccc(-c2nnc(-c3cc(OC)c(OC)c(OC)c3)o2)cc1OC,112219.0,
CHEMBL1492484,S=C(c1ccc2c(c1)OCO2)N1CCCCC1,112219.0,
CHEMBL1302990,CCNS(=O)(=O)c1ccc(NC(=O)c2cccnc2)cc1,112219.0,
CHEMBL1790005,Oc1ccc[n+](CCCCC[n+]2cccc(O)c2)c1.[Br-].[Br-],18971.0,
CHEMBL1307161,O=C(COC(=O)c1cnc(O)nc1O)Nc1ccccc1Br,112219.0,
CHEMBL1426973,COc1ccccc1N(CCC#N)C(=O)COC(=O)c1c(C)noc1C,21485.0,
CHEMBL1377440,O=C(C(Cc1ccccc1)n1cccc1)N1CCN(c2ncccn2)CC1,112219.0,
CHEMBL1405180,CC(NC(=O)CCc1nc2cc(S(=O)(=O)N3CCOCC3)ccc2n1C)c1ccc(S(N)(=O)=O)cc1,41691.0,
CHEMBL4515575,CCCCCOCc1c(Nc2ccc(S(N)(=O)=O)cc2)nc(N2CCOCC2)nc1C(=O)NCc1ccc(OC)cc1,83500.0,
CHEMBL4471033,CCCCCOCc1c(Nc2ccc(S(N)(=O)=O)cc2)nc(N2CCOCC2)nc1C(=O)NCc1ccccc1,1000.0,
CHEMBL4586051,NS(=O)(=O)c1ccc(Nc2nc(N3CCOCC3)nc3c2COC3=O)cc1,128000.0,
CHEMBL4467882,COc1ccc(CNC(=O)c2nc(N3CCOCC3)nc(Nc3cccc(O)c3)c2CO)cc1,107000.0,
CHEMBL98481,O=C1N[C@H]2[C@H](O)[C@H](O)[C@@H](O)[C@H](O)[C@@H]2c2cc3c(cc21)OCO3,0.67,
CHEMBL2036486,O=C(OC[C@H]1O[C@@H](Oc2ccc(O)cc2COC(=O)C2(O)CC(=O)[C@@H](O)[C@@H](O)[C@H]2O)[C@H](OC(=O)c2ccccc2)[C@@H](O)[C@@H]1O)c1ccccc1,35500.0,
CHEMBL1940731,O=C(Cn1cc(COc2cccc(NC(=O)Cn3sc4ccccc4c3=O)c2)nn1)Nc1ccccc1,13360.0,
CHEMBL4860508,N=C(N)c1cccc(-c2ccc3c(c2)c2cc(-c4cccc(C(=N)N)c4)ccc2n3S(=O)(=O)c2ccccc2Br)c1,6900.0,
CHEMBL4861364,N/C(=N\O)c1cccc(-c2ccc3c(c2)c2cc(-c4cccc(/C(N)=N/O)c4)ccc2n3S(=O)(=O)c2ccc(C(F)(F)F)cc2)c1,4900.0,
CHEMBL512419,O=C(OC[C@H]1O[C@@H](Oc2ccc(O)cc2CO)[C@H](O)[C@@H](O)[C@@H]1O)c1ccccc1,50000.0,
CHEMBL5092408,CN1C[C@H]2C[C@@H](C1)c1ccc(NCc3ccc(O)cc3)c(=O)n1C2,471.0,
CHEMBL3343167,COc1ccc(Cc2nnc(NC(=O)/C(C#N)=C/c3cn(Cc4ccccc4)c4ccccc34)s2)cc1,3440.0,
CHEMBL65320,O=c1cc(-c2ccc(O)cc2)oc2cc(O)c(-c3c(O)cc(O)c4c(=O)cc(-c5ccc(O)cc5)oc34)c(O)c12,17500.0,
CHEMBL3339401,O=C(NCc1ccccc1-c1ccncc1)c1nccnc1C(=O)Nc1ccc(F)cc1,40700.0,
CHEMBL3339402,Cc1ccc(NC(=O)c2nccnc2C(=O)Nc2ccc(F)cc2)c(-c2ccncc2)c1,117000.0,
CHEMBL3335520,N=C(N)NCCC[C@H](NC(=O)c1ccc(/C=C2\SC(=O)N(C3CCCC3)C2=O)cc1)C(=O)N[C@@H](CCCCN)C(=O)N1Cc2ccccc2CC1C(N)=O,10500.0,
CHEMBL3628274,N=C(N)c1ccc(C[C@H](NC(=O)c2ccc(C(F)(F)F)cc2)C(=O)N[C@@H](CCCCN)C(=O)N[C@H](C(N)=O)c2ccccc2)cc1,210.0,
CHEMBL4873306,Fc1cccc(/N=N/c2nc(NCCOc3ccccc3)nc3[nH]cnc23)c1,100000.0,
CHEMBL2146848,OC[C@H]1O[C@@H](n2c3ccc(Cl)cc3c3c(-c4cc5ccccc5o4)ncnc32)[C@H](O)[C@@H]1O,976.0,
CHEMBL251056,O=C1N[C@H]2[C@H](O)[C@H](O)[C@@H](O)C[C@@H]2c2cc3c(cc21)OCO3,0.5,
CHEMBL3426576,O=C1C[C@]2(C(=O)Nc3ccc(Cl)cc32)c2cnn(Cc3ccc(Cl)cn3)c2N1,230.0,
CHEMBL1269812,Cc1ncnc2c1ccn2[C@@H]1O[C@H](CO)[C@@H](O)[C@H]1O,39.0,
CHEMBL2146847,OC[C@H]1O[C@@H](n2c3ccc(Cl)cc3c3c(-c4ccsc4)ncnc32)[C@H](O)[C@@H]1O,86950.0,
CHEMBL2164643,NS(=O)(=O)c1ccc(N/N=C/c2cc(C(=O)NCCCc3ccccc3)c3ccccc3n2)cc1,100000.0,
CHEMBL2164642,O=C(N/N=C\C=C\c1ccccc1)c1cc(/C=N/Nc2cccc(C(F)(F)F)c2)nc2ccccc12,100000.0,
CHEMBL3741825,N=C(N)NCCC[C@@H](NC(=O)[C@@H](CCCCN)NC(=O)c1ccccc1)C(=O)N[C@H](C(N)=O)c1ccc(OCc2ccccc2)cc1,,
CHEMBL3740417,N=C(N)NCCC[C@H](NC(=O)C1CCCC1)C(=O)N[C@@H](CCCCN)C(=O)N[C@@H](C(N)=O)c1ccc(OCc2ccccc2)cc1,701.0,
CHEMBL3741209,N=C(N)NCCC[C@H](NC(=O)C1CCC1)C(=O)N[C@@H](CCCCN)C(=O)N[C@@H](C(N)=O)c1ccc(OCc2ccccc2)cc1,631.0,
CHEMBL3741395,N=C(N)NCCC[C@H](NC(=O)c1ccccc1F)C(=O)N[C@@H](CCCCN)C(=O)N[C@@H](C(N)=O)c1ccc(OCc2ccccc2)cc1,340.0,
CHEMBL3741755,N=C(N)NCCC[C@H](NC(=O)c1ccc(-c2ccccc2)s1)C(=O)N[C@@H](CCCCN)C(=O)N[C@@H](C(N)=O)c1ccc(OCc2ccccc2)cc1,347.0,
CHEMBL3739493,N=C(N)NCCC[C@H](NC(=O)c1cccs1)C(=O)N[C@@H](CCCCN)C(=O)N[C@@H](C(N)=O)c1ccc(OCc2ccc(C(F)(F)F)cc2)cc1,28.0,
CHEMBL478100,CC(=O)O[C@@H]1[C@@H](OC(C)=O)[C@H](O)[C@@H]2c3cc4c(cc3C(=O)N[C@H]2[C@@H]1OC(C)=O)OCO4,5.0,
CHEMBL3339405,Cc1ccc(NC(=O)c2nccnc2C(=O)NCc2ccc(-c3cccnc3)cc2)cc1,6750.0,
CHEMBL3339406,Cc1ccc(NC(=O)c2nccnc2C(=O)Nc2ccccc2-c2ccncc2)cc1,4710.0,
CHEMBL4869904,Ic1ccc(-c2ncc(OCCC3CCNCC3)nc2-c2ccc(I)cc2)cc1,10200.0,
CHEMBL4867805,ONCc1ccc(-c2ncc(OCCC3CCNCC3)nc2-c2ccc(CNO)cc2)cc1,3800.0,
CHEMBL3426584,O=C1CC2(CNc3ccc(Cl)cc32)c2cnn(Cc3ccc(Cl)cc3)c2N1,1100.0,
CHEMBL112115,Nc1ccc(-c2nc3ccccc3o2)cc1,112219.0,
CHEMBL1405897,COc1cc(OC)nc(NC(=O)CSc2nnc(-c3ccccc3)n2C2CCCCC2)n1,112219.0,
CHEMBL1309669,COc1cc(O)ccc1C=O,112219.0,
CHEMBL1445241,NC(=O)N1CCN(C(=O)c2ccco2)CC1,112219.0,
CHEMBL1389448,O=C(Nc1cccc(NC(=O)c2cccnc2Cl)c1)c1ccco1,16618.0,
CHEMBL1585869,Cc1cccc(C)c1OCc1cc(C(=O)N2CCC(c3ccncc3)CC2)no1,112219.0,
CHEMBL1524404,O=C(NCc1ccccc1)C(c1cccnc1)N(C(=O)c1ccccn1)c1ccccc1F,112219.0,
CHEMBL1429929,CCOC(=O)CCS(=O)(=O)c1nc(-c2ccccc2)cc(C(F)(F)F)n1,14120.0,
CHEMBL1524929,COc1ccccc1C(=O)Nc1nc2ccccc2s1,3960.0,
CHEMBL1509333,CC(Sc1ccccc1)C(=O)Nc1ccccc1C(=O)N1CCOCC1,112219.0,
CHEMBL1485577,Nc1ccc(-c2nc3ccc(N)cc3o2)cc1,24994.0,
CHEMBL1471597,CCOc1ccccc1NC(=O)COC(=O)Cc1cccs1,112219.0,
CHEMBL1392904,CC1N(O)C(c2ccc(Cl)cc2Cl)N(O)C1(C)C,112219.0,
CHEMBL1367227,Cc1cc(C)nc(NC2=NCCS2)n1,112219.0,
CHEMBL1524484,CCn1c(C)nc2cc(-c3nc4n(n3)Cc3ccccc3-4)ccc21,352.0,
CHEMBL3741713,COc1cccc(COc2ccc([C@@H](NC(=O)[C@H](CCCCN)NC(=O)[C@H](CCCNC(=N)N)NC(=O)c3ccc(-c4cccs4)s3)C(N)=O)cc2)c1,176.0,
CHEMBL4437627,C=CCN1C(=O)[C@]2(CC(=O)Nc3c2nnn3[C@@H](C)c2ccc(Cl)cc2)c2cc(Cl)ccc21,5.0,
CHEMBL4538323,C[C@@H](c1ccc(Cl)cc1)n1nnc2c1NC(=O)C[C@]21C(=O)N(CCN(C)C)c2ccc(Cl)cc21,2.0,
CHEMBL2164635,NS(=O)(=O)c1ccc(N/N=C/c2cc(C(=O)N/N=C\Cc3ccccc3)c3ccccc3n2)cc1,100000.0,
CHEMBL2164662,O=C(N/N=C\Cc1ccccc1)c1cc(/C=N/Nc2cccc(Cl)c2)nc2ccccc12,28120.0,
CHEMBL1630219,C#C[C@@]1(O)[C@H](O)[C@@H](CO)O[C@H]1n1cc(C(N)=O)c2c(N)ncnc21,1620.0,
CHEMBL3808633,COc1cccc(S(=O)(=O)NC(=O)c2cc(-c3ccc(C#CCO)s3)c(OC)cc2OC)c1,68.0,
CHEMBL3809079,COc1cc(C)c(C(=O)NS(=O)(=O)c2ccccc2)cc1-c1ccc(C#CCO)s1,41000.0,
CHEMBL4850491,FC(F)(F)c1ccc(/N=N/c2nc(NCCOc3ccccc3)nc3[nH]cnc23)cc1,,
CHEMBL4870296,N=C(N)c1cccc(-c2ccc3c(c2)c2cc(-c4cccc(C(=N)N)c4)ccc2n3S(=O)(=O)c2ccccc2OC(F)(F)F)c1,5600.0,
CHEMBL539922,Cc1ccc(C(NN=C(N)N)[PH](=O)O)cc1,14000.0,
CHEMBL3578062,Cc1cn([C@H]2C[C@H](NC(=O)CCCCc3ccc(F)cc3)[C@@H](CO[Si](C)(C)C(C)(C)C)O2)c(=O)[nH]c1=O,9600.0,
CHEMBL3578064,Cc1cn([C@H]2C[C@H](NC(=O)Nc3cccc4ccccc34)[C@@H](CO[Si](C)(C)C(C)(C)C)O2)c(=O)[nH]c1=O,11000.0,
CHEMBL4293580,Nc1ncnc2c1c1cc(Cl)ccc1n2[C@@H]1O[C@H](CO)[C@@H](O)[C@@H]1O,50000.0,
CHEMBL2164645,O=C(NCCCc1ccccc1)c1cc(/C=N/Nc2cccc(Br)c2)nc2ccccc12,100000.0,
CHEMBL2164636,NS(=O)(=O)c1ccc(N/N=C/c2cc(C(=O)N/N=C\C=C\c3ccccc3)c3ccccc3n2)cc1,7460.0,
CHEMBL2164632,O=C(N/N=C\C=C\c1ccccc1)c1cc(/C=N/Nc2cccc(Cl)c2)nc2ccccc12,14320.0,
CHEMBL2164649,O=C(CCCC(=O)/C(=C\c1ccc2c(c1)OCO2)CC(=O)c1ccccc1)OCCCl,242400.0,
CHEMBL2440160,CCCC[C@H](NC(=O)[C@H](CCCCN)NC(=O)[C@H](CCCNC(=N)N)NC(=O)c1ccc(/C=C2\SC(=S)N(Cc3ccc(F)cc3)C2=O)cc1)C(N)=O,10000.0,
CHEMBL2440158,CCCC[C@H](NC(=O)[C@H](CCCCN)NC(=O)[C@H](CCCNC(=N)N)NC(=O)c1ccc(/C=C2\SC(=S)N(Cc3ccc(C)cc3)C2=O)cc1)C(N)=O,7500.0,
CHEMBL4527753,N=C(N)NCCC[C@H](NC(=O)c1ccccc1)C(=O)N[C@@H](CCCCN)C(=O)N[C@@H]1CN(c2ccccc2)C1=O,17700.0,
CHEMBL3603846,Cc1cnc(N)c2ncn([C@@H]3C=C(CO)[C@@H](O)[C@H]3O)c12,228000.0,
CHEMBL3426589,O=C1CC2(C(=O)Nc3ccc(Br)cc32)c2cnn(Cc3ccc(Cl)cc3)c2N1,50.0,
CHEMBL4218425,COc1cccc(NC(C(=O)c2c[nH]c3ccccc23)c2cncnc2)c1,391.0,
CHEMBL4217780,COc1cc(NC(C(=O)c2c[nH]c3ccc(CCCO)cc23)c2ccccc2)cc(OC)c1,96.0,
CHEMBL3426546,COc1ccc(Cn2ncc3c2NC(=O)CC32C(=O)Nc3ccc(Cl)cc32)cc1,6200.0,
CHEMBL1940607,O=C(O)CCC[C@@H](/C=C/c1ccccc1)c1c(O)cc2c(c1O)C(=O)C[C@H](c1ccccc1)O2,9000.0,
CHEMBL1940603,O=C(O)CCC/C=C/C(c1ccccc1)c1c(O)c2c(c(C(/C=C/CCCC(=O)O)c3ccccc3)c1O)OC(c1ccccc1)CC2=O,4200.0,
CHEMBL3339383,Cc1cc(-c2ccccc2NC(=O)c2nc[nH]c2C(=O)Nc2ccc(F)cc2)[nH]n1,6030.0,
CHEMBL4212403,COc1cc(NC(C(=O)c2c[nH]c3ccccc23)c2ccccc2)cc(OC)c1,1.0,
CHEMBL2440167,CCCC[C@H](NC(=O)[C@H](CCCCN)NC(=O)[C@H](CCCNC(=N)N)NC(=O)c1ccc(/C=C2\SC(=S)N(C)C2=O)cc1)C(N)=O,50000.0,
CHEMBL2440347,CCCC[C@H](NC(=O)[C@H](CCCCN)NC(=O)[C@H](CCCNC(=N)N)NC(=O)c1ccc(/C=C2\SC(=O)N(CCc3ccccc3)C2=O)cc1)C(N)=O,3500.0,
CHEMBL2440162,CCCC[C@H](NC(=O)[C@H](CCCCN)NC(=O)[C@H](CCCNC(=N)N)NC(=O)c1ccc(/C=C2\SC(=S)N(CCc3ccccc3)C2=O)cc1)C(N)=O,25600.0,
CHEMBL4074725,COc1ccc(-c2csc(NC(=O)c3cc(C(C)(C)C)cc(C(C)(C)C)c3)n2)cc1,1000.0,
CHEMBL280978,C=C(CC[C@]12O[C@H](C(=O)O)[C@@](O)(C(=O)O)[C@](C(=O)O)(O1)[C@H](OC(=O)/C=C/[C@@H](C)C[C@@H](C)CC)[C@H]2O)[C@@H](OC(C)=O)[C@H](C)Cc1ccccc1,8300.0,
CHEMBL5176286,O=C(Nc1nc2ccc([N+](=O)[O-])cc2s1)c1ccccc1Sc1ccc(C(F)(F)F)cc1,100.0,
CHEMBL4450411,O=C(O)c1cc2sc(NC(=O)c3ccccc3Sc3ccc(C(F)(F)F)cc3)nc2cc1O,900.0,
CHEMBL506247,O=C(OC[C@H]1O[C@@H](OC(=O)c2cc(O)c(O)c(OC(=O)c3cc(O)c(O)c(O)c3)c2)[C@H](OC(=O)c2cc(O)c(O)c(OC(=O)c3cc(O)c(O)c(O)c3)c2)[C@@H](OC(=O)c2cc(O)c(O)c(OC(=O)c3cc(O)c(O)c(O)c3)c2)[C@@H]1OC(=O)c1cc(O)c(O)c(OC(=O)c2cc(O)c(O)c(O)c2)c1)c1cc(O)c(O)c(OC(=O)c2cc(O)c(O)c(O)c2)c1,130.0,
CHEMBL598786,COc1cc(/C=C2/NC(=O)N(Cc3ccc(Cl)cc3Cl)C2=O)ccc1O[C@H](C)C(=O)O,100000.0,
CHEMBL597978,COc1ccc(/C=C2/CN(CCCC(=O)O)C(=O)C2=O)cc1,100000.0,
CHEMBL4849139,O=C(NC1CCNCC1)c1c[nH]c2cc(-c3ccncc3)ccc12,10000.0,
CHEMBL607135,CC(C)C[C@@H]1NC(=O)CNC(=O)[C@H](CCCNC(=N)N)NC(=O)[C@H](CCCNC(=N)N)NC(=O)[C@H]([C@@H](C)O)NC(=O)[C@@H]2CSSC[C@H](NC(=O)CNC(=O)[C@@H]3CCCN3C(=O)[C@H]([C@@H](C)O)NC(=O)[C@@H](N)CC(=O)NC(=O)[C@@H]3CSSC[C@H](NC(=O)[C@H](C(C)C)NC(=O)[C@@H]4CCCN4C1=O)C(=O)NCC(=O)N[C@@H](CO)C(=O)N[C@@H](CCC(=O)O)C(=O)N[C@@H](CCC(=O)O)C(=O)N[C@@H](CO)C(=O)N[C@@H](CCCNC(=N)N)C(=O)N[C@@H](CCCNC(=N)N)C(=O)NCC(=O)N3)C(=O)N[C@@H](CCCNC(=N)N)C(=O)N[C@@H](CCCNC(=N)N)C(=O)N[C@@H](CO)C(=O)N[C@@H](Cc1c[nH]c3ccccc13)C(=O)N1CCC[C@H]1C(=O)N[C@@H](C(C)C)C(=O)N2,4300.0,
CHEMBL3578024,COc1ccc2cc(-c3cnnn3[C@H]3C[C@H](n4cc(C)c(=O)[nH]c4=O)O[C@@H]3CO[Si](C)(C)C(C)(C)C)ccc2c1,7300.0,
CHEMBL1630221,C#C[C@@]1(O)[C@H](O)[C@@H](CO)O[C@H]1n1ccc2c(N)ncnc21,700.0,
CHEMBL3912561,CC(C)(C)c1ccc(C(=O)N[C@@H](Cc2ccc(NC(=N)N)cc2)C(=O)N[C@@H](CCCNC(=N)N)C(N)=O)cc1,145000.0,
CHEMBL596747,Cc1cc(C(=O)CSc2nc(N)cc(=O)[nH]2)c(C)n1Cc1ccc2c(c1)OCO2,16090.0,
CHEMBL597979,O=S(=O)(O)c1cccc(NNc2ccc(Nc3ccccc3)cc2)c1,7140.0,
CHEMBL605779,Cc1ccc(Cl)cc1NS(=O)(=O)c1ccc(NS(=O)(=O)c2ccc3ccccc3c2)cc1,12000.0,
CHEMBL4476807,COc1ccc(-c2cnc3[nH]cc(NS(=O)(=O)c4ccccc4)c3c2)cc1OC,8140.0,
CHEMBL4468845,COc1ccc(-c2cnc3[nH]cc(C#Cc4ccc(F)cc4)c3c2)cc1OC,4210.0,
CHEMBL4456500,O=C(Nc1c[nH]c2ncc(-c3ccsc3)cc12)c1cccnc1,3010.0,
CHEMBL1996490,O=C(Nc1ccccc1C(=O)N/N=C/c1ccco1)c1ccc(F)cc1,10356.0,
CHEMBL1450686,O=C1c2ccccc2C(Nc2ccc3c(c2)OCO3)N1Cc1ccco1,112219.0,
CHEMBL1529787,COc1ccc(CCNC(=O)c2cc(S(=O)(=O)N3CCOCC3)cn2C)cc1OC,112219.0,
CHEMBL1445248,CCN(C(=O)CN1C(=O)NC(c2ccccc2)(c2ccccc2)C1=O)c1ccccc1,112219.0,
CHEMBL1379076,Cc1ccc2c(CC(=O)N3CCN(S(=O)(=O)c4cccs4)CC3)coc2c1,112219.0,
CHEMBL1562496,O=C(Nc1ccc(-c2nc3ccccc3o2)cc1)C1CCCO1,2585.0,
CHEMBL1352955,COc1ccc(NC(=O)c2cc3ccccn3n2)cc1,112219.0,
CHEMBL1471294,Cl.OC(CNCc1cccc(Br)c1)c1ccccc1,20674.0,
CHEMBL1407964,CCC(=O)Nc1cccc(NC(=O)c2ccccc2Cl)c1,3424.0,
CHEMBL1353398,Cc1ccc(C2CC(c3ccccc3OC(F)F)Nc3ncnn32)cc1,112219.0,
CHEMBL3207474,CCc1ccc(/C=N/NC(=O)c2nnn(-c3nonc3N)c2CN2CCOCC2)cc1,52852.0,
CHEMBL1378527,CCCCN(C(=O)C1CC(=O)N(c2ccc(OC)cc2OC)C1)c1c(N)n(CC(C)C)c(=O)[nH]c1=O,17472.0,
CHEMBL1562602,Cl.O=C1CSC(c2cn(-c3ccccc3)nc2-c2ccc3c(c2)OCCO3)N1CCN1CCOCC1,112219.0,
CHEMBL1496592,O=C(c1ccccc1)c1ccc2cc(O)ccc2c1,7736.0,
CHEMBL1309377,Cc1ccc(/C=C/C(=O)Nc2ccccc2C(N)=O)cc1,22268.0,
CHEMBL1457188,O=C(CSc1nnc(-c2cccnc2)n1Cc1ccccc1)N1CCOCC1,17174.0,
CHEMBL1535927,CCOc1cccc2cc(C(=O)NCc3cccnc3)c(=O)oc12,112219.0,
CHEMBL1612693,O=C(CSCc1ccco1)c1cccs1,112219.0,
CHEMBL1348864,Cc1nnc2c(N(C)S(=O)(=O)c3ccccc3)nc3ccccc3n12,112219.0,
CHEMBL4166621,NS(=O)(=O)c1ccc(N2N=C(c3ccc(Oc4ccccc4)cc3)CC2c2ccccc2F)cc1,34000.0,
CHEMBL3793486,CC(C)CC[C@@H](O)[C@](C)(O)[C@H]1CC[C@@]2(O)C3=CC(=O)[C@@H]4C[C@@H](O)[C@@H](O)C[C@]4(C)[C@H]3[C@H](O)C[C@]12C,12150.0,
CHEMBL3793486,CC(C)CC[C@@H](O)[C@](C)(O)[C@H]1CC[C@@]2(O)C3=CC(=O)[C@@H]4C[C@@H](O)[C@@H](O)C[C@]4(C)[C@H]3[C@H](O)C[C@]12C,15700.0,
CHEMBL4126945,C#C[C@]1(O)[C@H](n2ccc(=O)[nH]c2=O)O[C@](F)(CO[P@@](=O)(N[C@@H](C)C(=O)OC(C)C)Oc2ccccc2)[C@H]1O,570.0,
CHEMBL1560675,COc1ccccc1C(=O)COC(=O)/C=C/c1ccccc1,112219.0,
CHEMBL3764037,Brc1cccc(-c2nnc(/C=C/c3ccc(-c4ccccc4)s3)o2)c1,53900.0,
CHEMBL3765813,Clc1cccc(-c2nnc(/C=C/c3ccc(-c4ccccc4)s3)o2)c1,14100.0,
CHEMBL3764002,Clc1cc(Cl)cc(-c2nnc(/C=C/c3ccc(Br)s3)o2)c1,6900.0,
CHEMBL1489620,CCN(CC)CC(=O)n1c2c(c3ccccc31)CCCC2,112219.0,
CHEMBL1386646,CC1CC(=O)NN=C1c1ccc(N(C)C)c([N+](=O)[O-])c1,149.0,
CHEMBL1450116,Cc1ccc(S(=O)(=O)Cc2ccc(C(=O)N3CCN(c4cccc(C)c4C)CC3)o2)cc1,112219.0,
CHEMBL3764674,Brc1cccc(-c2nnc(/C=C/c3ccc(Br)s3)o2)c1,5700.0,
CHEMBL3764484,Clc1cccc(-c2noc(/C=C/c3ccc(Br)s3)n2)c1,3000.0,
CHEMBL3763981,O=C(/C=C/c1ccc(-c2ccccc2)s1)Nc1cccc(Cl)c1,400.0,
CHEMBL4204690,COc1cccc(NC(C(=O)c2c[nH]c3cc(Cl)ccc23)c2ccccc2)c1,13.0,
CHEMBL610118,N#C/N=C(/N)c1ncn(C2O[C@H](CO)[C@@H](O)[C@H]2O)n1,250.0,
CHEMBL4546393,C=CCn1c2cc(Cl)ccc2c(=O)c2cccc(OC)c21,19900.0,
CHEMBL4861658,O=C(NCC1CCNCC1)c1c[nH]c2cc(-c3cn[nH]c3)ccc12,48300.0,
CHEMBL4855636,Cc1cc(C#N)ccc1-c1ccc2[nH]c(C(=O)NCC3CCNCC3)cc2c1,50000.0,
CHEMBL4074725,COc1ccc(-c2csc(NC(=O)c3cc(C(C)(C)C)cc(C(C)(C)C)c3)n2)cc1,1000.0,
CHEMBL4074725,COc1ccc(-c2csc(NC(=O)c3cc(C(C)(C)C)cc(C(C)(C)C)c3)n2)cc1,1000.0,
CHEMBL4440558,CC(C)C(=O)OC[C@@]1(N=[N+]=[N-])O[C@@H](n2ccc(N)cc2=O)[C@H](OC(=O)C(C)C)[C@@H]1OC(=O)C(C)C,1300.0,
CHEMBL4440558,CC(C)C(=O)OC[C@@]1(N=[N+]=[N-])O[C@@H](n2ccc(N)cc2=O)[C@H](OC(=O)C(C)C)[C@@H]1OC(=O)C(C)C,1300.0,
CHEMBL2110737,CCCC(=O)O[C@H]1CN2CC[C@H](O)[C@@H]2[C@@H](O)[C@@H]1O,220.0,
CHEMBL1535,CCN(CCO)CCCC(C)Nc1ccnc2cc(Cl)ccc12,9700.0,
CHEMBL4448694,C=CCn1c2ccccc2c(=O)c2ccc(Cl)cc21,2500.0,
CHEMBL4538599,C=CCn1c2ccc(Cl)cc2c(=O)c2cccc(OC)c21,13500.0,
CHEMBL4568250,CC(C)N1C(=O)C[C@]2(C(=O)Nc3ccc(Cl)cc32)c2nnn([C@@H](C)c3ccc(Cl)cc3)c21,860.0,
CHEMBL4436766,CNCCN1C(=O)[C@]2(CC(=O)Nc3c2nnn3[C@@H](C)c2ccc(Cl)cc2)c2cc(Cl)ccc21,120.0,
CHEMBL4540549,C[C@@H](c1ccc(Cl)cc1)n1nnc2c1NC(=O)C[C@]21C(=O)N(CCOC(=O)CCCCCCCNC(=O)CCCC[C@@H]2SC[C@@H]3NC(=O)N[C@@H]32)c2ccc(Cl)cc21,41.4,
CHEMBL575724,CN(CCCNC(=O)c1ccc(O)cc1)CCCNC(=O)c1ccc2cc(O)ccc2c1,294000.0,
CHEMBL582943,CCN(CCOC(=O)/C=C/c1ccc(O)cc1)Cc1cc(Cl)ccc1O,46000.0,
CHEMBL3596788,COc1nc(N)ncc1-c1cn(COCCO)cn1,8400.0,
CHEMBL478802,O=C1N[C@H]2C=C[C@@H](O)[C@H](O)[C@@H]2c2cc3c(cc21)OCO3,,
CHEMBL3143137,CCCCCCCCCCCCSCC(COP(=O)(O)OC[C@H]1O[C@@H](n2ccc(N)nc2=O)C(F)(F)[C@@H]1O)OCCCCCCCCCC,590.0,
CHEMBL1417732,CCOc1ccc(OCC(=O)Nc2nccs2)cc1,2371.0,
CHEMBL4590585,O=C(Nc1c[nH]c2ncc(-c3ccccc3)cc12)c1cccnc1,5290.0,
CHEMBL4515898,C[C@@H](c1ccc(Cl)cc1)n1nnc2c1NC(=O)C[C@]21C(=O)N(Cc2ccccn2)c2ccc(Cl)cc21,20.0,
CHEMBL597358,Cc1ccccc1COc1ccc(C(=O)[C@@H]2C(=O)C(=O)N(Cc3ccncc3)[C@H]2c2cccc(O)c2)cc1,9620.0,
CHEMBL607863,COc1ccc2c(c1)C(CC(=O)O)CN2Cc1ccccc1,100000.0,
CHEMBL599409,CCN(CC)c1ccc(/C=N\Nc2ccc(Cl)c(C(=O)O)c2)c(O)c1,87100.0,
CHEMBL597776,O=C(O)CCC(=O)N1NC(c2c(O)nc3ccc(Cl)cc3c2-c2ccccc2)=C[C@@H]1c1ccc(Br)cc1,4420.0,
CHEMBL2042321,CC(C)(C)Oc1cccc2nc(N)nc(N)c12,50.0,
CHEMBL4462164,Cc1cccc(N2C[C@H](NC(=O)[C@H](NC(=O)[C@H](CCCCN)NC(=O)[C@H](CCCNC(=N)N)NC(=O)c3ccccc3)c3ccc(OCc4ccccc4)cc3)C2=O)c1,2800.0,
CHEMBL4460577,CC[C@@H](c1cc(OC)c(OC)cc1OC)[C@H](C)[C@@H](/C(C)=C/c1cc(OC)c(OC)cc1OC)c1cc(OC)c(OC)cc1OC,3900.0,
CHEMBL1496651,Cc1cccc(C(=O)O/N=C(\N)c2ccccn2)c1,20352.0,
CHEMBL1585258,COc1ccc(Nc2cc3n(c(=O)n2)CCc2cc(OC)c(OC)cc2-3)cc1,4679.0,
CHEMBL1536112,CCN(CC)S(=O)(=O)CCP(=O)(O)CCS(=O)(=O)N(CC)CC,23403.0,
CHEMBL3392070,Cn1c(=O)c2c(nc(OCc3ccc(Cl)cc3Cl)n2Cc2ccc(F)cc2)n(C)c1=O,112219.0,
CHEMBL1391640,COc1ccc([N+](=O)[O-])cc1C1NN=C(c2cccc3ccccc23)S1,112219.0,
CHEMBL1564396,COC(=O)c1sccc1NC(=O)Nc1ccc(F)cc1,1667.0,
CHEMBL1588563,CCN(C(=O)CSc1nnc(C)n1-c1ccccc1)C1CCS(=O)(=O)C1,112219.0,
CHEMBL1432448,O=C1/C(=C\c2ccc([N+](=O)[O-])cc2)CCc2ccccc21,2526.0,
CHEMBL1334614,Cc1nnc(NC(=O)CSc2cn(CCNC(=O)c3ccccc3)c3ccccc23)s1,80006.0,
CHEMBL1565070,CCOC(=O)c1cc(-c2ccccc2)sc1NC(=O)C(C)OC(=O)c1cccnc1OCC,112219.0,
CHEMBL1472437,COc1ccccc1NC(=O)Nc1ccc(C(=O)N2CCCCC2)cc1,6671.0,
CHEMBL1630221,C#C[C@@]1(O)[C@H](O)[C@@H](CO)O[C@H]1n1ccc2c(N)ncnc21,580.0,
CHEMBL4869859,N=C(N)Nc1ccc(C[C@H](NC(=O)[C@@H](NC(=O)c2ccccc2)c2ccc(OCc3ccccc3)cc2)C(=O)N[C@@H](C(N)=O)c2ccc(OCc3ccccc3)cc2)cc1,1700.0,
CHEMBL4867306,N/C(=N\O)c1cccc(-c2ccc3c(c2)c2cc(-c4cccc(/C(N)=N/O)c4)ccc2n3S(=O)(=O)c2ccccc2Cl)c1,2700.0,
CHEMBL4860668,N/C(=N\O)c1cccc(-c2ccc3c(c2)c2cc(-c4cccc(/C(N)=N/O)c4)ccc2n3S(=O)(=O)c2ccccc2C(F)(F)F)c1,5300.0,
CHEMBL4855284,N/C(=N\O)c1cccc(-c2ccc3c(c2)c2cc(-c4cccc(/C(N)=N/O)c4)ccc2n3S(=O)(=O)c2cccc(F)c2)c1,3100.0,
CHEMBL4850523,N/C(=N\O)c1cccc(-c2ccc3c(c2)c2cc(-c4cccc(/C(N)=N/O)c4)ccc2n3S(=O)(=O)c2cccc(Cl)c2)c1,7600.0,
CHEMBL4868418,N/C(=N\O)c1cccc(-c2ccc3c(c2)c2cc(-c4cccc(/C(N)=N/O)c4)ccc2n3S(=O)(=O)c2ccc(Br)cc2)c1,5400.0,
CHEMBL4875659,COc1ccc(Br)cc1S(=O)(=O)n1c2ccc(-c3cccc(/C(N)=N/O)c3)cc2c2cc(-c3cccc(/C(N)=N/O)c3)ccc21,4900.0,
CHEMBL1462301,Cc1ccc(NC(=O)c2sccc2C)nc1,5976.0,
CHEMBL1374873,CN(CC(=O)Nc1ccccc1Br)C(=O)C(Cc1ccccc1)NC(=O)c1ccccc1,112219.0,
CHEMBL1441586,Cc1ccccc1SCC(=O)OCC(=O)N(C)c1c(N)n(Cc2ccccc2)c(=O)[nH]c1=O,112219.0,
CHEMBL1304456,C/C(=C1/SC(=S)N(CCC(=O)O)C1=O)c1ccc(O)cc1,112219.0,
CHEMBL1370888,COc1cc2cc(CN(CCO)S(=O)(=O)c3ccccc3Cl)c(O)nc2cc1OC,112219.0,
CHEMBL1414953,COc1ccc(C(c2sc3nc(C)nn3c2O)N2CCCCC2)cc1,112219.0,
CHEMBL1335481,CSc1cccc(NC(=O)c2cc(S(=O)(=O)N3CCCC3)cn2C)c1,112219.0,
CHEMBL1424442,Cc1nc2cc(Nc3ccncc3)ccc2s1,112219.0,
CHEMBL1598222,CC(=O)Oc1ccc2c(=O)c(-c3nc4ccccc4s3)coc2c1,3829.0,
CHEMBL1723238,COC(=O)c1cnn(-c2ccc(F)cc2F)c1/C=N/NC(N)=S,112219.0,
CHEMBL1459468,COc1ccccc1C(=O)Nc1nc2ccccc2[nH]1,196.0,
CHEMBL1497226,Cc1ccc2cccc(S(=O)(=O)N3CCCc4ccccc43)c2n1,15820.0,
CHEMBL1319035,COc1ccccc1C(=O)NCCC(=O)Nc1ncccc1O,112219.0,
CHEMBL1399363,COCC(C)n1c(C)cc(C(=O)CN2C(=O)NC(Cc3c[nH]c4ccccc34)C2=O)c1C,112219.0,
CHEMBL1537594,O=C(Nc1nccs1)C1CCN(S(=O)(=O)c2ccc(F)cc2)CC1,18635.0,
CHEMBL1537779,CCc1nc(NC(C)C)c2oc3ccccc3c2n1.Cl,112219.0,
CHEMBL3197013,Cc1ccc(/C=N/NC(=O)C(O)c2ccccc2)o1,112219.0,
CHEMBL1608918,O=C(NC1CCCC1)C(c1ccco1)N(Cc1ccccc1)C(=O)c1csnn1,112219.0,
CHEMBL1414030,CNc1nc2c3ccccc3n(C(C)=O)c2s1,112219.0,
CHEMBL1330584,COCCSc1ccccc1C(=O)Nc1ccc2c(c1)OCO2,112219.0,
CHEMBL1974563,Cc1ccccc1/N=C/C1=C(O)c2ccccc2C1=O,3787.0,
CHEMBL1489863,C=CCn1c(S)nnc1-c1cc(Cl)ccc1OC,112219.0,
CHEMBL1404547,COc1ccc(-c2ccc(SC)nn2)cc1,1977.0,
CHEMBL1404414,O=C(Nc1ccc2c(c1)OCO2)Nc1ccccc1F,3415.0,
CHEMBL1534556,S=C(Nc1ccccc1Cl)N(CCCN1CCOCC1)Cc1ccco1,112219.0,
CHEMBL1573499,CCCCn1c(N)c(N(CCC(C)C)C(=O)C2CC(=O)N(c3ccc(OC)cc3OC)C2)c(=O)[nH]c1=O,112219.0,
CHEMBL3197774,COC(=O)c1nn(-c2ccccc2)c(Sc2ccc(OC)cc2)c1/C=N/O,28514.0,
CHEMBL1483581,O=C(Nc1ccccn1)c1c(O)c2cccc3c2n(c1=O)CCC3,112219.0,
CHEMBL1631768,C#C[C@@]1(O)[C@H](O)[C@@H](CO)O[C@H]1n1cc(F)c2c(N)ncnc21,420.0,
CHEMBL1630221,C#C[C@@]1(O)[C@H](O)[C@@H](CO)O[C@H]1n1ccc2c(N)ncnc21,700.0,
CHEMBL2042313,COc1ccc2nc(N)nc(N)c2c1,10000.0,
CHEMBL343382,CCOc1cccc2nc(N)nc(N)c12,37.0,
CHEMBL4212350,COc1ccc(OC)c(NC(C(=O)c2c[nH]c3ccccc23)c2ccccc2)c1,2500.0,
CHEMBL4214143,COc1cncc(NC(C(=O)c2c[nH]c3ccccc23)c2ccccc2)n1,484.0,
CHEMBL4203657,O=C(c1c[nH]c2ccccc12)C(NC1CCCC1)c1ccccc1,15000.0,
CHEMBL4448694,C=CCn1c2ccccc2c(=O)c2ccc(Cl)cc21,8300.0,
CHEMBL2440161,CCCC[C@H](NC(=O)[C@H](CCCCN)NC(=O)[C@H](CCCNC(=N)N)NC(=O)c1ccc(/C=C2\SC(=S)N(Cc3ccc(Cl)cc3)C2=O)cc1)C(N)=O,10000.0,
CHEMBL2440159,CCCC[C@H](NC(=O)[C@H](CCCCN)NC(=O)[C@H](CCCNC(=N)N)NC(=O)c1ccc(/C=C2\SC(=S)N(Cc3ccc(OC)cc3)C2=O)cc1)C(N)=O,7900.0,
CHEMBL2440339,CCCC[C@H](NC(=O)[C@H](CCCCN)NC(=O)[C@H](CCCNC(=N)N)NC(=O)c1ccccc1)C(N)=O,13300.0,
CHEMBL2164656,CCOC(=O)c1cc(/C=N/Nc2ccc(C(C)C)cc2)c(O)c(/C=N/Nc2ccc(C(C)C)cc2)c1,8000.0,
CHEMBL2164659,CCOC(=O)c1cc(/C=N/Nc2nc3ccccc3[nH]2)cc(/C=N/Nc2nc3ccccc3[nH]2)c1,29530.0,
CHEMBL4460508,Cc1ccc(S(=O)(=O)N2CCC[C@H]2C(=O)Nc2nc3cc(O)c(O)cc3s2)cc1,25200.0,
CHEMBL3740379,Cc1cccc(COc2ccc([C@@H](NC(=O)[C@H](CCCCN)NC(=O)[C@H](CCCNC(=N)N)NC(=O)c3ccccc3)C(N)=O)cc2)c1,309.0,
CHEMBL3742115,N=C(N)NCCC[C@H](NC(=O)c1ccc(-c2cccs2)s1)C(=O)N[C@@H](CCCCN)C(=O)N[C@@H](C(N)=O)c1ccc(OCc2ccccc2)cc1,375.0,
CHEMBL3357581,C/C=C(\C)C(=O)O[C@@H]1[C@H]2C=C3[C@@H]4CC(=O)O[C@@H](c5ccoc5)[C@]4(C)CC[C@@H]3[C@@](C)(C2=O)[C@@H]([C@@H](OC(C)=O)C(=O)OC)C1(C)C,6300.0,
CHEMBL3740745,COc1cccc(COc2ccc([C@@H](NC(=O)[C@H](CCCCN)NC(=O)[C@H](CCCNC(=N)N)NC(=O)c3cccs3)C(N)=O)cc2)c1,54630.0,
CHEMBL3339396,O=C(NCc1ccc(-c2ccncc2)cc1)c1nccnc1C(=O)Nc1ccc(F)cc1,940.0,
CHEMBL3339400,O=C(Nc1ccc(F)cc1)c1nccnc1C(=O)Nc1ccccc1-c1cccnc1,23190.0,
CHEMBL4751025,C[C@H](CO)NC(=O)c1cc(-c2ccccc2)c(=O)n2c1sc1ccc(OC3CCCCC3)cc12,,
CHEMBL4785284,CC(C)(CC(=O)O)NC(=O)c1cc(-c2ccccc2)c(=O)n2c1sc1ccc(OC3CCCCC3)cc12,3100.0,
CHEMBL4483684,Cc1cccc(-c2cnc3[nH]cc(NC(=O)c4cccnc4)c3c2)c1,4860.0,
CHEMBL4541962,COc1ccc(-c2cnc3[nH]cc(NC(=O)c4cccnc4)c3c2)cc1OC,739.0,
CHEMBL4877568,FC(F)(F)c1ccc(NNc2nc(NCCOc3ccccc3)nc3[nH]cnc23)cc1,,
CHEMBL4063453,N=C(N)NCCC[C@@H]1NC(=O)[C@H](CCCCN)NC(=O)CNC(=O)[C@@H](Cc2ccccc2)NC(=O)[C@H](CO)NC(=O)[C@H](CCc2ccccc2)NC(=O)[C@H](CO)NC(=O)[C@H](CCCCN)NC1=O,5000.0,
CHEMBL4173042,NS(=O)(=O)c1ccc(N2N=C(c3ccc(Oc4ccccc4)cc3)CC2c2ccccc2)cc1,13000.0,
CHEMBL4128303,C#C[C@@]1(F)[C@H](O)[C@@H](CO[P@@](=O)(N[C@@H](C)C(=O)OC(C)C)Oc2ccccc2)O[C@H]1n1ccc(=O)[nH]c1=O,25000.0,
CHEMBL4127819,CC#C[C@@]1(O)[C@H](O)[C@@H](COP(=O)(O)OP(=O)(O)OP(=O)(O)O)O[C@H]1n1ccc(=O)[nH]c1=O,2000.0,
CHEMBL4442641,N=C(N)NCCC[C@H](N[C@@H](c1ccccc1)C(F)(F)F)C(=O)N[C@@H](CCCCN)C(=O)N[C@@H](C(N)=O)c1ccccc1,,
CHEMBL4446551,CC(C)CCN1C(=O)[C@]2(CC(=O)Nc3c2nnn3[C@@H](C)c2ccc(Cl)cc2)c2cc(Cl)ccc21,160.0,
CHEMBL4545602,Cc1ccc(N2C[C@@H](NC(=O)[C@H](NC(=O)[C@H](CCCCN)NC(=O)[C@H](CCCNC(=N)N)NC(=O)c3ccccc3)c3ccc(OCc4ccccc4)cc3)C2=O)cc1,15900.0,
CHEMBL4435541,N=C(N)NCCC[C@H](NC(=O)c1ccccc1)C(=O)N[C@@H](CCCCN)C(=O)N[C@@H](C(=O)N[C@H]1CN(c2ccccc2)C1=O)c1ccc(OCc2ccccc2)cc1,11700.0,
CHEMBL4563546,CN(C(=O)c1ccccc1)[C@@H](CCCNC(=N)N)C(=O)N[C@@H](CCCCN)C(=O)N[C@@H](C(N)=O)c1ccccc1,3600.0,
CHEMBL4097787,Nc1ncc(Br)c2c1ncn2[C@H]1C=C[C@H](O)[C@@H]1O,7.2,
CHEMBL83598,O=C1C(=Cc2ccc(O)c(O)c2)C(=O)c2ccccc21,29870.0,
CHEMBL4538527,C#Cc1c(C#N)ncn1[C@@H]1[Se][C@H](CO)[C@@H](O)[C@H]1O,22290.0,
CHEMBL4459190,C#Cc1c(C(N)=O)ncn1[C@@H]1S[C@H](CO)[C@@H](O)[C@H]1O,14630.0,
CHEMBL4858411,CNc1nc(Nc2cccc(C(F)(F)F)c2)c2nc[nH]c2n1,3500.0,
CHEMBL4859678,OCCNc1nc(Nc2cccc(C(F)(F)F)c2)c2nc[nH]c2n1,4500.0,
CHEMBL4853457,Oc1ccc(Nc2nc(NCCOc3ccccc3)nc3[nH]cnc23)cc1O,,
CHEMBL4850709,FC(F)(F)c1cccc(Nc2nc(NCCOc3ccccc3)c3nc[nH]c3n2)c1,,
CHEMBL4845724,Fc1cccc(Nc2nc(NCCOc3ccccc3)nc3[nH]cnc23)c1,100000.0,
CHEMBL4779769,NC(=O)CCNC(=O)c1cc(-c2ccccc2)c(=O)n2c1sc1ccc(OC3CCCCC3)cc12,900.0,
CHEMBL4092129,N=C(N)NCCC[C@@H]1NC(=O)[C@H](CCCNC(=N)N)NC(=O)[C@@H](CCCNC(=N)N)NC(=O)[C@@H](Cc2ccccc2)NC(=O)[C@H](Cc2ccc3ccccc3c2)NC(=O)[C@H](CCc2ccccc2)NC(=O)[C@H](CO)NC(=O)[C@H](CCCCN)NC1=O,1500.0,
CHEMBL4104837,C[C@@H]1NC(=O)[C@H](CCc2ccccc2)NC(=O)[C@H](CO)NC(=O)[C@H](CCCCN)NC(=O)[C@H](CCCNC(=N)N)NC(=O)[C@H](CCCCN)NC(=O)CNC(=O)[C@H](Cc2ccccc2)NC1=O,19800.0,
CHEMBL4084503,C[C@@H]1NC(=O)[C@H](CS)NC(=O)CNC(=O)[C@H](CO)NC(=O)[C@H](CCCCN)NC(=O)[C@H](CCCNC(=N)N)NC(=O)[C@H](CCCCN)NC(=O)CNC1=O,114200.0,
CHEMBL1560954,Cc1ccc(NN2C(=O)C=C(c3ccc(Cl)cc3)C2=O)cc1,9175.0,
CHEMBL1450150,Cc1ccc(-n2c(N)c(C#N)c(-c3ccc(Cl)cc3)c(C#N)c2=O)cc1,4941.0,
CHEMBL3191962,CCN(CC)c1ccc(/C=N/NC(=O)c2ccoc2C)c(O)c1,2063.0,
CHEMBL3211417,COc1ccc(/C=N/NC(=O)c2ccncc2)cc1CN1CCN(c2ccc(F)cc2)CC1,112219.0,
CHEMBL1465438,Cc1ccc2c(c1)C(CCN)C(=O)N2Cc1ccccc1.Cl,112219.0,
CHEMBL3199445,CCOc1cccc(-c2c(C(=O)N/N=C/c3ccc(C)s3)nnn2-c2nonc2N)c1,112219.0,
CHEMBL1522242,O=C(COC(=O)CCC(=O)c1ccc(F)cc1)Nc1cccc(S(=O)(=O)N2CCCC2)c1,15505.0,
CHEMBL1465837,Cc1nc(S)c(C#N)c(C)c1CCC#N,112219.0,
CHEMBL1490043,CCOc1ccc(N/C=C/C(=O)c2ccccc2)cc1,1996.0,
CHEMBL1534616,CCCn1c(SCC(=O)N2CCCC(C)C2)nnc1-c1ccccn1,112219.0,
CHEMBL3542231,CC[C@H](C)[C@H]1O[C@]2(CC[C@@H]1C)C[C@@H]1C[C@@H](C/C=C(\C)[C@@H](O[C@H]3C[C@H](O[C@H]4C[C@H](OC)[C@@H](O)[C@H](C)O4)[C@@H](OC)[C@H](C)O3)[C@@H](C)/C=C/C=C3\CO[C@@H]4[C@H](O)C(C)=C[C@@H](C(=O)O1)[C@]34O)O2,1200.0,
CHEMBL2348374,CC(C)(C)C(=O)N(CCCCCCN1C[C@H](O)[C@@H](O)[C@H](O)[C@H]1CO)C1CCCC1,2000.0,
CHEMBL2348373,CC(C)(C)C(=O)N(CCCCCCN1C[C@H](O)[C@@H](O)[C@H](O)[C@H]1CO)C1CCCCCC1,800.0,
CHEMBL4210069,N#Cc1cccc(NC(C(=O)c2c[nH]c3ccccc23)c2ccccc2)c1,2100.0,
CHEMBL4216831,COc1cccc(NC(C(=O)c2c[nH]c3c(F)cccc23)c2ccccc2)c1,57.0,
CHEMBL4206172,COc1cc(NC(C(=O)c2c[nH]c3cc(CCO)ccc23)c2ccccc2)cc(OC)c1,93.0,
CHEMBL4218426,COc1cc(NC(C(=O)c2c[nH]c3cc(CCS(C)(=O)=O)ccc23)c2ccccc2)cc(OC)c1,406.0,
CHEMBL4209500,COc1cc(NC(C(=O)c2c[nH]c3cccc(CCCO)c23)c2ccccc2)cc(OC)c1,1400.0,
CHEMBL4206685,COc1cc(CO)cc(NC(C(=O)c2c[nH]c3ccccc23)c2ccccc2)c1,65.0,
CHEMBL4089240,N=C(N)NCCC[C@@H]1NC(=O)[C@H](CCCNC(=N)N)NC(=O)[C@@H](CCCNC(=N)N)NC(=O)[C@@H](Cc2ccccc2)NC(=O)[C@H](CO)NC(=O)[C@H](Cc2ccc(-c3ccccc3)cc2)NC(=O)[C@H](CO)NC(=O)[C@H](CCCCN)NC1=O,3700.0,
CHEMBL4091305,C[C@@H]1NC(=O)[C@H](CCc2ccccc2)NC(=O)[C@H](CO)NC(=O)[C@H](CCCCN)NC(=O)[C@H](CCCNC(=N)N)NC(=O)[C@H](CCCCN)NC(=O)CNC(=O)[C@@H](CCc2ccccc2)NC1=O,16200.0,
CHEMBL453392,O=C(O)c1cnc2c(c1O)c(=O)n(Cc1ccccc1)c(=O)n2Cc1ccccc1,5.7,
CHEMBL453392,O=C(O)c1cnc2c(c1O)c(=O)n(Cc1ccccc1)c(=O)n2Cc1ccccc1,6.3,
CHEMBL4848338,FC(F)(F)c1cccc(Nc2nc(NCCOc3ccccc3)nc3[nH]cnc23)c1,20800.0,
CHEMBL4871503,NCc1ccc(-c2ncc(OCC3CCNCC3)nc2-c2ccc(Oc3ccccc3)cc2)cc1,50000.0,
CHEMBL4856850,CNCc1ccc(-c2ncc(OCC3CCNCC3)nc2-c2ccc(-c3ccoc3)cc2)cc1,730.0,
CHEMBL4876865,NCc1ccc(-c2ccc(NCC3CCNCC3)nc2-c2ccc(-c3ccoc3)cc2)cc1,860.0,
CHEMBL4782798,Cc1ccc(NC(=O)c2nccnc2C(=O)Nc2ccc(C)cc2-c2ccsc2)cc1,900.0,
CHEMBL4745206,O=C(NCc1ccccc1-c1ccsc1)c1nccnc1C(=O)Nc1ccc(F)cc1,24000.0,
CHEMBL2440172,CCCC[C@H](NC(=O)[C@H](CCCCN)NC(=O)[C@H](CCCNC(=N)N)NC(=O)c1ccc(/C=C2\SC(=S)N(C3CCCC3)C2=O)cc1)C(N)=O,30300.0,
CHEMBL4785654,Cc1ccc(NC(=O)c2nccnc2C(=O)Nc2ccc(C)cc2-c2cc(C)n[nH]2)cc1,500.0,
CHEMBL4743160,Cc1ccc(NC(=O)c2nccnc2C(=O)Nc2ccc(C)cc2-c2ccc(C)s2)cc1,113000.0,
CHEMBL4443908,COc1ccc(C(=O)Nc2c[nH]c3ncc(-c4ccc(OC)c(OC)c4)cc23)cc1,,
CHEMBL4061782,C[C@@H]1NC(=O)[C@H](CS)NC(=O)[C@H](c2ccccc2)NC(=O)[C@H](CO)NC(=O)[C@H](CCCCN)NC(=O)[C@H](CCCNC(=N)N)NC(=O)[C@H](CCCCN)NC(=O)CNC1=O,22100.0,
CHEMBL4089240,N=C(N)NCCC[C@@H]1NC(=O)[C@H](CCCNC(=N)N)NC(=O)[C@@H](CCCNC(=N)N)NC(=O)[C@@H](Cc2ccccc2)NC(=O)[C@H](CO)NC(=O)[C@H](Cc2ccc(-c3ccccc3)cc2)NC(=O)[C@H](CO)NC(=O)[C@H](CCCCN)NC1=O,87500.0,
CHEMBL4069752,N=C(N)NCCC[C@@H]1NC(=O)[C@H](CCCCN)NC(=O)[C@H]2CCCN2C(=O)[C@@H](Cc2ccccc2)NC(=O)[C@H](CO)NC(=O)[C@H](Cc2ccc3ccccc3c2)NC(=O)[C@H](CO)NC(=O)[C@H](CCCCN)NC1=O,306200.0,
CHEMBL4436496,Nc1cc(N)c(/N=N/c2ccc(S(=O)(=O)Nc3nccs3)cc2)cc1/N=N/c1ccc(S(=O)(=O)Nc2nccs2)cc1,39900.0,
CHEMBL1370977,Cc1cc(N2CCN(C)CC2)ccc1NC(=O)c1c2c(nc3ccccc13)CCN(Cc1ccccc1)C2,5000.0,
CHEMBL4440558,CC(C)C(=O)OC[C@@]1(N=[N+]=[N-])O[C@@H](n2ccc(N)cc2=O)[C@H](OC(=O)C(C)C)[C@@H]1OC(=O)C(C)C,1300.0,
CHEMBL1591211,NS(=O)(=O)c1ccc(N2N=C(c3ccccc3)CC2c2cccc(Cl)c2)cc1,9000.0,
CHEMBL1444779,COC(=O)C(C#N)c1nc2ccccc2nc1N1CCN(Cc2ccc3c(c2)OCO3)CC1,112219.0,
CHEMBL1316069,Cc1cc(=O)n2nc(N3CCCC(C(=O)NCc4ccccc4)C3)sc2n1,112219.0,
CHEMBL1378767,COc1ccc(CNc2ccc(-c3ccc(OC)cc3)nn2)cc1,112219.0,
CHEMBL1428826,CCOc1ccc(CCNC(=O)c2oc3c(c2C)-c2n[nH]cc2CC3)cc1OCC,112219.0,
CHEMBL1309735,O=S(=O)(c1cccc(-c2nnc(SC(F)F)n2-c2ccccc2)c1)N1CCCCC1,112219.0,
CHEMBL1497019,COc1ccc2c(c1)sc1nc(-c3ccccc3)cn12,4622.0,
CHEMBL1586559,CCCCn1c(N)c(N(CC(C)C)C(=O)c2ccc(Br)s2)c(=O)[nH]c1=O,112219.0,
CHEMBL1608077,Cc1ccccc1S(=O)(=O)Cc1ccc(C(=O)N2CCN(c3cccc(C)c3C)CC2)o1,112219.0,
CHEMBL1508973,CCCCn1c(SCN2C(=O)c3ccccc3C2=O)nc2cc(S(N)(=O)=O)ccc21,112219.0,
CHEMBL1982744,S=C(NCC1CC1)N/N=C/c1ccccc1Cl,112219.0,
CHEMBL3196042,NC(=O)c1ccccc1N/C=C/C(=O)c1ccc(Cl)cc1Cl,8858.0,
CHEMBL1983871,COc1cc(O)oc1/C=N/c1ccc(C(=O)O)cc1,2739.0,
CHEMBL1311416,CN1/C(=C\C(=O)COC(=O)c2ccc([N+](=O)[O-])o2)C(C)(C)c2ccccc21,112219.0,
CHEMBL1413292,CN(C)C(=O)CN1C(=O)C2CC=C(Cl)CC2C1=O,112219.0,
CHEMBL3199632,COc1cc(/C=N/NC(N)=O)ccc1OCC(=O)Nc1ccc(C)c(C)c1,11365.0,
CHEMBL3194093,O=C(Nc1ccccc1C(=O)N/N=C/c1ccc(O)cc1)c1ccccc1,3654.0,
CHEMBL1548731,COc1cccc(C2c3c(-c4cc(Cl)c(C)cc4O)n[nH]c3C(=O)N2Cc2cccnc2)c1,41160.0,
CHEMBL1587764,Cc1ccccc1N1C(=O)CC(Sc2nnc(-c3ccccc3)o2)C1=O,112219.0,
CHEMBL1476816,Cc1cccc(-c2cnn(-c3ccccc3)c2N)c1,31664.0,
CHEMBL1525300,COc1cccc(NC(=O)c2ccc3c(c2)OCCO3)c1,3516.0,
CHEMBL1392228,O=C(Nc1nc2cc3c(cc2s1)OCCO3)C1=COCCO1,5646.0,
CHEMBL285540,CCOc1ccc(Nc2cc3n(c(=O)n2)CCc2cc(OC)c(OC)cc2-3)cc1,12511.0,
CHEMBL1431834,CCCCc1c(O)nc(SCC(=O)N2CCOCC2)nc1O,112219.0,
CHEMBL1471302,CCCn1c(C2CC(=O)N(c3cc(OC)ccc3OC)C2)nc2ccccc21,112219.0,
CHEMBL1432374,CCCCC(=O)OCC(=O)c1[nH]c(C)c(C(C)=O)c1C,816.0,
CHEMBL1432329,COc1cc2c(cc1OC)-c1cc(Nc3ccccc3)nc(=O)n1CC2,1628.0,
CHEMBL3194995,COc1ccc(-c2[nH]ncc2/C=N/NC(=O)c2ccc(Br)cc2)c(OC)c1,16070.0,
CHEMBL1471899,Fc1ccc(-c2nnc(NC3=NCCCCC3)o2)cc1,2885.0,
CHEMBL3190636,COc1ccc(/C=N/Nc2cc(OC)ncn2)cc1,5237.0,
CHEMBL1432858,O=C(Nn1cnnc1)c1ccccc1CCc1ccccc1,112219.0,
CHEMBL1550431,O=C1Cc2ccccc2Sc2ccc(Cl)cc21,112219.0,
CHEMBL1565176,Cc1cc(-c2ccc(S(=O)(=O)N3CCN(c4ccccc4F)CC3)s2)on1,112219.0,
CHEMBL3193650,Oc1nccc(N/N=C/c2ccccc2O)n1,4114.0,
CHEMBL1314567,Cn1cc(S(=O)(=O)N2CCOCC2)cc1C(=O)NCCc1ccccc1,112219.0,
CHEMBL3199499,COc1cc(/C=N/NC(=O)c2nonc2C)ccc1O,4415.0,
CHEMBL1673156,COc1ccc(C2C3=C(CC(C)(C)CC3=O)Nc3ccccc3N2C(C)=O)cc1OCc1ccccc1,100000.0,
CHEMBL1543238,O=C(/C=C\Nc1ccc2c(c1)OCO2)c1ccccn1,3299.0,
CHEMBL1572418,CN1CCCC(OC(=O)c2cc(Br)ccc2Cl)C1.Cl,56110.0,
CHEMBL3210376,OCCSc1nncn1/N=C/c1c[nH]c2ccccc12,112219.0,
CHEMBL1482341,CCCOC(=O)Nc1ccc(C(N)=O)cc1,112219.0,
CHEMBL3198361,Cc1nc(O)nc(O)c1/C=N/NC(=O)CCNC(=O)OC(C)(C)C,112219.0,
CHEMBL1386836,CCOC(=O)C1CCN(C(=O)CCS(=O)(=O)c2ccc3c(c2)NC(=O)C(C)S3)CC1,13815.0,
CHEMBL1534065,CC(=O)C1C(c2ccc(Cl)cc2)NC(=O)NC1(O)C(F)(F)F,112219.0,
CHEMBL1404458,COc1cc(OC)cc(C(=O)Nc2ccc3c(c2)OCCO3)c1,6361.0,
CHEMBL1582941,Cc1c(C(=O)N2CCOCC2)sc2ncnc(N3CCc4ccccc4C3)c12,112219.0,
CHEMBL3208355,COc1cc(/C=N/NC(N)=O)c(Br)cc1OCC(=O)Nc1ccccc1C,112219.0,
CHEMBL1505074,Cc1c(C(=O)N2CCCCC2)c(S(=O)(=O)N(C)Cc2ccccc2)c(C)n1C,112219.0,
CHEMBL1324979,Cc1ccccc1OCCC(=O)N1CCN(S(=O)(=O)c2ccccc2F)CC1,112219.0,
CHEMBL1337356,CCC(C)SCc1nc2ccccc2[nH]1,112219.0,
CHEMBL1544386,COc1ccc(C(=O)NCc2ccc3c(c2)cc(C)n3C)cc1,112219.0,
CHEMBL1495187,COc1ccc(CNC(=O)c2cc(S(=O)(=O)N3CCCC3)cn2C)cc1,112219.0,
CHEMBL1522362,COC(=O)C1=C(C)N=C2SCCC(=O)N2C1c1ccc(OC(=O)c2ccco2)cc1,112219.0,
CHEMBL3197960,COc1ccc(/C=N/N(C)c2cc(=O)n(C)c(=O)[nH]2)cc1OC,693.0,
CHEMBL1337574,CC(C)C(=O)Nc1ccc(NC(=S)NC(=O)c2ccccc2F)cc1,112219.0,
CHEMBL1377421,Cc1cc(C)n(C(=O)c2ccc(S(=O)(=O)N3CCCC3)cc2)n1,112219.0,
CHEMBL1426977,CCc1ccc(S(=O)(=O)NCCc2cn3ccsc3n2)s1,112219.0,
CHEMBL1466584,Cc1ccc(C2C(C(=O)c3sc(C)nc3C)=C(O)C(=O)N2CCN2CCOCC2)o1,112219.0,
CHEMBL1573789,Cc1cc(C)n(Cc2ccc(F)cc2)c(=O)c1C#N,15717.0,
CHEMBL1612413,COc1ccc(CC(=O)Nc2cccc(-c3cn4ccccc4n3)c2)cc1,112219.0,
CHEMBL1388194,C[C@@H](CO)NC(=O)c1ccc2c3n(nc2c1)-c1ccccc1CO3,6928.0,
CHEMBL1338085,CCCc1ccc(C(=O)O/N=C(\N)c2ccccn2)cc1,1197.0,
CHEMBL1427687,Cc1nc2sc(C(=O)c3ccccc3)c(N)c2c2c1CCCC2,112219.0,
CHEMBL1162060,Cc1ccc(C23CC4CC(CC(NC(=O)N[C@@H](Cc5ccccc5)C(=O)O)(C4)C2)C3)cc1,60500.0,
CHEMBL1630220,C#C[C@@]1(O)[C@H](OC(=O)C(C)C)[C@@H](COC(=O)C(C)C)O[C@H]1n1cc(C(N)=O)c2c(N)ncnc21,570.0,
CHEMBL1630220,C#C[C@@]1(O)[C@H](OC(=O)C(C)C)[C@@H](COC(=O)C(C)C)O[C@H]1n1cc(C(N)=O)c2c(N)ncnc21,790.0,
CHEMBL1630220,C#C[C@@]1(O)[C@H](OC(=O)C(C)C)[C@@H](COC(=O)C(C)C)O[C@H]1n1cc(C(N)=O)c2c(N)ncnc21,760.0,
CHEMBL4217307,COc1cccc(NC(C(=O)c2c[nH]c3ccccc23)c2ccccc2)c1OC,4200.0,
CHEMBL4209010,COc1cccc(NC(C(=O)c2c[nH]c3c(C)cccc23)c2ccccc2)c1,51.0,
CHEMBL220175,O=C(O)c1ccc(S(=O)(=O)c2ccc(C(=O)O)cc2)cc1,100000.0,
CHEMBL115145,O=C(O)c1cc(Cc2ccc(O)c(C(=O)O)c2)ccc1O,9460.0,
CHEMBL597978,COc1ccc(/C=C2/CN(CCCC(=O)O)C(=O)C2=O)cc1,4470.0,
CHEMBL599598,O=C(N/N=C\c1ccccc1C(=O)O)c1ccc(COc2ccc3ccccc3c2)cc1,8810.0,
CHEMBL597978,COc1ccc(/C=C2/CN(CCCC(=O)O)C(=O)C2=O)cc1,10520.0,
CHEMBL115145,O=C(O)c1cc(Cc2ccc(O)c(C(=O)O)c2)ccc1O,3160.0,
CHEMBL2107375,Cl.N=C(N)c1ncn([C@@H]2O[C@H](CO)[C@@H](O)[C@H]2O)n1,100.0,
CHEMBL476486,O=c1[nH]c2c(c3cc4c(c(O)c13)OCO4)C[C@H](O)[C@@H](O)[C@H]2O,0.27,
CHEMBL513930,O=C1N[C@H]2[C@H](O)[C@H](O)[C@@H](O)C[C@H]2c2cc3c(cc21)OCO3,4.4,
CHEMBL586091,COc1cc2c(cc1O)[C@@H]1[C@H](O)[C@@H](O)C=C3CCN(C2)[C@H]31,0.39,
CHEMBL4454475,CC[C@H](C)[C@@H]1NC(=O)CN(C)C(=O)[C@H](Cc2ccc(O)cc2)NC(=O)CSC[C@@H](C(N)=O)NC(=O)[C@@H]2CCCN2C(=O)[C@H]([C@@H](C)CC)NC(=O)[C@H](Cc2ccc(OC)cc2)N(C)C(=O)[C@H](Cc2ccc(OC)cc2)N(C)C(=O)[C@H](CC(N)=O)NC(=O)[C@H](Cc2ccc(O)cc2)NC(=O)[C@H](CCCCN)NC(=O)[C@H](C)NC1=O,20000.0,
CHEMBL5269151,CCOC(=O)[C@H](C)Nc1ccn([C@@H]2O[C@H](CO)[C@@H](O)[C@H]2O)c(=O)n1,100000.0,
CHEMBL574190,CCN(CCCN(CC)C(=O)c1ccc(O)cc1)C(=O)c1ccc(O)cc1,2000000.0,
CHEMBL4583315,O=C(Nc1nc2cc(O)c(O)cc2s1)[C@@H]1CCCN1S(=O)(=O)c1ccc([N+](=O)[O-])cc1,8580.0,
CHEMBL4553341,O=C(Nc1nc2ccc([N+](=O)[O-])cc2s1)[C@H]1CCCN1C(=O)c1ccccc1,33900.0,
CHEMBL4578920,NS(=O)(=O)c1ccc(Nc2nc(N3CCOCC3)nc3c2CN(Cc2ccccc2)C3=O)cc1,21600.0,
CHEMBL4441526,Oc1cccc(Nc2nc(N3CCOCC3)nc3[nH]cnc23)c1,40600.0,
CHEMBL4454368,COc1ccc(CN2Cc3c(Nc4cccc(O)c4)nc(N4CCOCC4)nc3C2=O)cc1,112000.0,
CHEMBL4779130,COc1nc(N)ncc1-c1cnn(COCCOP(=O)(O)OP(=O)(O)OP(=O)(O)O)c1,8400.0,
CHEMBL1708490,O=C(Nc1ccccc1)c1ccccc1Br,1973.0,
CHEMBL4565921,C[C@@H](c1ccc(Cl)cc1)n1nnc2c1NC(=O)C[C@]21C(=O)N(Cc2cccc(F)c2)c2ccc(Cl)cc21,51.0,
CHEMBL4643221,N=C(N)Nc1ccc(CNC(=O)[C@@H](NC(=O)c2cccc(Oc3ccccc3)c2)c2ccc(OCc3ccccc3)cc2)cc1.O=C(O)C(F)(F)F,4900.0,
CHEMBL4634206,CCCCCC(=O)N[C@H](C(=O)NCc1ccc(N)cc1)c1ccc(OCc2ccccc2)cc1.O=C(O)C(F)(F)F,,
CHEMBL2440175,CCCCC(C(=O)OC)N1C(=O)/C(=C/c2ccc(C(=O)N[C@@H](CCCNC(=N)N)C(=O)N[C@@H](CCCCN)C(=O)N[C@@H](CCCC)C(N)=O)cc2)SC1=S,48800.0,
CHEMBL4453393,O=C(Nc1c[nH]c2ncc(-c3ccc(F)cc3)cc12)c1cccnc1,6430.0,
CHEMBL4449852,COc1ccc(-c2cnc3[nH]cc(C#Cc4ccc(C)cc4)c3c2)cc1OC,7450.0,
CHEMBL4568514,CCN(CC)Cc1ccc(C(=O)N(CCc2ccccc2OC)[C@@H]2CCNC2)cc1.Cl.Cl,36500.0,
CHEMBL4636025,CCCCCC(=O)N[C@H](C(=O)NCc1ccc(N)nc1)c1ccc(OCc2ccccc2)cc1.O=C(O)C(F)(F)F,,
CHEMBL4638743,CCCCCC(=O)N[C@@H](C(=O)NCc1ccc(NC(=N)N)cc1)c1ccc(OCc2ccc(Cl)c(Cl)c2)cc1.O=C(O)C(F)(F)F,5700.0,
CHEMBL4646053,N=C(N)Nc1ccc(CNC(=O)[C@@H](NC(=O)c2ccc(OC3CCCCC3)cc2)c2ccc(OCc3ccccc3)cc2)cc1.O=C(O)C(F)(F)F,5900.0,
CHEMBL4646053,N=C(N)Nc1ccc(CNC(=O)[C@@H](NC(=O)c2ccc(OC3CCCCC3)cc2)c2ccc(OCc3ccccc3)cc2)cc1.O=C(O)C(F)(F)F,2200.0,
CHEMBL4577525,CCCCc1cn(-c2cccc(S(=O)(=O)Nc3ccccc3OC)c2)nn1,6300.0,
CHEMBL4476758,C[C@@H](c1ccc(Cl)cc1)n1nnc2c1NC(=O)C[C@]21C(=O)N(Cc2ccc(Cl)cc2)c2ccc(Cl)cc21,2200.0,
CHEMBL551051,O=C(N[C@@H]1CCCc2c1[nH]c1ccc(Cl)cc21)c1ccccn1,13.3,
CHEMBL506247,O=C(OC[C@H]1O[C@@H](OC(=O)c2cc(O)c(O)c(OC(=O)c3cc(O)c(O)c(O)c3)c2)[C@H](OC(=O)c2cc(O)c(O)c(OC(=O)c3cc(O)c(O)c(O)c3)c2)[C@@H](OC(=O)c2cc(O)c(O)c(OC(=O)c3cc(O)c(O)c(O)c3)c2)[C@@H]1OC(=O)c1cc(O)c(O)c(OC(=O)c2cc(O)c(O)c(O)c2)c1)c1cc(O)c(O)c(OC(=O)c2cc(O)c(O)c(O)c2)c1,130.0,
CHEMBL4649655,CCCCCC(=O)N[C@H](C(=O)NCc1ccc(NC(=N)N)cc1)c1ccc(OCc2ccccc2)cc1.O=C(O)C(F)(F)F,490.0,
CHEMBL4633636,CCCCCC(=O)N[C@H](C(=O)NCc1ccc(NC(=N)N)nc1)c1ccc(OCc2ccccc2)cc1.O=C(O)C(F)(F)F,5900.0,
CHEMBL4638581,CCCCCC(=O)N[C@H](C(=O)NCc1ccc(NC(=N)N)cc1)c1ccc(OCc2ccc(C(C)(C)C)cc2)cc1.O=C(O)C(F)(F)F,,
CHEMBL4633312,N=C(N)Nc1ccc(CNC(=O)[C@@H](NC(=O)Cc2ccc(-c3ccccc3)cc2)c2ccc(OCc3c(Cl)cccc3Cl)cc2)cc1.O=C(O)C(F)(F)F,39000.0,
CHEMBL4634331,N=C(N)Nc1ccc(CNC(=O)[C@@H](NC(=O)c2ccc(Oc3ccccc3)cc2)c2ccc(OCc3ccccc3)cc2)cc1.O=C(O)C(F)(F)F,4000.0,
CHEMBL4873306,Fc1cccc(/N=N/c2nc(NCCOc3ccccc3)nc3[nH]cnc23)c1,100000.0,
CHEMBL476703,CC(=O)O[C@@H]1[C@@H](O)[C@@H](O)[C@@H]2NC(=O)c3cc4c(cc3[C@H]2[C@H]1O)OCO4,1.5,
CHEMBL478801,O=C1N[C@H]2C[C@@H](O)[C@@H](O)[C@H](O)[C@@H]2c2cc3c(cc21)OCO3,,
CHEMBL4782919,CC(CC(=O)O)NC(=O)c1cc(-c2ccccc2)c(=O)n2c1sc1ccc(OC3CCCCC3)cc12,,
CHEMBL4787097,Cc1ccc(NC(=O)c2nccnc2C(=O)NCc2ccccc2-c2ccsc2)cc1,48000.0,
CHEMBL565247,CC(C)CCn1cc(-c2cccc(S(=O)(=O)Nc3ccccc3C(=O)O)c2)cn1,6770.0,
CHEMBL4067035,C[C@H]1NC(=O)[C@@H](Cc2ccccc2)NC(=O)[C@H](CO)NC(=O)[C@H](CCc2ccccc2)NC(=O)[C@H](CO)NC(=O)[C@H](CCCCN)NC(=O)[C@H](CCCNC(=N)N)NC(=O)[C@H](CCCCN)NC1=O,3300.0,
CHEMBL4089740,C[C@@H]1NC[C@H](CCCCN)NC(=O)[C@H](CCCNC(=N)N)NC(=O)[C@H](CCCNC(=N)N)NC(=O)[C@@H](CCCNC(=N)N)NC(=O)[C@@H](Cc2ccccc2)NC(=O)[C@H](Cc2cccc3ccccc23)NC(=O)[C@H](CCc2ccccc2)NC1=O,11400.0,
CHEMBL4538599,C=CCn1c2ccc(Cl)cc2c(=O)c2cccc(OC)c21,13500.0,
CHEMBL4871225,COc1cccc(Cn2c3ccc(-c4cccc(-c5noc(=O)[nH]5)c4)cc3c3cc(-c4cccc(-c5noc(=O)[nH]5)c4)ccc32)c1,14500.0,
CHEMBL4878425,COc1cccc(S(=O)(=O)n2c3ccc(-c4cccc(/C(N)=N/O)c4)cc3c3cc(-c4cccc(/C(N)=N/O)c4)ccc32)c1,8700.0,
CHEMBL4848930,COc1ccc(S(=O)(=O)n2c3ccc(-c4cccc(/C(N)=N/O)c4)cc3c3cc(-c4cccc(/C(N)=N/O)c4)ccc32)cc1OC,5700.0,
CHEMBL4874382,NCCCC[C@H](NC(=O)c1ccccc1)C(=O)N[C@H](C(=O)N[C@H](C(N)=O)C1CCCCC1)c1ccc(OCc2ccccc2)cc1,9900.0,
CHEMBL4763817,Cc1ccc(NC(=O)c2ccccc2NC(=O)c2ccc(F)cc2)c(-c2ccc(C)s2)c1,3200.0,
CHEMBL4746370,Cc1ccc(NC(=O)c2ccccc2C(=O)Nc2ccc(C)cc2-c2cccs2)cc1,14000.0,
CHEMBL4513651,C[C@@H](c1ccc(Cl)cc1)n1nnc2c1NC(=O)C[C@]21C(=O)N(CCCCCCCCN(C)C)c2ccc(Cl)cc21,5000.0,
CHEMBL3809849,COc1ccc(CC(=O)O)cc1-c1ccc(C#CCO)s1,7500.0,
CHEMBL3809104,O=C(O)Cc1cc(CC(=O)O)cc(-c2cccs2)c1,15000.0,
CHEMBL3809253,O=C(O)Cc1cc(CC(=O)O)cc(-c2ccc(Cl)cc2)c1,62000.0,
CHEMBL4560058,Cc1ccc(S(=O)(=O)N2CCC[C@@H]2C(=O)Nc2nc3cc(O)c(O)cc3s2)cc1,19700.0,
CHEMBL2440161,CCCC[C@H](NC(=O)[C@H](CCCCN)NC(=O)[C@H](CCCNC(=N)N)NC(=O)c1ccc(/C=C2\SC(=S)N(Cc3ccc(Cl)cc3)C2=O)cc1)C(N)=O,31500.0,
CHEMBL1344160,CSc1nnc(N2C(=O)C(O)=C(C(=O)c3ccco3)C2c2ccc(F)cc2)s1,112219.0,
CHEMBL1383991,Clc1ccccc1/C=C/c1nc(-c2ccccn2)no1,6249.0,
CHEMBL1304244,Cc1ccc(CN(C(=O)c2csnn2)C(C(=O)NC2CCCC2)c2ccc(C)o2)cc1,112219.0,
CHEMBL1344399,COCCNC(=O)/C(C#N)=C/c1ccc(O)cc1,1616.0,
CHEMBL3209485,Cc1ccc(S(=O)(=O)/N=C(\c2ccc(F)cc2)n2c(C)nc3ccccc32)cc1,112219.0,
CHEMBL3210725,Cc1ccc(-n2c(C)cc(/C=c3/sc4nc5ccccc5n4c3=O)c2C)cc1,112219.0,
CHEMBL1986805,COc1ccc(/C=N/Nc2nccnc2Cl)cc1,1151.0,
CHEMBL1304385,CCOC(=O)c1cnc2c(C#N)c(C)nn2c1-c1ccccc1,54069.0,
CHEMBL1402404,Cl.NC(CCCCc1ccccc1)c1cccc2ccccc12,24603.0,
CHEMBL1528232,CCOC(=O)CSc1nc2ccc(N)cc2s1,112219.0,
CHEMBL1987906,CC/C(C)=N\N=C\c1c(O)n(CC)c2cc(C3=NNC(=O)CC3)ccc12,6144.0,
CHEMBL1375202,Cc1ccc(C(=O)NCCn2cc(SCC(=O)Nc3nnc(C)s3)c3ccccc32)cc1,112219.0,
CHEMBL1423965,Cc1ccc(-c2nc(C[S+]([O-])CC(=O)NCCCN3CC(C)CC(C)C3)c(C)o2)cc1,112219.0,
CHEMBL1571355,Cc1cc(C)cc(NC(=O)c2cc(S(=O)(=O)N3CCCC3)cn2C)c1,112219.0,
CHEMBL1397255,Cc1nc(O)c(C#N)c(C)c1CSc1ncccn1,3681.0,
CHEMBL1344803,O=C(Nc1ccccc1)c1cccc(N2CCCC2=O)c1,45534.0,
CHEMBL1541684,O=C(/C=C/c1ccc([N+](=O)[O-])cc1)NCc1cccs1,57219.0,
CHEMBL1304770,CCN=C(S)NNC(=O)c1cc(-c2cccc(OC)c2)nc2ccccc12,7862.0,
CHEMBL3192141,COC(=O)/C=C1\SC(N/N=C/c2ccc(Cl)cc2)=NC1=O,112219.0,
CHEMBL1375370,CCCCNCCOCCOc1ccc(F)cc1,112219.0,
CHEMBL1402831,COc1ccc(-c2nn(-c3ccccc3)cc2C(=O)O)cc1OC,112219.0,
CHEMBL274022,CC(Cc1ccccc1)Nc1ncnc2c1ncn2C1OC(CO)C(O)C1O,701.0,
CHEMBL1532939,CC(C)Nc1nc(NC(C)(C)C)nc(Oc2ccc(=O)n(-c3ccccc3)n2)n1,112219.0,
CHEMBL1532980,COc1cccc(CNC(=O)N[C@@H](CC(C)C)C(=O)O)c1,112219.0,
CHEMBL1403141,N#C/C(=C\c1ccc2c(c1)OCO2)C(=O)N1CCOCC1,112219.0,
CHEMBL1305341,COc1ccc(OC)c(Nc2nc(NCc3ccco3)c3ccccc3n2)c1.Cl,49031.0,
CHEMBL1481516,CCCc1cc(C(=O)NC2CCCC2)no1,112219.0,
CHEMBL1323508,COC(=O)c1sc(NC(=O)c2c(C)noc2C)nc1C,112219.0,
CHEMBL1464039,COc1cc(/C=C2/C(=O)NN(c3ccc(Cl)cc3)C2=O)ccc1OC(=O)c1ccco1,112219.0,
CHEMBL1415364,Cc1cccc(N2CC(C)Cn3c2nc2c3c(=O)n(CC(=O)OCc3ccccc3)c(=O)n2C)c1,112219.0,
CHEMBL1503348,NC(=O)NC(=O)COC(=O)c1ccc2c(c1)C(=O)N(Cc1ccccc1)C2=O,112219.0,
CHEMBL1481861,COc1ccc(-c2cc(-c3ccccc3)no2)cc1,10288.0,
CHEMBL1336277,O=C(/C=C/Nc1ccccc1Br)c1ccccn1,4017.0,
CHEMBL1345927,CCNc1nc(Oc2ccc(=O)n(-c3ccccc3)n2)nc(N(C)C)n1,112219.0,
CHEMBL1503809,COCCN(C(=O)CC(C)(C)C)c1nnc(-c2cccnc2)s1,112219.0,
CHEMBL3199853,CC/C(=N\NC(=O)Nc1ccccc1)c1ccccc1,112219.0,
CHEMBL1376218,O=C(Nc1nccs1)C1CCN(S(=O)(=O)c2ccc(Cl)c(C(F)(F)F)c2)CC1,112219.0,
CHEMBL1489352,O=C(O)C1C2C=CC(O2)C1C(=O)NCCCn1ccnc1,112219.0,
CHEMBL1584490,O=C(Cc1nnc(O)c2ccccc12)NCc1ccc(Cl)cc1,112219.0,
CHEMBL1326128,COc1ccc(CCNC(=O)c2ccc3c(c2)SC2=NS(=O)(=O)CCN23)cc1,112219.0,
CHEMBL2002776,COc1ccccc1/N=c1\oc2cc(O)ccc2cc1C(N)=O,3103.0,
CHEMBL1326342,CCN(CC)C(=O)CSc1ncnc2c(-c3ccc(OC)cc3)nsc12,112219.0,
CHEMBL1574553,Brc1ccc(N=Nc2ccc3ccccc3n2)cc1,969.0,
CHEMBL1349301,CS(=O)(=O)N1CCC(Oc2ccccc2C(=O)N2CCN(CC3CC3)CC2)CC1,112219.0,
CHEMBL1457108,CC(=O)c1ccc(NC(S)=NC(C)CCc2ccccc2)cc1,112219.0,
CHEMBL1372889,CCCN1C=CC(=C2C(=O)c3ccccc3C2=O)C=C1,7024.0,
CHEMBL3189629,CN(C)c1ccc(/C=N/NC(=O)c2ccnn2C)cc1,1320.0,
CHEMBL1309913,Nc1cc(-c2ccccc2)nn1Cc1ccc(Cl)cc1,112219.0,
CHEMBL1390088,Cc1c(NC(=O)c2c(N)n(-c3ccccc3)c3nc4ccccc4nc23)c(=O)n(-c2ccccc2)n1C,112219.0,
CHEMBL1390501,COc1ccc(CCNCc2ccc(OCC(=O)N3CCCCC3)c(OC)c2)cc1OC.Cl,16319.0,
CHEMBL1367027,COc1ccc(N2CCN(CCCN)CC2)cc1,112219.0,
CHEMBL1586325,O=C(CN(c1cccc([N+](=O)[O-])c1)S(=O)(=O)c1ccccc1)NCc1ccccc1,46704.0,
CHEMBL171279,Nc1nnc(SCc2ccc(Cl)cc2)s1,112219.0,
CHEMBL3426580,O=C1CC2(C(=O)Nc3ccc(Cl)cc32)c2cnn(CC3CCC(F)(F)CC3)c2N1,22500.0,
CHEMBL3335498,N=C(N)NCCC[C@H](NC(=O)c1ccccc1)C(=O)N[C@@H](CCCCN)C(=O)N[C@@H](Cc1c[nH]c2ccccc12)C(N)=O,17600.0,
CHEMBL4203207,CCOc1cc(NC(C(=O)c2c[nH]c3ccccc23)c2ccccc2)cc(OC)c1,18.0,
CHEMBL4206820,COc1ccnc(NC(C(=O)c2c[nH]c3ccccc23)c2ccccc2)c1,6300.0,
CHEMBL4205902,COc1cc(NC(C(=O)c2c[nH]c3ccccc23)c2ccc(F)cc2)cc(OC)c1,4.0,
CHEMBL4217891,COc1cccc(NC(C(=O)c2c[nH]c3ccccc23)c2ccc(S(C)(=O)=O)cc2)c1,1600.0,
CHEMBL3335507,N=C(N)NCCC[C@H](NC(=O)c1ccccc1)C(=O)N[C@@H](CCCCN)C(=O)N[C@@H](Cc1cccnc1)C(N)=O,30100.0,
CHEMBL4754806,Cc1ccc(NC(=O)c2ccccc2C(=O)Nc2ccc(C)cc2-c2ccc(C)s2)cc1,2000.0,
CHEMBL4798530,Cc1ccc(NC(=O)c2nccnc2C(=O)Nc2ccc(F)cc2)c(-c2ccc(C)s2)c1,112000.0,
CHEMBL4763021,Cc1cc(-c2ccccc2NC(=O)c2ccccc2C(=O)Nc2ccc(F)cc2)[nH]n1,120000.0,
CHEMBL4758496,O=C(NCc1ccccc1-c1ccsc1)c1ccccc1C(=O)Nc1ccc(F)cc1,3000.0,
CHEMBL3339382,Cc1ccc(NC(=O)c2nc[nH]c2C(=O)Nc2ccc(F)cc2)c(-c2cc(C)n[nH]2)c1,2500.0,
CHEMBL4747954,Cc1ccc(NC(=O)c2ccccc2NC(=O)c2ccc(F)cc2)c(-c2ccncc2)c1,17000.0,
CHEMBL3339399,O=C(Nc1ccc(F)cc1)c1nccnc1C(=O)Nc1ccccc1-c1ccncc1,11710.0,
CHEMBL4453410,O=C1c2nc(N3CCOCC3)nc(Nc3cccc(O)c3)c2CN1CCOc1ccccc1,20600.0,
CHEMBL4473404,O=C(NCc1ccccc1)c1nc(N2CCOCC2)nc(Nc2cccc(O)c2)c1CO,115000.0,
CHEMBL4069752,N=C(N)NCCC[C@@H]1NC(=O)[C@H](CCCCN)NC(=O)[C@H]2CCCN2C(=O)[C@@H](Cc2ccccc2)NC(=O)[C@H](CO)NC(=O)[C@H](Cc2ccc3ccccc3c2)NC(=O)[C@H](CO)NC(=O)[C@H](CCCCN)NC1=O,2600.0,
CHEMBL4278874,Nc1ncnc2c1c1cc(Cl)ccc1n2[C@@H]1O[C@H](CO)[C@@H](O)[C@@H]1F,10800.0,
CHEMBL2440165,CCCC[C@H](NC(=O)[C@H](CCCCN)NC(=O)[C@H](CCCNC(=N)N)NC(=O)c1ccc(/C=C2\SC(=O)N(Cc3ccc(C)cc3)C2=O)cc1)C(N)=O,4800.0,
CHEMBL2440164,CCCC[C@H](NC(=O)[C@H](CCCCN)NC(=O)[C@H](CCCNC(=N)N)NC(=O)c1ccc(/C=C2\SC(=O)N(Cc3ccccc3)C2=O)cc1)C(N)=O,2900.0,
CHEMBL4462325,O=C(Nc1nc2cc(O)c(O)cc2s1)[C@H]1CCCN1S(=O)(=O)c1ccc([N+](=O)[O-])cc1,10000.0,
CHEMBL1443034,CC(=O)Nc1ccc(S(=O)(=O)N2CCC(C(=O)NCc3ccco3)CC2)cc1,112219.0,
CHEMBL1582036,CCCCc1ccc(Nc2nc(N3CCOCC3)nc(N3CCOCC3)n2)cc1.Cl,112219.0,
CHEMBL1489717,COc1ccc(C(=O)Nc2ccc(N3CCOCC3)cc2)cc1OC,1946.0,
CHEMBL260342,CCOc1ccc2nc(NC(=O)c3ccoc3C)sc2c1,231.0,
CHEMBL3191048,COc1cccc(OCc2cc(/C=N/Nc3ccc(C(=O)O)cc3)ccc2OC)c1,84677.0,
CHEMBL1455183,CCCn1nc(NS(=O)(=O)c2ccc(F)cc2)c2cc3ccccc3nc21,112219.0,
CHEMBL1572749,O=C(Nc1ccc(F)cc1)Nc1ccccc1F,12080.0,
CHEMBL1443148,COc1ccc(C(=O)NC2CCSc3ccccc32)cc1,112219.0,
CHEMBL1386592,COc1cc2c(cc1OC)-c1cc(Nc3cccc(C)c3)nc(=O)n1CC2,4031.0,
CHEMBL1533919,O=C(NCCC1=CCCCC1)NC1CCCCC1,112219.0,
CHEMBL1975118,Cc1nonc1C(=O)N/N=C/c1ccc(O)cc1O,136.0,
CHEMBL1269779,O=C(Nc1ccccc1)c1cnc2ccccc2n1,112219.0,
CHEMBL1985575,Cc1occc1C(=O)N/N=C/c1ccc(-c2ccccc2)cc1,897.0,
CHEMBL1593386,COc1ccc(Cl)cc1NC(=O)c1cc(S(=O)(=O)N2CCCC2)cn1C,112219.0,
CHEMBL1444088,Cc1c(NC(=O)CCN2C(=O)c3ccccc3C2=O)c(=O)n(-c2ccccc2)n1C,112219.0,
CHEMBL1427360,CCc1cccc(NC2c3ccccc3C(=O)N2c2cccnc2)c1,112219.0,
CHEMBL1417083,O=C(O)/C=C/c1cccc(NC(=O)c2ccccc2)c1,17414.0,
CHEMBL1388041,CN(C)S(=O)(=O)c1ccc(Cl)c(NC(=O)COc2ccccc2[N+](=O)[O-])c1,112219.0,
CHEMBL1388254,Cc1c(OC(C)C(=O)NCc2ccccn2)ccc2c3c(c(=O)oc12)CCCC3,112219.0,
CHEMBL1535200,COc1ccc(Cl)cc1NC(=O)Nc1cc(C)on1,112219.0,
CHEMBL1483824,COC(=O)c1oc2ccc(Br)cc2c1-n1cccc1,112219.0,
CHEMBL1372067,CCOC(=O)c1sc(=S)n(CC)c1NC(=O)C1CC1,112219.0,
CHEMBL1382566,CCCC(=O)C1=C(N2CCCC2)CC(C)(C)C(C(=O)OC)C1=O,112219.0,
CHEMBL1501196,COc1ccc(/C=C(/NC(=O)c2ccco2)C(=O)N2CCCCCC2)cc1OC,112219.0,
CHEMBL1575897,Cc1c(C#N)c(N)nc2c3c(sc12)NC(=O)CC3c1ccc(F)cc1,112219.0,
CHEMBL1605021,CCCS(=O)(=O)c1cnc(C2COc3ccccc3O2)nc1N,3049.0,
CHEMBL1381279,COc1ccccc1/C=C/CN1CCCC(CO)(Cc2cccc(Cl)c2)C1,112219.0,
CHEMBL1575124,Cc1nc2sc(-c3ccccc3)cc2c(=O)n1N,1732.0,
CHEMBL1408777,O=C(c1ccco1)N1CCN(Cc2nc(-c3cccs3)no2)CC1,112219.0,
CHEMBL1364120,CCOc1ccc(NC(O)=C2C(=O)NC(=O)NC2=O)cc1,9926.0,
CHEMBL1967151,Fc1ccc(/C=N/Nc2nccnc2Cl)cc1,1654.0,
CHEMBL1603509,Cc1ccc(-c2nc3ccccc3[nH]2)s1,7887.0,
CHEMBL1568060,COc1cccc(-c2nc3ccc(O)cc3c(=O)o2)c1,9194.0,
CHEMBL1986514,COc1cccc(/C=N/Nc2ncccc2[N+](=O)[O-])c1OC,3316.0,
CHEMBL1332533,O=C(Nc1cccc(O)c1)c1cc(-c2ccc3c(c2)OCO3)on1,1712.0,
CHEMBL1365502,O=C(CSc1nnc(C2CC2)n1-c1ccccc1)Nc1ccc(N2CCOCC2)cc1,112219.0,
CHEMBL1993190,COc1cccc(/C=N/NC(=O)c2ccoc2C)c1O,2086.0,
CHEMBL1493470,O=C(NCc1ccccc1)C(c1cccnc1)N(C(=O)c1ccccn1)c1ccc(F)cc1,112219.0,
CHEMBL1336359,CCCCNC(=O)c1ccc(N2CCC3(CC2)OCCO3)c([N+](=O)[O-])c1,112219.0,
CHEMBL1552612,Cc1nc2sccn2c(=O)c1S(=O)(=O)N1CCN(c2cccc(Cl)c2)CC1,112219.0,
CHEMBL1430286,CCCCOC(=O)CCc1c(C)nc(O)c(C#N)c1C,6358.0,
CHEMBL1509096,COCCN1CCN(C(=O)c2ccc3nc(Cc4ccccc4F)oc3c2)CC1,112219.0,
CHEMBL566326,COC(=O)c1ccccc1NS(=O)(=O)c1cccc(-c2cnn(Cc3ccccc3)c2)c1,20000.0,
CHEMBL4850198,N/C(=N\O)c1cccc(-c2ccc3c(c2)c2cc(-c4cccc(/C(N)=N/O)c4)ccc2n3S(=O)(=O)c2cccc(C(F)(F)F)c2)c1,5000.0,
CHEMBL4868241,COc1ccc(S(=O)(=O)n2c3ccc(-c4cccc(C(=N)N)c4)cc3c3cc(-c4cccc(C(=N)N)c4)ccc32)cc1,9500.0,
CHEMBL4849711,COc1ccc(OC)c(S(=O)(=O)n2c3ccc(-c4cccc(/C(N)=N/O)c4)cc3c3cc(-c4cccc(/C(N)=N/O)c4)ccc32)c1,5100.0,
CHEMBL4879251,N=C(N)c1cccc(-c2ccc3c(c2)c2cc(-c4cccc(C(=N)N)c4)ccc2n3Cc2cccc(Br)c2)c1,16440.0,
CHEMBL1630220,C#C[C@@]1(O)[C@H](OC(=O)C(C)C)[C@@H](COC(=O)C(C)C)O[C@H]1n1cc(C(N)=O)c2c(N)ncnc21,540.0,
CHEMBL1630221,C#C[C@@]1(O)[C@H](O)[C@@H](CO)O[C@H]1n1ccc2c(N)ncnc21,1120.0,
CHEMBL4876027,CC(C)(C)c1ccc(-c2ccc3c(C(=O)NCC4CCNCC4)c[nH]c3c2)cc1,30400.0,
CHEMBL4642620,COc1cc(-c2cnc3c(N4C[C@@H](C)O[C@@H](C)C4)snc3c2)cc(OC)c1OC,2790.0,
CHEMBL4458661,CC(C)N1C(=O)[C@]2(CC(=O)Nc3c2nnn3[C@@H](C)c2ccc(Cl)cc2)c2cc(Cl)ccc21,9.0,
CHEMBL4576872,C#CCN1C(=O)[C@]2(CC(=O)Nc3c2nnn3[C@@H](C)c2ccc(Cl)cc2)c2cc(Cl)ccc21,3.0,
CHEMBL4538647,COC(=O)CN1C(=O)[C@]2(CC(=O)Nc3c2nnn3[C@@H](C)c2ccc(Cl)cc2)c2cc(Cl)ccc21,11.0,
CHEMBL4475296,C[C@@H](c1ccc(Cl)cc1)n1nnc2c1NC(=O)C[C@]21C(=O)N(CCN2CCCC2)c2ccc(Cl)cc21,6.0,
CHEMBL4470440,CCCCN1C(=O)[C@]2(CC(=O)Nc3c2nnn3[C@@H](C)c2ccc(Cl)cc2)c2cc(Cl)ccc21,5000.0,
CHEMBL4465052,CCCCCCCCCCN1C(=O)[C@]2(CC(=O)Nc3c2nnn3[C@@H](C)c2ccc(Cl)cc2)c2cc(Cl)ccc21,7300.0,
CHEMBL4534709,COCOCCN1C(=O)[C@]2(CC(=O)Nc3c2nnn3[C@@H](C)c2ccc(Cl)cc2)c2cc(Cl)ccc21,5000.0,
CHEMBL4569686,C[C@@H](c1ccc(Cl)cc1)n1nnc2c1NC(=O)C[C@]21C(=O)N(CCc2ccccc2)c2ccc(Cl)cc21,600.0,
CHEMBL4459948,C[C@@H](c1ccc(Cl)cc1)n1nnc2c1NC(=O)C[C@]21C(=O)N(Cc2ccc(Cl)nc2)c2ccc(Cl)cc21,78.0,
CHEMBL4466463,NS(=O)(=O)c1ccc(Nc2nc(N3CCOCC3)nc(C(=O)NCc3ccccc3)c2CO)cc1,100000.0,
CHEMBL4288693,CSc1ncnc2c1c1cc(Cl)ccc1n2[C@@H]1O[C@H](CO)[C@@H](O)[C@@H]1F,50000.0,
CHEMBL4281923,OC[C@H]1O[C@@H](n2c3ccc(Cl)cc3c3c(-c4cccs4)ncnc32)[C@@H](F)[C@@H]1O,27900.0,
CHEMBL4285350,OC[C@H]1O[C@@H](n2c3ccc(Cl)cc3c3c(-c4ccccc4)ncnc32)[C@@H](F)[C@@H]1O,50000.0,
CHEMBL4292913,COc1ncnc2c1c1cc(Cl)ccc1n2[C@@H]1O[C@H](CO)[C@@H](O)[C@H]1F,50000.0,
CHEMBL3335517,N#C/C(=C\c1ccc(C(=O)N[C@@H](CCCNC(=N)N)C(=O)N[C@@H](CCCCN)C(=O)NC(C(N)=O)c2ccccc2)cc1)C(=O)NC1CC1,1300.0,
CHEMBL3335509,N=C(N)NCCC[C@H](NC(=O)c1ccccc1)C(=O)N[C@@H](CCCCN)C(=O)N[C@@H](Cc1ccc([N+](=O)[O-])cc1)C(N)=O,17500.0,
CHEMBL3337475,Cc1ccc(NC(=O)c2nc[nH]c2C(=O)Nc2ccccc2)c(-c2ccsc2)c1,124000.0,
CHEMBL4855606,CNc1nc(Nc2cccc(C(=O)O)c2)c2nc[nH]c2n1,,
CHEMBL3339403,Cc1ccc(NC(=O)c2nccnc2C(=O)NCc2ccc(-c3ccncc3)cc2)cc1,16600.0,
CHEMBL3426585,CN1C(=O)CC2(C(=O)Nc3ccc(Cl)cc32)c2cnn(Cc3ccc(Cl)cc3)c21,420.0,
CHEMBL4641720,O=C(N[C@@H](Cc1cccc(O)c1)C(=O)O)c1cc(-c2ccccc2)c(=O)n2c1sc1ccc(OC3CCCCC3)cc12,4300.0,
CHEMBL3334763,Nc1ncnc2c1ncn2C1=C[C@H](CO)[C@@H](O)[C@H]1O,1100.0,
CHEMBL4454007,COc1cccc(C#Cc2c[nH]c3ncc(-c4ccc(OC)c(OC)c4)cc23)c1,,
CHEMBL4469131,CN(C(=O)[C@H](CCCCN)NC(=O)[C@H](CCCNC(=N)N)NC(=O)c1ccccc1)[C@@H](C(N)=O)c1ccccc1,,
CHEMBL4436053,CC(=O)O[C@@H]1C(=O)C=C2CCN3Cc4cc5c(cc4[C@H]1[C@@H]23)OCO5,400.0,
CHEMBL4468720,N=C(N)NCCC[C@H](N[C@H](c1ccccc1)C(F)(F)F)C(=O)N[C@@H](CCCCN)C(=O)N[C@@H](C(N)=O)c1ccccc1,,
CHEMBL4437334,O=C1C=C/C(=N/Nc2ccc([N+](=O)[O-])cc2Cl)C=C1C(=O)Nc1cccc(Cl)c1,1800.0,
CHEMBL4085475,C[C@@H]1NC(=O)[C@H](CS)NC(=O)CNC(=O)[C@H](CO)NC(=O)[C@H](C)NC(=O)[C@H](CCCNC(=N)N)NC(=O)[C@H](CCCCN)NC(=O)CNC1=O,200000.0,
CHEMBL4075616,C[C@@H]1NC(=O)CNC(=O)[C@H](C)NC(=O)[C@H](CS)NC(=O)CNC(=O)[C@H](CO)NC(=O)[C@H](CCCCN)NC(=O)[C@H](CCCNC(=N)N)NC1=O,200000.0,
CHEMBL4099877,N=C(N)NCCC[C@@H]1NC(=O)[C@H](CCCNC(=N)N)NC(=O)[C@@H](CCCNC(=N)N)NC(=O)[C@@H](Cc2ccc3ccccc3c2)NC(=O)[C@H](Cc2ccccc2)NC(=O)[C@H](CCc2ccccc2)NC(=O)[C@@H](Cc2ccc3ccccc3c2)NC(=O)[C@H](CCCCN)NC1=O,1100.0,
CHEMBL4088305,C[C@@H]1NC(=O)[C@@H](Cc2ccccc2)NC(=O)[C@H](CO)NC(=O)[C@H](CCc2ccccc2)NC(=O)[C@H](CO)NC(=O)[C@H](CCCCN)NC(=O)[C@H](CCCNC(=N)N)NC(=O)[C@H](CCCCN)NC1=O,28500.0,
CHEMBL4079109,C[C@@H]1NC(=O)[C@H](CCc2ccccc2)NC(=O)[C@H](CO)NC(=O)[C@H](CCCCN)NC(=O)[C@H](CCCNC(=N)N)NC(=O)[C@H](CCCCN)NC(=O)CNC(=O)[C@@H](Cc2ccccc2)NC1=O,7600.0,
CHEMBL1940602,O=C(O)CCC/C=C/C(c1ccccc1)c1c(O)c2c(c(C(/C=C/c3ccccc3)CCCC(=O)O)c1O)OC(c1ccccc1)CC2=O,1800.0,
CHEMBL3740603,N=C(N)NCCC[C@H](NC(=O)c1ccc(Cl)s1)C(=O)N[C@@H](CCCCN)C(=O)N[C@@H](C(N)=O)c1ccc(OCc2ccc(Cl)cc2)cc1,111.0,
CHEMBL4078144,C[C@@H]1NC(=O)[C@H](CS)NC(=O)[C@@H](CCc2ccccc2)NC(=O)[C@H](CO)NC(=O)[C@H](CCCCN)NC(=O)[C@H](CCCNC(=N)N)NC(=O)[C@H](CCCCN)NC(=O)CNC1=O,38700.0,
CHEMBL4474101,CN(C(=O)c1ccccc1)[C@@H](CCCNC(=N)N)C(=O)N[C@@H](CCCCN)C(=O)N[C@@](C)(C(N)=O)c1ccccc1,3000.0,
CHEMBL517360,O=C1N[C@H]2C=C[C@@H](O)[C@H](OC3CCCCO3)[C@@H]2c2cc3c(cc21)OCO3,,
CHEMBL516095,O=C1N[C@H]2CC=C[C@H](O)[C@@H]2c2cc3c(cc21)OCO3,,
CHEMBL476487,O=c1[nH]c2c(c3cc4c(cc13)OCO4)C[C@H](O)[C@@H](O)[C@H]2O,8.5,
CHEMBL4561278,O=C(Nc1c[nH]c2ncc(-c3ccc(C(F)(F)F)cc3)cc12)c1cccnc1,2940.0,
CHEMBL3542231,CC[C@H](C)[C@H]1O[C@]2(CC[C@@H]1C)C[C@@H]1C[C@@H](C/C=C(\C)[C@@H](O[C@H]3C[C@H](O[C@H]4C[C@H](OC)[C@@H](O)[C@H](C)O4)[C@@H](OC)[C@H](C)O3)[C@@H](C)/C=C/C=C3\CO[C@@H]4[C@H](O)C(C)=C[C@@H](C(=O)O1)[C@]34O)O2,1200.0,
CHEMBL682,CCN(CC)Cc1cc(Nc2ccnc3cc(Cl)ccc23)ccc1O,1080.0,
CHEMBL4447800,Cc1ccc2nc(-c3ccc4nc(-c5ccc(NC(=O)c6ccc7nc(-c8ccc(N)cc8)sc7c6)cc5)sc4c3)sc2c1S(=O)(=O)O.N,500.0,
CHEMBL2059156,Nc1ncc(Br)c2c1ncn2[C@@H]1C[C@H](CO)[C@@H](O)[C@H]1O,93000.0,
CHEMBL4452785,O=C(O)c1cc(=O)c2ccc(S[C@@H](/C=C/C=C\CCOc3ccc(Cl)c(Cl)c3)[C@H](O)c3cccc(C(F)(F)F)c3)cc2o1,6800.0,
CHEMBL3426543,O=C1C[C@]2(C(=O)Nc3ccc(Cl)cc32)c2cnn(Cc3ccc(Cl)cc3)c2N1,10.0,
CHEMBL3739504,N=C(N)NCCC[C@H](NC(=O)c1ccc(-c2cccs2)s1)C(=O)N[C@@H](CCCCN)C(=O)N[C@@H](C(N)=O)c1ccc(OCc2ccc(Cl)c(Cl)c2)cc1,7600.0,
CHEMBL4555033,C[C@@H](c1ccc(Cl)cc1)n1nnc2c1NC(=O)C[C@]21C(=O)N(CCC(C)(C)C)c2ccc(Cl)cc21,82.0,
CHEMBL4459948,C[C@@H](c1ccc(Cl)cc1)n1nnc2c1NC(=O)C[C@]21C(=O)N(Cc2ccc(Cl)nc2)c2ccc(Cl)cc21,6.0,
CHEMBL4571778,C[C@@H](c1ccc(Cl)cc1)n1nnc2c1NC(=O)C[C@]21C(=O)N(CCN2CCOCC2)c2ccc(Cl)cc21,17.0,
CHEMBL4517802,O=C(Nc1nc2cc(O)c(O)cc2s1)[C@H]1CCCN1S(=O)(=O)c1ccc(-c2ccccc2)cc1,10900.0,
CHEMBL4483351,CC[C@H](C)[C@@H]1NC(=O)[C@H](CC(N)=O)NC(=O)[C@H](C(C)C)NC(=O)[C@H](CC(C)C)NC(=O)[C@H]([C@@H](C)O)NC(=O)[C@H](CC(N)=O)NC(=O)[C@H](Cc2ccc(OC)cc2)N(C)C(=O)[C@H]([C@@H](C)CC)NC(=O)[C@H](CCCCN)NC(=O)[C@H](Cc2c[nH]c3ccccc23)NC(=O)[C@H](Cc2ccc(O)cc2)NC(=O)CSC[C@@H](C(N)=O)NC1=O,10000.0,
CHEMBL4538618,CC[C@H](C)[C@@H]1NC(=O)[C@H](C)NC(=O)[C@@H](Cc2ccc(O)cc2)NC(=O)CSC[C@@H](C(N)=O)NC(=O)[C@H](CC(N)=O)NC(=O)[C@H](CC(C)C)N(C)C(=O)[C@H](Cc2ccc(O)cc2)NC(=O)[C@H](CCCCN)NC(=O)[C@H](CC(N)=O)NC(=O)[C@H](Cc2ccc(O)cc2)NC(=O)[C@H](Cc2ccc(OC)cc2)N(C)C(=O)[C@H]([C@@H](C)CC)NC1=O,20000.0,
CHEMBL535,CCN(CC)CCNC(=O)c1c(C)[nH]c(/C=C2\C(=O)Nc3ccc(F)cc32)c1C,1350.0,
CHEMBL3275868,O=C1C(=Cc2ccc(O)cc2)C(=O)c2ccccc21,55850.0,
CHEMBL4291863,CSc1ncnc2c1c1cc(Cl)ccc1n2[C@@H]1O[C@H](CO)[C@@H](O)[C@@H]1O,50000.0,
CHEMBL598807,O=C1NC(=O)/C(=C\c2ccc(O)cc2)N1,27590.0,
CHEMBL606173,COc1ccc(CN(CC[C@@H](c2ccccc2)c2ccco2)C(=O)c2ccoc2)cc1,2910.0,
CHEMBL604091,O=C1C(=O)N(Cc2cccnc2)[C@H](c2cccc(Oc3ccccc3)c2)/C1=C(/O)c1ccco1,100000.0,
CHEMBL4646812,N=C(N)Nc1ccc(CNC(=O)[C@@H](NC(=O)c2ccc(OCc3ccccc3)cc2)c2ccc(OCc3ccccc3)cc2)cc1.O=C(O)C(F)(F)F,4400.0,
CHEMBL4633312,N=C(N)Nc1ccc(CNC(=O)[C@@H](NC(=O)Cc2ccc(-c3ccccc3)cc2)c2ccc(OCc3c(Cl)cccc3Cl)cc2)cc1.O=C(O)C(F)(F)F,540.0,
CHEMBL4638299,N=C(N)Nc1ccc(CNC(=O)[C@@H](NC(=O)c2ccc(-c3ccc(Cl)cc3)cc2)c2ccc(OCc3ccccc3)cc2)cc1.O=C(O)C(F)(F)F,7100.0,
CHEMBL4639263,O=C(N[C@@H](Cc1ccc(O)cc1)C(=O)O)c1cc(-c2ccccc2)c(=O)n2c1sc1ccc(OC3CCCCCC3)cc12,9616.0,
CHEMBL4470468,N=C(N)NCCC[C@H](NC(=O)c1ccccc1)C(=O)N[C@@H](CCCCN)C(=O)N(CC(N)=O)c1ccccc1,,
CHEMBL4634622,CC(=O)N[C@H](C(=O)NCc1ccc(NC(=N)N)cc1)c1ccc(OCc2ccccc2)cc1.O=C(O)C(F)(F)F,,
CHEMBL1332181,COc1cccc(CN2CCN(C(=O)COc3ccc4ccccc4c3)CC2)c1,112219.0,
CHEMBL1538755,COc1cc2c(cc1OC)-c1cc(NC3CC3)nc(=O)n1CC2,17564.0,
CHEMBL1527239,COc1cc2c(cc1OC)-c1cc(NC3CCCCCC3)nc(=O)n1CC2,2939.0,
CHEMBL3212828,COc1cccc(C(=O)N/N=C/c2c[nH]nc2-c2ccc(OC)cc2OC)c1,112219.0,
CHEMBL1438981,O=C(Cc1ccc(-n2c(=O)c3ccccc3n(Cc3ccccc3Cl)c2=O)cc1)NCC1CCCO1,112219.0,
CHEMBL1556732,COc1ccc(-c2nnc(-c3ccccc3)o2)cc1OC,72505.0,
CHEMBL1331020,Cc1c(C(c2cccc([N+](=O)[O-])c2O)c2c(C)n(C)n(-c3ccccc3)c2=O)c(=O)n(-c2ccccc2)n1C,112219.0,
CHEMBL1380941,CCOC(=O)Cn1c(=O)n(Cc2ccco2)c(=O)c2ccc(C(=O)NC3CCCC3)cc21,13780.0,
CHEMBL1452243,CCOC(=O)c1nc(O)c2c3c(sc2n1)CCCC3,112219.0,
CHEMBL2007180,C/N=c1\scc(-c2ccccc2F)n1/N=C/c1ccc(O)c(O)c1O,2459.0,
CHEMBL1540374,Cc1onc(-c2ccccc2)c1C(=O)N=C(N)c1ccc(Cl)cc1,28360.0,
CHEMBL1420372,Cc1cc(C)n2nc(SCc3cc(=O)oc4cc(C)c(C)cc34)nc2n1,112219.0,
CHEMBL1440311,COc1ccc(-c2nc(CSCC(=O)N3CCN(c4cccc(C)c4)C(C)C3)c(C)o2)cc1OC,112219.0,
CHEMBL1500900,COc1cc(OC)cc(C(=O)NCCCN2CCN(CCCNC(=O)c3cc(OC)cc(OC)c3)CC2)c1,112219.0,
CHEMBL1604007,CC(C)(C)C(=O)/C(=C\c1ccc([N+](=O)[O-])cc1)n1cncn1,5770.0,
CHEMBL1504089,COc1cccc(-c2noc(-c3cccs3)n2)c1,112219.0,
CHEMBL1975825,COc1ccc(N(CC(=O)N/N=C/c2ccc(-c3ccc([N+](=O)[O-])cc3)o2)S(=O)(=O)c2ccc(C)cc2)cc1,112219.0,
CHEMBL1606614,Cc1onc(-c2ccccc2Cl)c1C(=O)N1CCc2ccccc2C1,112219.0,
CHEMBL1307286,CCc1nnc(NC(=O)CSc2nnc(Cc3cccn3C)n2CCOC)s1,112219.0,
CHEMBL1505952,Cl.O=C(N1CCN(Cc2ccccc2)CC1)C12CC3CC(CC(C3)C1)C2,112219.0,
CHEMBL1522839,COc1ccc(OCCCC(=O)OC(C)C(=O)Nc2ccc(NC(C)=O)cc2)cc1,112219.0,
CHEMBL1601293,CCc1ccc(NC(=O)Nc2ccsc2C(=O)OC)cc1,2059.0,
CHEMBL4638250,O=C(O)CCNC(=O)c1cc(-c2ccccc2)c(=O)n2c1sc1ccc(OC3CCCCC3)cc12,3500.0,
CHEMBL1564790,Cc1cc(Nc2cccc([N+](=O)[O-])c2)c2cccc(C)c2n1.Cl,112219.0,
CHEMBL1328395,CCOc1c(OC(C)=O)ccc(/C=C/c2ccc3cccc(OC)c3n2)c1[N+](=O)[O-],17574.0,
CHEMBL1353358,O=C(CSc1nnc(SCc2ccc(F)cc2)s1)Nc1ccc(C(=O)O)cc1,39407.0,
CHEMBL1349101,Cc1cccc(NC(=O)c2ccc(NCCO)c([N+](=O)[O-])c2)n1,25486.0,
CHEMBL1349374,CC(C)[C@@H](CO)NC(=O)c1ccc2c3n(nc2c1)-c1ccccc1CO3,2695.0,
CHEMBL4633636,CCCCCC(=O)N[C@H](C(=O)NCc1ccc(NC(=N)N)nc1)c1ccc(OCc2ccccc2)cc1.O=C(O)C(F)(F)F,19000.0,
CHEMBL4649399,CCCCC(=O)N[C@H](C(=O)NCc1ccc(NC(=N)N)cc1)c1ccc(OCc2ccccc2)cc1.O=C(O)C(F)(F)F,,
CHEMBL4641383,CCCCCCCC(=O)N[C@H](C(=O)NCc1ccc(NC(=N)N)cc1)c1ccc(OCc2ccccc2)cc1.O=C(O)C(F)(F)F,830.0,
CHEMBL1580851,O=C(O)C1C2C=CC(C2)C1C(=O)NCc1ccccn1,112219.0,
CHEMBL1337402,Cc1n[nH]c(S/C(C(=O)O)=C2/C(=O)Nc3ccccc32)n1,112219.0,
CHEMBL1544466,CCOc1ccc(N2CC(C(=O)NCCc3ccc(OC)c(OC)c3)CC2=O)cc1,36128.0,
CHEMBL4459375,C[C@@H](c1ccc(Cl)cc1)n1nnc2c1NC(=O)C[C@]21C(=O)N(CCN(C)CCS(C)(=O)=O)c2ccc(Cl)cc21,18.0,
CHEMBL4568250,CC(C)N1C(=O)C[C@]2(C(=O)Nc3ccc(Cl)cc32)c2nnn([C@@H](C)c3ccc(Cl)cc3)c21,4400.0,
CHEMBL4459948,C[C@@H](c1ccc(Cl)cc1)n1nnc2c1NC(=O)C[C@]21C(=O)N(Cc2ccc(Cl)nc2)c2ccc(Cl)cc21,5000.0,
CHEMBL4454595,COC(=O)CN1C(=O)C[C@]2(C(=O)Nc3ccc(Cl)cc32)c2nnn([C@@H](C)c3ccc(Cl)cc3)c21,10000.0,
CHEMBL4538323,C[C@@H](c1ccc(Cl)cc1)n1nnc2c1NC(=O)C[C@]21C(=O)N(CCN(C)C)c2ccc(Cl)cc21,5000.0,
CHEMBL4472422,C[C@@H](c1ccc(Cl)cc1)n1nnc2c1NC(=O)C[C@]21C(=O)N(CCCCN(C)C)c2ccc(Cl)cc21,5000.0,
CHEMBL4473559,C[C@@H](c1ccc(Cl)cc1)n1nnc2c1NC(=O)C[C@]21C(=O)N(CCCCN2CCCCC2)c2ccc(Cl)cc21,5000.0,
CHEMBL4579860,CC(C)CN1C(=O)[C@]2(CC(=O)Nc3c2nnn3[C@@H](C)c2ccc(Cl)cc2)c2cc(Cl)ccc21,1300.0,
CHEMBL4574992,N=C(N)NCCC[C@H](NC(=O)c1ccccc1)C(=O)N[C@@H](CCCCN)C(=O)NC(C(N)=O)(c1ccccc1)c1ccccc1,,
CHEMBL3740277,N=C(N)NCCC[C@H](NC(=O)c1ccccc1)C(=O)N[C@@H](CCCCN)C(=O)N[C@@H](C(N)=O)c1ccccc1,3800.0,
CHEMBL4527041,N=C(N)NCCCN(CC(=O)N[C@@H](CCCCN)C(=O)N[C@@H](C(N)=O)c1ccccc1)C(=O)c1ccccc1,,
CHEMBL4436871,N=C(N)NCCC[C@H](NC(=O)c1ccccc1)C(=O)N(CCCCN)CC(=O)N[C@@H](C(N)=O)c1ccccc1,,
CHEMBL1214186,Nc1ncnc2c1ncn2[C@@H]1O[C@H](C[C@@H](N)CC[C@H](N)C(=O)O)[C@@H](O)[C@H]1O,41.0,
CHEMBL4538323,C[C@@H](c1ccc(Cl)cc1)n1nnc2c1NC(=O)C[C@]21C(=O)N(CCN(C)C)c2ccc(Cl)cc21,5000.0,
CHEMBL1631360,CC1(C)CC(Nc2nc(-c3ccc(-c4ccc(Cl)cc4)s3)c3ccccc3n2)CC(C)(C)N1,84.0,
CHEMBL4472422,C[C@@H](c1ccc(Cl)cc1)n1nnc2c1NC(=O)C[C@]21C(=O)N(CCCCN(C)C)c2ccc(Cl)cc21,190.0,
CHEMBL4513651,C[C@@H](c1ccc(Cl)cc1)n1nnc2c1NC(=O)C[C@]21C(=O)N(CCCCCCCCN(C)C)c2ccc(Cl)cc21,490.0,
CHEMBL4554332,C[C@@H](c1ccc(Cl)cc1)n1nnc2c1NC(=O)C[C@]21C(=O)N(CCCBr)c2ccc(Cl)cc21,76.0,
CHEMBL4449100,C[C@@H](c1ccc(Cl)cc1)n1nnc2c1NC(=O)C[C@]21C(=O)N(C)c2ccc(Cl)cc21,5000.0,
CHEMBL4162022,NS(=O)(=O)c1ccc(N2N=C(c3ccc(OCc4ccccc4)cc3)CC2c2ccccc2)cc1,80000.0,
CHEMBL3740600,N=C(N)NCCC[C@H](NC(=O)c1cc2ccsc2s1)C(=O)N[C@@H](CCCCN)C(=O)N[C@@H](C(N)=O)c1ccc(OCc2ccc(C(F)(F)F)cc2)cc1,203.0,
CHEMBL2348380,CC(C)(C)CC(=O)N(CCCCCCN1C[C@H](O)[C@@H](O)[C@H](O)[C@H]1CO)C1CCCCC1,1500.0,
CHEMBL2348383,CC1CCCCC1N(CCCCCCN1C[C@H](O)[C@@H](O)[C@H](O)[C@H]1CO)C(=O)C(C)(C)C,320.0,
CHEMBL2348382,CC(C)(C)C(=O)N(CCCCCCN1C[C@H](O)[C@@H](O)[C@H](O)[C@H]1CO)C1CCCCC1,280.0,
CHEMBL4864012,O=C(NCC1CCNCC1)c1cc2ccc(-c3ccc(OC(F)(F)F)cc3)cc2[nH]1,10700.0,
CHEMBL4278184,OC[C@H]1O[C@@H](n2c3ccc(Cl)cc3c3c(-c4ccco4)ncnc32)[C@H](F)[C@@H]1O,50000.0,
CHEMBL4646482,CCCCCC(=O)N[C@H](C(=O)NCCCCN)c1ccc(OCc2ccccc2)cc1,,
CHEMBL3809079,COc1cc(C)c(C(=O)NS(=O)(=O)c2ccccc2)cc1-c1ccc(C#CCO)s1,31000.0,
CHEMBL3808396,COc1cc(C)c(C(=O)NS(C)(=O)=O)cc1-c1ccc(C#CCO)s1,50000.0,
CHEMBL3809551,COc1cc(C)c(S(=O)(=O)NC(=O)c2cccc3cccnc23)cc1-c1ccc(C#CCO)s1,14000.0,
CHEMBL3808633,COc1cccc(S(=O)(=O)NC(=O)c2cc(-c3ccc(C#CCO)s3)c(OC)cc2OC)c1,1800.0,
CHEMBL4636692,O=C(N[C@@H](CO)C(=O)O)c1cc(-c2ccccc2)c(=O)n2c1sc1ccc(OC3CCCCC3)cc12,,
CHEMBL3910205,N=C(N)NCCC[C@H](NC(=O)[C@H](Cc1cccc(NC(=N)N)c1)NC(=O)c1ccccc1)B(O)O,48000.0,
CHEMBL4568250,CC(C)N1C(=O)C[C@]2(C(=O)Nc3ccc(Cl)cc32)c2nnn([C@@H](C)c3ccc(Cl)cc3)c21,310.0,
CHEMBL4515898,C[C@@H](c1ccc(Cl)cc1)n1nnc2c1NC(=O)C[C@]21C(=O)N(Cc2ccccn2)c2ccc(Cl)cc21,3.0,
CHEMBL4471004,Cc1ccc(CN2C(=O)[C@]3(CC(=O)Nc4c3nnn4[C@@H](C)c3ccc(Cl)cc3)c3cc(Cl)ccc32)cn1,11.0,
CHEMBL4538323,C[C@@H](c1ccc(Cl)cc1)n1nnc2c1NC(=O)C[C@]21C(=O)N(CCN(C)C)c2ccc(Cl)cc21,6000.0,
CHEMBL4454595,COC(=O)CN1C(=O)C[C@]2(C(=O)Nc3ccc(Cl)cc32)c2nnn([C@@H](C)c3ccc(Cl)cc3)c21,10000.0,
CHEMBL4576872,C#CCN1C(=O)[C@]2(CC(=O)Nc3c2nnn3[C@@H](C)c2ccc(Cl)cc2)c2cc(Cl)ccc21,69.0,
CHEMBL4568434,Cc1ccc(N2C[C@H](NC(=O)[C@H](NC(=O)[C@H](CCCCN)NC(=O)[C@H](CCCNC(=N)N)NC(=O)c3ccccc3)c3ccc(OCc4ccccc4)cc3)C2=O)cc1,2700.0,
CHEMBL4458661,CC(C)N1C(=O)[C@]2(CC(=O)Nc3c2nnn3[C@@H](C)c2ccc(Cl)cc2)c2cc(Cl)ccc21,5000.0,
CHEMBL4446551,CC(C)CCN1C(=O)[C@]2(CC(=O)Nc3c2nnn3[C@@H](C)c2ccc(Cl)cc2)c2cc(Cl)ccc21,5000.0,
CHEMBL4471004,Cc1ccc(CN2C(=O)[C@]3(CC(=O)Nc4c3nnn4[C@@H](C)c3ccc(Cl)cc3)c3cc(Cl)ccc32)cn1,5000.0,
CHEMBL4447223,C[C@@H](c1ccc(Cl)cc1)n1nnc2c1NC(=O)C[C@]21C(=O)N(CCN2CCCCC2)c2ccc(Cl)cc21,5000.0,
CHEMBL4455078,C[C@@H](c1ccc(Cl)cc1)n1nnc2c1NC(=O)C[C@]21C(=O)N(CCN2CCC2)c2ccc(Cl)cc21,5000.0,
CHEMBL4436766,CNCCN1C(=O)[C@]2(CC(=O)Nc3c2nnn3[C@@H](C)c2ccc(Cl)cc2)c2cc(Cl)ccc21,5000.0,
CHEMBL4475139,C[C@@H](c1ccc(Cl)cc1)n1nnc2c1NC(=O)C[C@]21C(=O)N(Cc2ccccc2)c2ccc(Cl)cc21,2000.0,
CHEMBL4591166,C[C@@H](c1ccc(Cl)cc1)n1nnc2c1NC(=O)C[C@]21C(=O)N(Cc2cc(C(C)(C)C)cc(C(C)(C)C)c2)c2ccc(Cl)cc21,4600.0,
CHEMBL4575020,C[C@@H](c1ccc(Cl)cc1)n1nnc2c1NC(=O)C[C@]21C(=O)N(Cc2cccnc2)c2ccc(Cl)cc21,3200.0,
CHEMBL4452845,C[C@@H](c1ccc(Cl)cc1)n1nnc2c1NC(=O)C[C@]21C(=O)N(Cc2ccncc2)c2ccc(Cl)cc21,5000.0,
CHEMBL4538647,COC(=O)CN1C(=O)[C@]2(CC(=O)Nc3c2nnn3[C@@H](C)c2ccc(Cl)cc2)c2cc(Cl)ccc21,5000.0,
CHEMBL4458661,CC(C)N1C(=O)[C@]2(CC(=O)Nc3c2nnn3[C@@H](C)c2ccc(Cl)cc2)c2cc(Cl)ccc21,23.0,
CHEMBL4536890,C[C@@H](c1ccc(Cl)cc1)n1nnc2c1NC(=O)C[C@]21C(=O)N(CCF)c2ccc(Cl)cc21,38.0,
CHEMBL4586370,CCCN1C(=O)[C@]2(CC(=O)Nc3c2nnn3[C@@H](C)c2ccc(Cl)cc2)c2cc(Cl)ccc21,10.0,
CHEMBL4440652,C[C@@H](c1ccc(Cl)cc1)n1nnc2c1N(C)C(=O)C(C)(C)[C@]21C(=O)N(C)c2ccc(Cl)cc21,5000.0,
CHEMBL4470681,C[C@@H](c1ccc(Cl)cc1)n1nnc2c1NC(=O)C[C@]21C(=O)N(Cc2ccc(F)cc2)c2ccc(Cl)cc21,48.0,
CHEMBL4205361,COc1cccc(NC(C(=O)c2c[nH]c3ccccc23)c2cccc(C)c2)c1,269.0,
CHEMBL4214021,COc1cccc(NC(C(=O)c2c[nH]c3ccccc23)c2ccc(C)nc2)c1,73.0,
CHEMBL4205233,COc1cccc(NC(C(=O)c2c[nH]c3ccccc23)c2ccsc2)c1,134.0,
CHEMBL4216943,COc1cccc(NC(C(=O)c2c[nH]c3ccccc23)c2ccco2)c1,297.0,
CHEMBL4212873,COc1ccc(NC(C(=O)c2c[nH]c3ccccc23)c2ccccc2)cc1OC,1600.0,
CHEMBL1631769,C#C[C@@]1(O)[C@H](O)[C@@H](CO)O[C@H]1n1cc(C#N)c2c(N)ncnc21,3100.0,
CHEMBL4548448,CCCCCCN1C(=O)[C@]2(CC(=O)Nc3c2nnn3[C@@H](C)c2ccc(Cl)cc2)c2cc(Cl)ccc21,830.0,
CHEMBL4471004,Cc1ccc(CN2C(=O)[C@]3(CC(=O)Nc4c3nnn4[C@@H](C)c3ccc(Cl)cc3)c3cc(Cl)ccc32)cn1,5000.0,
CHEMBL4455078,C[C@@H](c1ccc(Cl)cc1)n1nnc2c1NC(=O)C[C@]21C(=O)N(CCN2CCC2)c2ccc(Cl)cc21,67.0,
CHEMBL4575020,C[C@@H](c1ccc(Cl)cc1)n1nnc2c1NC(=O)C[C@]21C(=O)N(Cc2cccnc2)c2ccc(Cl)cc21,21.0,
CHEMBL4572212,C[C@@H](c1ccc(Cl)cc1)n1nnc2c1NC(=O)C[C@]21C(=O)N(CCO)c2ccc(Cl)cc21,5000.0,
CHEMBL4475296,C[C@@H](c1ccc(Cl)cc1)n1nnc2c1NC(=O)C[C@]21C(=O)N(CCN2CCCC2)c2ccc(Cl)cc21,5000.0,
CHEMBL4533571,COc1ccc(CN2Cc3c(Nc4ccc(S(N)(=O)=O)cc4)nc(N4CCOCC4)nc3C2=O)cc1,97900.0,
CHEMBL4466218,O=C(NCCc1ccccc1)c1nc(N2CCOCC2)nc(Nc2cccc(O)c2)c1CO,20700.0,
CHEMBL1794231,CC(=O)Nc1c(C#N)c(-c2ccccc2)c(C#N)c(=O)n1-c1ccc(C)cc1,129000.0,
CHEMBL1718648,CC(=O)Nc1ccc(/C(C)=N/NC(=O)C2CCCC2)cc1,11280.0,
CHEMBL1358431,Cc1ccc(-c2c(C#N)c(N)n(-c3ccc(Cl)cc3)c(=O)c2C#N)cc1,9215.0,
CHEMBL4128325,CC#C[C@]1(O)[C@H](n2ccc(=O)[nH]c2=O)O[C@](F)(CO[P@@](=O)(N[C@@H](C)C(=O)OC(C)C)Oc2ccccc2)[C@H]1O,9000.0,
CHEMBL1631358,CC1(C)CC(Nc2nccc(-c3ccc(-c4ccc(Cl)cc4)s3)n2)CC(C)(C)N1,320.0,
CHEMBL3343164,N=C1/C(=C/c2cn(Cc3ccccc3)c3ccccc23)C(=O)N=C2SC(SCc3ccccc3)=NN12,6090.0,
CHEMBL3343176,N#C/C(=C\c1cn(Cc2ccccc2C#N)c2ccccc12)C(=O)Nc1nnc(SCc2ccccc2)s1,2860.0,
CHEMBL3343173,N#C/C(=C\c1cn(Cc2ccc(F)cc2)c2ccccc12)C(=O)Nc1nnc(SCc2ccccc2)s1,2240.0,
CHEMBL606173,COc1ccc(CN(CC[C@@H](c2ccccc2)c2ccco2)C(=O)c2ccoc2)cc1,25000.0,
CHEMBL596747,Cc1cc(C(=O)CSc2nc(N)cc(=O)[nH]2)c(C)n1Cc1ccc2c(c1)OCO2,100000.0,
CHEMBL605779,Cc1ccc(Cl)cc1NS(=O)(=O)c1ccc(NS(=O)(=O)c2ccc3ccccc3c2)cc1,64200.0,
CHEMBL597777,O=C(O)COc1ccccc1/C=N\NC(=O)Cc1csc(Nc2cccc(C(F)(F)F)c2)n1,100000.0,
CHEMBL597979,O=S(=O)(O)c1cccc(NNc2ccc(Nc3ccccc3)cc2)c1,10680.0,
CHEMBL4204807,O=C(c1c[nH]c2ccccc12)C(Nc1cc(F)cc(F)c1)c1ccccc1,1700.0,
CHEMBL4205665,COc1cc(NC(C(=O)c2c[nH]c3ccccc23)c2cccnc2)cc(OC)c1,15.0,
CHEMBL1535293,Cc1[nH]c2nc(SCC(=O)c3ccccc3)nc-2cc1Br,112219.0,
CHEMBL1467334,O=C(CCCCCn1nnc2ccccc2c1=O)N[C@H](C(=O)O)c1ccccc1,112219.0,
CHEMBL1546066,CC1CC(=O)NN=C1c1ccc(N)c([N+](=O)[O-])c1,88.0,
CHEMBL1469581,COc1ccc2oc(=O)c(C(=O)N3CCCC3)cc2c1,112219.0,
CHEMBL1369757,COc1ccc(CCN2CC(C(=O)NCCc3ccccc3C(F)(F)F)CCC2=O)cc1,112219.0,
CHEMBL1488176,CCn1c(Cc2cccn2C)nnc1SCC(=O)c1ccc(C)cc1,112219.0,
CHEMBL1390836,c1ccc2c(C3=NN=C(NC4CC4)SC3)c[nH]c2c1,20182.0,
CHEMBL1549379,CC(=O)c1cccc(-n2nnnc2SCC(=O)N2CCCC2)c1,112219.0,
CHEMBL1392570,COc1ccc(C(=O)NNC(=O)c2ccccn2)cc1,429.0,
CHEMBL1312760,CCOC(=O)C1CCN(C(=O)CCc2nnc3ccc(NCc4ccco4)nn23)CC1,112219.0,
CHEMBL1966921,COc1ccc(/C=N/NC(=O)c2nonc2C)cc1,2836.0,
CHEMBL1521649,COc1cccc(Oc2c(C)oc3c(CN4CCCCC4)c(O)ccc3c2=O)c1,19163.0,
CHEMBL1572538,Cc1cc(C)n2nc(N)c(N=Nc3ccccc3)c2n1,112219.0,
CHEMBL1593417,CN(C)c1ccc(CNC(=O)c2cc(S(=O)(=O)N3CCOCC3)cn2C)cc1,112219.0,
CHEMBL3191437,COc1ccc(/C=N/N=C(\N)c2nonc2N)cc1,2669.0,
CHEMBL1307776,CCCCOc1cccc(-c2cc(C(=O)NN=C(S)NCC)c3ccccc3n2)c1,110847.0,
CHEMBL1444056,CC(=O)Nc1ccc(C(=O)N(C)c2ccccc2)cc1,112219.0,
CHEMBL1417128,CCOC(=O)C1CCN(C(=O)Cn2nc(C)n3c(cc4cc(F)ccc43)c2=O)CC1,15774.0,
CHEMBL1522591,CCOC(=O)N1CCN(C(=O)CCCN2C(=O)CSc3nc(C)cc(C)c32)CC1,112219.0,
CHEMBL1411333,CCCC(=O)Nc1cccc(NC(=O)c2ccccc2Br)c1,1873.0,
CHEMBL1608430,O=C(Nc1ccc(-c2nc3ccccc3[nH]2)cc1)C1CCCO1,1692.0,
CHEMBL439718,OCC1OC(n2cnc3c(NC4CCCC4)ncnc32)C(O)C1O,1090.0,
CHEMBL1540173,COc1ccc(N2CCN(CC(=O)c3ccc(O)cc3O)CC2)cc1,112219.0,
CHEMBL1441481,OC(COc1ccc2ccccc2c1Br)Cn1ccnc1,112219.0,
CHEMBL1344582,O=C(/C=C/Nc1ccc(F)cc1F)c1cccs1,4234.0,
CHEMBL1424060,CC(=O)c1ccc(NC(=O)c2cc[nH]n2)cc1,7065.0,
CHEMBL1580554,COc1cccc(-n2c(N)c(C(=O)Nc3c(C)n(C)n(-c4ccccc4)c3=O)c3nc4ccccc4nc32)c1,112219.0,
CHEMBL1384906,CCOC(=O)C1CCCN(C(=O)c2ccc3oc(Cc4ccccc4)nc3c2)C1,112219.0,
CHEMBL1533279,O=C1C=C(c2ccc(Cl)cc2)C(=O)N1Nc1ccccc1,21511.0,
CHEMBL1542915,O=C(c1ccco1)c1cn(CC(=O)N2CCCc3ccccc32)c2ccccc12,112219.0,
CHEMBL1612577,COn1c(=O)c(=O)n(O)c2ccccc21,112219.0,
CHEMBL4218618,O=C(c1c[nH]c2ccccc12)C(Nc1cccnc1)c1ccccc1,5000.0,
CHEMBL4202454,COc1nc(NC(C(=O)c2c[nH]c3ccccc23)c2ccccc2)ns1,3300.0,
CHEMBL4214655,COc1cccc(NC(C(=O)c2c[nH]c3ccccc23)c2ccc(C)cc2)c1,22.0,
CHEMBL4215399,COc1cccc(NC(C(=O)c2c[nH]c3ccccc23)c2cc(C)on2)c1,590.0,
CHEMBL4206605,COc1cccc(NC(C(=O)c2c[nH]c3cccc(Cl)c23)c2ccccc2)c1,24.0,
CHEMBL4210976,COc1cccc(NC(C(=O)c2c[nH]c3ccc(F)cc23)c2ccccc2)c1,34.0,
CHEMBL4215935,COc1cc(NC(C(=O)c2c[nH]c3ccc(F)cc23)c2ccccc2)cc(OC)c1,7.0,
CHEMBL4205131,COc1cccc(NC(C(=O)c2c[nH]c3cc(OC)ccc23)c2ccccc2)c1,43.0,
CHEMBL4212873,COc1ccc(NC(C(=O)c2c[nH]c3ccccc23)c2ccccc2)cc1OC,78.0,
CHEMBL3426591,COc1ccc2c(c1)C1(CC(=O)Nc3c1cnn3Cc1ccc(Cl)cc1)C(=O)N2,2300.0,
CHEMBL1565445,Cc1cc(C)n(Cc2cccc(F)c2)c(=O)c1C#N,112219.0,
CHEMBL1594257,CN(C)CCOC(=O)CCc1ccccc1.Cl,112219.0,
CHEMBL1516719,Cc1noc(C)c1CSc1nnc2scc(-c3ccc(Cl)cc3)n12,112219.0,
CHEMBL1582460,CCCc1cc(C(=O)N2CCCC(N3CCN(c4ccccc4F)CC3)C2)n(C)n1,21554.0,
CHEMBL1346992,CCn1cc(C(=O)N[C@@H](CCSC)C(=O)NCCCn2ccnc2)c(=O)c2cc3c(cc21)OCO3,112219.0,
CHEMBL1599915,COc1cc2c(cc1OC)-c1cc(Nc3ccc4c(c3)OCCO4)nc(=O)n1CC2,4632.0,
CHEMBL1456273,COc1ccc(C(=O)Nc2ccc3[nH]ccc3c2)cc1OC,112219.0,
CHEMBL1467416,O=C(NCc1ccc2c(c1)OCO2)C1CCN(S(=O)(=O)c2ccc(F)cc2)CC1,112219.0,
CHEMBL1406506,CCOc1ccc(S(=O)(=O)NCCC(=O)N2CCCN(C)CC2)cc1,112219.0,
CHEMBL1350091,CCCc1nc2oc3c(O)ncnc3c2c2c1CCCC2,112219.0,
CHEMBL1327226,N#C/C(=C\c1c[nH]c2ccccc12)c1nnc2n1CCCCC2,112219.0,
CHEMBL1483647,Cc1c(C(=O)N2CCCC2)sc(NC(=O)c2ccc(Cl)cc2)c1C#N,112219.0,
CHEMBL1584140,COc1ccc(CCN2CC(C(=O)NCCc3ccc(C(F)(F)F)cc3)CCC2=O)cc1,112219.0,
CHEMBL4126234,N#C[C@@]1(O)[C@H](O)[C@@H](CO)O[C@H]1n1ccc2c(N)ncnc21,640.0,
CHEMBL1269813,Cc1ccnc2c1ncn2[C@@H]1O[C@H](CO)[C@@H](O)[C@H]1O,10000.0,
CHEMBL1269812,Cc1ncnc2c1ccn2[C@@H]1O[C@H](CO)[C@@H](O)[C@H]1O,62.0,
CHEMBL4071574,Clc1ccc(-c2ccc(-c3nc(NCc4cccnc4)c4ccccc4n3)s2)cc1,119.0,
CHEMBL3763557,COc1ccc(C(c2c(O)c3ccccc3oc2=O)c2c(O)c3ccccc3oc2=O)cc1COc1ccc(NC(C)=O)cc1,61500.0,
CHEMBL3763814,CC1(C)CC(=O)C2=C(C1)c1c(ccc3ccccc13)NC2c1ccc(-c2ccc(O)c(C(=O)O)c2)o1,14900.0,
CHEMBL2146849,OC[C@H]1O[C@@H](n2c3ccc(Cl)cc3c3c(-c4ccccc4)ncnc32)[C@H](O)[C@@H]1O,26420.0,
CHEMBL2146945,OC[C@H]1O[C@@H](n2c3ccc(-c4ccccc4)cc3c3c(-c4ccco4)ncnc32)[C@H](O)[C@@H]1O,2910.0,
CHEMBL4103405,C[C@@H]1NC(=O)[C@H](CS)NC(=O)CNC(=O)[C@H](CO)NC(=O)[C@H](CCCCN)NC(=O)[C@H](C)NC(=O)[C@H](CCCCN)NC(=O)CNC1=O,200000.0,
CHEMBL4092129,N=C(N)NCCC[C@@H]1NC(=O)[C@H](CCCNC(=N)N)NC(=O)[C@@H](CCCNC(=N)N)NC(=O)[C@@H](Cc2ccccc2)NC(=O)[C@H](Cc2ccc3ccccc3c2)NC(=O)[C@H](CCc2ccccc2)NC(=O)[C@H](CO)NC(=O)[C@H](CCCCN)NC1=O,48500.0,
CHEMBL4071337,C[C@@H]1NC(=O)[C@H](CCCCN)NC(=O)[C@H](CCCNC(=N)N)NC(=O)[C@H](CCCNC(=N)N)NC(=O)[C@@H](CCCNC(=N)N)NC(=O)[C@@H](Cc2ccccc2)NC(=O)[C@H](Cc2cccc3ccccc23)NC(=O)[C@H](CCc2ccccc2)NC1=O,11800.0,
CHEMBL4104678,N=C(N)NCCC[C@@H]1NC(=O)[C@H](CCCCN)NC(=O)[C@H]2CCCN2C(=O)[C@@H](Cc2ccccc2)NC(=O)[C@H](CO)NC(=O)[C@H](CCc2ccccc2)NC(=O)[C@H](CO)NC(=O)[C@H](CCCCN)NC1=O,,
CHEMBL4061079,N=C(N)NCCC[C@@H]1NC(=O)[C@H](CCCNC(=N)N)NC(=O)[C@H]2CCCN2C(=O)[C@@H](Cc2ccccc2)NC(=O)[C@H](CO)NC(=O)[C@H](Cc2ccc(-c3ccccc3)cc2)NC(=O)[C@H](CO)NC(=O)[C@H](CCCCN)NC1=O,3800.0,
CHEMBL4074851,C[C@@H]1NC(=O)[C@H](CCc2ccccc2)NC(=O)[C@H](CO)NC(=O)[C@H](CCCCN)NC(=O)[C@H](CCCNC(=N)N)NC(=O)[C@H](CCCCN)NC(=O)CNC(=O)[C@@H](c2ccccc2)NC1=O,15100.0,
CHEMBL111574,COC(=O)c1cccc2oc(-c3cccc4oc(-c5ccccc5O)nc34)nc12,700000.0,
CHEMBL3343162,N#C/C(=C\c1cn(Cc2ccccc2)c2ccccc12)C(=O)Nc1nnc(SCc2ccccc2)s1,4440.0,
CHEMBL2164657,CCOC(=O)c1cc(/C=N/NC(=O)c2ccc3c(c2)OCO3)c(O)c(/C=N/NC(=O)c2ccc3c(c2)OCO3)c1,100000.0,
CHEMBL83598,O=C1C(=Cc2ccc(O)c(O)c2)C(=O)c2ccccc21,1820.0,
CHEMBL4211494,COc1cccc(NC(C(=O)c2c[nH]c3cccc(F)c23)c2ccccc2)c1,122.0,
CHEMBL4208984,COc1cc(NC(C(=O)c2c[nH]c3cccc(CO)c23)c2ccccc2)cc(OC)c1,288.0,
CHEMBL4206060,COc1cc(NC(C(=O)c2c[nH]c3ccc(CCO)cc23)c2ccccc2)cc(OC)c1,181.0,
CHEMBL4209676,COc1cc(F)cc(NC(C(=O)c2c[nH]c3ccccc23)c2ccccc2)c1,20.0,
CHEMBL3334981,COc1ccc(-c2cnc3[nH]cc(NC(=O)C4CCCCC4)c3c2)cc1OC,4270.0,
CHEMBL4529052,COc1ccc(-c2cnc3[nH]nc(NC(=O)c4cccnc4)c3c2)cc1OC,2090.0,
CHEMBL4442812,COc1ccc(-c2cnc3[nH]cc(C#Cc4cccnc4)c3n2)cc1OC,3280.0,
CHEMBL3339394,Cc1ccc(NC(=O)c2nc[nH]c2C(=O)NCCc2ccc(F)cc2)c(-c2ccco2)c1,3770.0,
CHEMBL3339404,Cc1ccc(NC(=O)c2nccnc2C(=O)Nc2ccc(C)cc2-c2cccnc2)cc1,10550.0,
CHEMBL4752149,O=C(NCc1ccc(-c2ccsc2)cc1)c1ccccc1C(=O)Nc1ccc(F)cc1,16000.0,
CHEMBL4742664,Cc1cc(-c2ccccc2NC(=O)c2nccnc2C(=O)Nc2ccc(F)cc2)[nH]n1,2200.0,
CHEMBL4790723,Cc1ccc(NC(=O)c2nccnc2C(=O)Nc2ccc(F)cc2)c(-c2cc(C)n[nH]2)c1,26500.0,
CHEMBL4746194,Cc1ccc(NC(=O)c2nccnc2C(=O)Nc2ccc(C)cc2-c2cccs2)cc1,500.0,
CHEMBL4464884,CC(NC(=O)[C@H](CCCCN)NC(=O)[C@H](CCCNC(=N)N)NC(=O)c1ccccc1)(C(N)=O)c1ccccc1,1300.0,
CHEMBL4548502,N=C(N)NCCC[C@H](NC(=O)c1ccccc1)C(=O)N[C@@H](CCCCN)C(=O)N[C@@H](CC(N)=O)c1ccccc1,,
CHEMBL4553067,COc1ccc(-c2cnc3[nH]cc(NC(=O)Cc4ccccc4)c3c2)cc1OC,142000.0,
CHEMBL4571759,CCCCc1cn(-c2cccc(S(=O)(=O)Nc3ccccc3C(F)(F)F)c2)nn1,6100.0,
CHEMBL4569026,CCOCc1cn(-c2cccc(S(=O)(=O)Nc3ccccc3C(F)(F)F)c2)nn1,2600.0,
CHEMBL4634423,CC(C)CCc1cn(-c2ccc(NC(=O)Nc3ccccc3F)cc2)nn1,900.0,
CHEMBL4639795,Cc1ccccc1NC(=O)Nc1ccc(-n2cc(CCC(C)C)nn2)cc1,1400.0,
CHEMBL4457482,CCCCCCCCCCCCCCCC[N+](CC)(CO)CO.[Br-],1030.0,
CHEMBL1535,CCN(CCO)CCCC(C)Nc1ccnc2cc(Cl)ccc12,9700.0,
CHEMBL1535,CCN(CCO)CCCC(C)Nc1ccnc2cc(Cl)ccc12,9700.0,
CHEMBL4546393,C=CCn1c2cc(Cl)ccc2c(=O)c2cccc(OC)c21,2500.0,
CHEMBL4546393,C=CCn1c2cc(Cl)ccc2c(=O)c2cccc(OC)c21,8300.0,
CHEMBL1940734,O=C(Cn1sc2ccccc2c1=O)Nc1cccc(OCc2cn(CC(=O)Nc3ccccc3Oc3ccccc3)nn2)c1,3480.0,
CHEMBL4440652,C[C@@H](c1ccc(Cl)cc1)n1nnc2c1N(C)C(=O)C(C)(C)[C@]21C(=O)N(C)c2ccc(Cl)cc21,5000.0,
CHEMBL4574618,C[C@@H](c1ccc(Cl)cc1)n1nnc2c1NC(=O)C[C@]21C(=O)N(CCCCCCN(C)C)c2ccc(Cl)cc21,1500.0,
CHEMBL4475139,C[C@@H](c1ccc(Cl)cc1)n1nnc2c1NC(=O)C[C@]21C(=O)N(Cc2ccccc2)c2ccc(Cl)cc21,20.0,
CHEMBL4454595,COC(=O)CN1C(=O)C[C@]2(C(=O)Nc3ccc(Cl)cc32)c2nnn([C@@H](C)c3ccc(Cl)cc3)c21,2700.0,
CHEMBL4208082,COc1cccc(NC(C(=O)c2c[nH]c3ccccc23)c2ccc3nccnc3c2)c1,1200.0,
CHEMBL4459642,C[C@@H](c1ccc(Cl)cc1)n1nnc2c1NC(=O)C[C@]21C(=O)N(CCCN2CCOCC2)c2ccc(Cl)cc21,76.0,
CHEMBL4210261,COc1cccc(NC(C(=O)c2c[nH]c3ccccc23)c2ccccc2C)c1,96.0,
CHEMBL4208464,COc1cccc(NC(C(=O)c2c[nH]c3ccccc23)c2ccc(C#N)cc2)c1,41.0,
CHEMBL4213495,COc1cccc(NC(C(=O)c2c[nH]c3ccccc23)c2cnccn2)c1,837.0,
CHEMBL4204641,COc1cc(NC(C(=O)c2c[nH]c3ccc(CO)cc23)c2ccccc2)cc(OC)c1,106.0,
CHEMBL4205234,COc1cc(NC(C(=O)c2c[nH]c3ccccc23)c2ccccc2)cc(OCCN(C)C)c1,1700.0,
CHEMBL1470619,CCn1c(C(=O)N2CCC(C(=O)NCCCSC3CCCCC3)CC2)cc2sccc21,112219.0,
CHEMBL4212873,COc1ccc(NC(C(=O)c2c[nH]c3ccccc23)c2ccccc2)cc1OC,29400.0,
CHEMBL4205665,COc1cc(NC(C(=O)c2c[nH]c3ccccc23)c2cccnc2)cc(OC)c1,2500.0,
CHEMBL1303835,O=C(Nc1cccc(O)c1)c1noc2c1CCCCC2,3404.0,
CHEMBL1545140,COc1cc2c(cc1OC)-c1cc(Nc3cccc(F)c3)nc(=O)n1CC2,1078.0,
CHEMBL1457634,COc1cccc(C(=O)O/N=C(\N)c2ccccn2)c1,3653.0,
CHEMBL1369108,N#Cc1nc(Cc2ccccc2)oc1N1CCCC1,112219.0,
CHEMBL1457697,Cc1ccc2[nH]c(/C(C#N)=C/c3c[nH]nc3-c3ccc(F)cc3)nc2c1,46232.0,
CHEMBL1369151,CCOC(=O)c1cnc2c([N+](=O)[O-])cnn2c1C,112219.0,
CHEMBL3196827,COc1ccc(/C=N/Nc2nc3ccccc3s2)cc1O,5376.0,
CHEMBL1409213,O=C(NCCSc1c[nH]c2ccccc12)c1c(F)cccc1F,112219.0,
CHEMBL3198603,Cc1cc(O)nc(N=N/C(=N/Nc2ccc(O)cc2)c2ccccc2)n1,4421.0,
CHEMBL1446954,COn1c(C)c(C(C)=O)c2c3nonc3ccc21,112219.0,
CHEMBL1458200,COC(=O)c1sc(NC(=O)c2ccoc2C)nc1C,5705.0,
CHEMBL1525734,CNC(S)=NCCc1ccc(OC)c(OC)c1,112219.0,
CHEMBL3191594,COc1ccc(/N=C/C2=C(O)c3ccccc3C2=O)c(OC)c1,3467.0,
CHEMBL1513114,Cc1ccc(-c2cnn(-c3ccccc3)c2N)cc1,2573.0,
CHEMBL3192027,Cc1ccc(/C=N/NC(=O)c2nn(C)cc2Cl)cc1,16648.0,
CHEMBL1580081,COC(=O)C1=C(C)N=C2SC(C#N)=C(N)N2C1c1cccc(OC)c1,112219.0,
CHEMBL1357378,Cc1ccc(C)c(-c2nnc(NC(=O)CS(=O)(=O)c3ccccc3)o2)c1,112219.0,
CHEMBL1994596,Cc1nonc1C(=O)N/N=C/c1ccc(O)cc1,172.0,
CHEMBL3194638,CSc1nc(/C=C2\C=Nc3ccccc32)c(O)n1C,812.0,
CHEMBL1532736,COC(=O)c1ccc(N2CCN(CC(=O)c3ccc(-c4ccccc4)cc3)CC2)c([N+](=O)[O-])c1,112219.0,
CHEMBL1403024,Cc1ccc(C(=O)O/N=C(\N)c2ccccn2)cc1,1602.0,
CHEMBL1610333,CNC(=O)c1cc(S(=O)(=O)N(C)C)ccc1Cl,112219.0,
CHEMBL1403257,C1CCN(c2nc(N3CCCC3)nc(N3CCNCC3)n2)C1,112219.0,
CHEMBL1385535,COc1ccc(CSc2ncnc3sccc23)cc1F,112219.0,
CHEMBL1464574,CCOC(=O)c1cc2nc(-c3ccco3)cc(C(F)(F)F)n2n1,112219.0,
CHEMBL1331429,COc1ccc(C(C)NC(=O)c2ccccc2Cl)cc1OC,112219.0,
CHEMBL2007273,Oc1ccc(/C=N/NC(=S)N/N=C/c2ccc(O)cc2)cc1,317.0,
CHEMBL1600851,CCOC(=O)c1c(N)sc(C(=O)Nc2ccc3c(c2)OCO3)c1C,3336.0,
CHEMBL1545489,O=C(N=CNOCc1ccc(Cl)cc1Cl)NOCc1c(Cl)cccc1Cl,112219.0,
CHEMBL4845724,Fc1cccc(Nc2nc(NCCOc3ccccc3)nc3[nH]cnc23)c1,31200.0,
CHEMBL4848267,COc1ccc(S(=O)(=O)n2c3ccc(-c4cccc(/C(N)=N/O)c4)cc3c3cc(-c4cccc(/C(N)=N/O)c4)ccc32)c(OC)c1,1800.0,
CHEMBL4208209,O=C(c1c[nH]c2ccccc12)C(Nc1ccc2[nH]c(=O)oc2c1)c1ccccc1,6100.0,
CHEMBL2087140,CC(C)(O)CC[C@@H](O)[C@](C)(O)[C@H]1CC[C@@]2(O)C3=CC(=O)[C@@H]4C[C@@H](O)[C@@H](O)C[C@]4(C)[C@H]3[C@H](O)C[C@]12C,38150.0,
CHEMBL2087151,CC(C)[C@@H](O)C[C@@H](O)[C@](C)(O)[C@H]1CC[C@@]2(O)C3=CC(=O)[C@@H]4C[C@@H](O)[C@@H](O)C[C@]4(C)[C@H]3CC[C@]12C,,
CHEMBL3794280,C=C(C[C@@H](O)[C@](C)(O)[C@H]1CC[C@@]2(O)C3=CC(=O)[C@@H]4C[C@@H](O)[C@@H](O)C[C@]4(C)[C@H]3CC[C@]12C)C(C)(C)O,100000.0,
CHEMBL4459375,C[C@@H](c1ccc(Cl)cc1)n1nnc2c1NC(=O)C[C@]21C(=O)N(CCN(C)CCS(C)(=O)=O)c2ccc(Cl)cc21,5000.0,
CHEMBL4519498,COCCCN1C(=O)C[C@]2(C(=O)Nc3ccc(Cl)cc32)c2nnn([C@@H](C)c3ccc(Cl)cc3)c21,8700.0,
CHEMBL4571778,C[C@@H](c1ccc(Cl)cc1)n1nnc2c1NC(=O)C[C@]21C(=O)N(CCN2CCOCC2)c2ccc(Cl)cc21,75.0,
CHEMBL4459375,C[C@@H](c1ccc(Cl)cc1)n1nnc2c1NC(=O)C[C@]21C(=O)N(CCN(C)CCS(C)(=O)=O)c2ccc(Cl)cc21,77.0,
CHEMBL4470346,C[C@@H](c1ccc(Cl)cc1)n1nnc2c1NC(=O)C[C@]21C(=O)N(CCCN2CCCCC2)c2ccc(Cl)cc21,12.0,
CHEMBL4459642,C[C@@H](c1ccc(Cl)cc1)n1nnc2c1NC(=O)C[C@]21C(=O)N(CCCN2CCOCC2)c2ccc(Cl)cc21,5.0,
CHEMBL4574618,C[C@@H](c1ccc(Cl)cc1)n1nnc2c1NC(=O)C[C@]21C(=O)N(CCCCCCN(C)C)c2ccc(Cl)cc21,66.0,
CHEMBL4434650,COc1cccc(CN2C(=O)[C@]3(CC(=O)Nc4c3nnn4[C@@H](C)c3ccc(Cl)cc3)c3cc(Cl)ccc32)c1,6200.0,
CHEMBL4447821,COc1cc(CN2C(=O)[C@]3(CC(=O)Nc4c3nnn4[C@@H](C)c3ccc(Cl)cc3)c3cc(Cl)ccc32)cc(OC)c1,7400.0,
CHEMBL4515898,C[C@@H](c1ccc(Cl)cc1)n1nnc2c1NC(=O)C[C@]21C(=O)N(Cc2ccccn2)c2ccc(Cl)cc21,5000.0,
CHEMBL4574618,C[C@@H](c1ccc(Cl)cc1)n1nnc2c1NC(=O)C[C@]21C(=O)N(CCCCCCN(C)C)c2ccc(Cl)cc21,5000.0,
CHEMBL4538323,C[C@@H](c1ccc(Cl)cc1)n1nnc2c1NC(=O)C[C@]21C(=O)N(CCN(C)C)c2ccc(Cl)cc21,6000.0,
CHEMBL4643526,N=C(N)Nc1ccc(CNC(=O)[C@@H](NC(=O)c2ccc(-c3cccs3)s2)c2ccc(OCc3ccccc3)cc2)cc1.O=C(O)C(F)(F)F,9300.0,
CHEMBL4643526,N=C(N)Nc1ccc(CNC(=O)[C@@H](NC(=O)c2ccc(-c3cccs3)s2)c2ccc(OCc3ccccc3)cc2)cc1.O=C(O)C(F)(F)F,6300.0,
CHEMBL4483405,CCN1C(=O)[C@]2(CC(=O)Nc3c2nnn3[C@@H](C)c2ccc(Cl)cc2)c2cc(Cl)ccc21,6.0,
CHEMBL4579860,CC(C)CN1C(=O)[C@]2(CC(=O)Nc3c2nnn3[C@@H](C)c2ccc(Cl)cc2)c2cc(Cl)ccc21,20.0,
CHEMBL1172957,NS(=O)(=O)c1ccc(Nc2nc(N3CCOCC3)nc3[nH]cnc23)cc1,,
CHEMBL4550425,CCCCCOCc1c(Nc2cccc(O)c2)nc(N2CCOCC2)nc1C(=O)NCc1ccccc1,20700.0,
CHEMBL566553,O=C(O)c1ccccc1NS(=O)(=O)c1cccc(-c2cn[nH]c2)c1,20000.0,
CHEMBL575429,O=C(O)/C=C/c1ccc(OS(=O)(=O)O)cc1,2000000.0,
CHEMBL4641720,O=C(N[C@@H](Cc1cccc(O)c1)C(=O)O)c1cc(-c2ccccc2)c(=O)n2c1sc1ccc(OC3CCCCC3)cc12,2900.0,
CHEMBL4638250,O=C(O)CCNC(=O)c1cc(-c2ccccc2)c(=O)n2c1sc1ccc(OC3CCCCC3)cc12,5300.0,
CHEMBL4286099,OC[C@H]1O[C@@H](n2c3ccc(Cl)cc3c3c(-c4ccoc4)ncnc32)[C@H](F)[C@@H]1O,50000.0,
CHEMBL4519077,N=C(N)NCCC[C@H](NC(=O)C(=O)c1ccccc1)C(=O)N[C@@H](CCCCN)C(=O)N[C@@H](C(N)=O)c1ccccc1,4100.0,
CHEMBL2348376,CC(C)(C)C(=O)N(CCCCCCN1C[C@H](O)[C@@H](O)[C@H](O)[C@H]1CO)C1CC1,8800.0,
CHEMBL4519543,C[C@@](NC(=O)[C@H](CCCCN)NC(=O)[C@H](CCCNC(=N)N)NC(=O)c1ccccc1)(C(N)=O)c1ccccc1,9500.0,
CHEMBL4438710,CCC(NC(=O)[C@H](CCCCN)NC(=O)[C@H](CCCNC(=N)N)NC(=O)c1ccccc1)(C(N)=O)c1ccccc1,,
CHEMBL4545026,CN(C(=O)c1ccccc1)[C@@H](CCCNC(=N)N)C(=O)N[C@@H](CCCCN)C(=O)N[C@@H](C(N)=O)c1ccc(OCc2ccccc2)cc1,1600.0,
CHEMBL1458038,CCOc1ccc2nc(NC(=O)c3ccco3)sc2c1,3129.0,
CHEMBL3208919,CCCCOC(=O)N/N=C/C=C/c1ccccc1,112219.0,
CHEMBL1409968,CCc1nnc(NC(=O)[C@@H](NC(=O)c2cc(OC)cc(OC)c2)C(C)C)s1,112219.0,
CHEMBL1420035,Cc1ccc(C(=O)CCC(=O)Nc2cccc(C(F)(F)F)c2)cc1,112219.0,
CHEMBL1602449,O=C(Nc1ccc2c(c1)OCO2)c1cc(-c2ccc(O)cc2)on1,112219.0,
CHEMBL1547895,Cl.c1ccc(C(c2ccccc2)N2CCN(Cc3nnnn3C3CCCC3)CC2)cc1,112219.0,
CHEMBL1555066,Cc1cc2nc(-c3cccnc3O)[nH]c2cc1C,1731.0,
CHEMBL1587391,CC(=O)c1cccc(NC(=O)CCc2nnc3ccc(NCc4ccco4)nn23)c1,112219.0,
CHEMBL1391738,O=C(COC(=O)c1ccc(Cl)c(S(=O)(=O)NCc2ccccc2)c1)NCC1CCCO1,112219.0,
CHEMBL1608676,O=C(NCc1cccs1)c1csc2ccccc12,112219.0,
CHEMBL1407766,Cc1cccc(OCC(=O)Nc2ccccc2-c2ccccc2)c1,112219.0,
CHEMBL1353184,Cc1ccsc1C(=O)Nc1ccc(OCc2ccccc2)cc1,5830.0,
CHEMBL1328296,Cc1cccc(C2CC(c3ccc(F)cc3)Nc3ncnn32)c1,112219.0,
CHEMBL2164662,O=C(N/N=C\Cc1ccccc1)c1cc(/C=N/Nc2cccc(Cl)c2)nc2ccccc12,61300.0,
CHEMBL2164648,CCOC(=O)c1cc(/C=N/Nc2nc3ccccc3[nH]2)c(O)c(/C=N/Nc2nc3ccccc3[nH]2)c1,35900.0,
CHEMBL4778905,Cc1ccc(NC(=O)c2nccnc2C(=O)Nc2ccccc2-c2cc(C)n[nH]2)cc1,3400.0,
CHEMBL4763525,Cc1ccc(NC(=O)c2nccnc2C(=O)Nc2ccc(F)cc2)c(-c2ccsc2)c1,2100.0,
CHEMBL1599219,O=C(NCCCN1CCOCC1)C1(c2ccccc2)CCCC1,112219.0,
CHEMBL1572533,CCCCn1c(CCC(=O)O)ccc1-c1cccs1,112219.0,
CHEMBL1504458,CC(=O)OCCNC(=O)Cn1cnc2c1c(=O)n(C)c(=O)n2C,112219.0,
CHEMBL1983323,CCN(CC)c1ccc(/C=N/NC(=O)c2ccoc2C)cc1,3588.0,
CHEMBL1495092,CCN(CC)c1ccc(C2=NNC(=O)CC2C)cc1[N+](=O)[O-],504.0,
CHEMBL1427265,O=C(Nc1ccc(-c2nc3cccnc3s2)cc1)C1CCCO1,4575.0,
CHEMBL1990529,COC(=O)Cn1/c(=N/C(=O)CSC(C)=O)sc2ccccc21,112219.0,
CHEMBL1445047,O=C(c1ccc([N+](=O)[O-])cc1[N+](=O)[O-])N1CCC(Cc2ccccc2)CC1,112219.0,
CHEMBL1340758,Cc1csc(SCC(=O)Nc2nc(-c3ccccc3)cs2)n1,112219.0,
CHEMBL1576682,Cc1ccc2nc(O)c3cc(C(=O)N(C)c4ccc(C)c(C)c4)sc3c2c1,112219.0,
CHEMBL1452108,Cc1ccc(NC(=O)N2CCC(c3ccccc3)C2)cc1C,112219.0,
CHEMBL1400661,CC(C)OCCCN1CN(S(=O)(=O)c2cccs2)c2nc3ccccc3nc21,112219.0,
CHEMBL1490427,Cc1nc2cc(NC(=O)Nc3cccc(F)c3)ccc2n1C,7449.0,
CHEMBL1596372,CCn1c(SCC(=O)N2CCCC(C)C2)nnc1-c1ccco1,112219.0,
CHEMBL1302225,CC1Cc2nc(SCC(=O)N3CCCc4ccccc43)n(C)c(=O)c2S1,112219.0,
CHEMBL1527176,N=C(NOC(=O)c1ccc(Cl)cc1)c1ccccn1,7384.0,
CHEMBL1566445,COCCCNC(=O)Cn1nc(-c2ccccc2OC)ccc1=O,112219.0,
CHEMBL1972249,O=C1/C(=N\c2ccc(O)cc2)C=C(O)c2ccccc21,4342.0,
CHEMBL1972405,Cc1nonc1C(=O)N/N=C/c1cccc(O)c1,4558.0,
CHEMBL1570099,CCOC(=O)COc1cccc2c(=O)n(CC(=O)N3CCN(C(=O)OCC)CC3)ccc12,112219.0,
CHEMBL1374047,O=C(O)C1C2C=CC(C2)C1C(=O)NCc1ccco1,112219.0,
CHEMBL1303429,Oc1c(N=Nc2ccccc2)sc2ccccc12,14972.0,
CHEMBL1501676,c1c2c(cc3sc(N4CCOCC4)nc13)OCCO2,3561.0,
CHEMBL1570561,CCc1ccc(-c2cc(C)no2)cc1S(=O)(=O)N1CCN(c2ccccc2OC)CC1,112219.0,
CHEMBL1334410,CN(C)CCN(Cc1ccccc1)S(=O)(=O)c1ccc(-c2ccc(O)nn2)s1,6773.0,
CHEMBL1452733,COCCNC(=O)CSc1nc(-c2ccc(OC)c(OC)c2)cc(C(F)(F)F)n1,112219.0,
CHEMBL1570531,O=C(N1CCOCC1)N1CCN(S(=O)(=O)N2CCOCC2)CC1,112219.0,
CHEMBL1329224,COc1cc2cc(C(N)=O)c(N)nc2cc1OC,39981.0,
CHEMBL1406284,COCc1cc(C)nc(SCC[N+](C)(C)CC(=O)c2ccc(Br)cc2)c1C#N.[Br-],112219.0,
CHEMBL1585453,COc1ccccc1NC(=O)C(C)NS(=O)(=O)c1ccccc1,112219.0,
CHEMBL1332923,COc1ccc(CN=C(S)NNC(=O)c2cc3ccccc3o2)cc1,112219.0,
CHEMBL3392220,CCN(CC)CC.Nc1ncnc2c1ncn2[C@@H]1O[C@H](COP(=O)(O)O)[C@@H](O)[C@@H]1O,946.0,
CHEMBL1310137,O=C(c1ccc(Cl)cc1)C1CCCN(Cc2ccc(Oc3ncccn3)cc2)C1,112219.0,
CHEMBL1585837,O=C(NCC1CCCO1)c1cccc(NC(=O)c2ccc(Br)cc2)c1,112219.0,
CHEMBL1327169,Cc1cc(NC(=O)c2cccc(F)c2)ncc1NC(=O)c1ccco1,7209.0,
CHEMBL1547381,CCC(NCCc1ccccc1)=C1C(=O)NC(=O)NC1=O,14523.0,
CHEMBL4853830,NCc1ccc(-c2ncc(OCC3CCNCC3)nc2-c2ccc3[nH]ccc3c2)cc1,640.0,
CHEMBL4872757,NCc1ccc(-c2ncc(OCC3CCNCC3)nc2-c2ccc(C3CCOCC3)cc2)cc1,2400.0,
CHEMBL4215935,COc1cc(NC(C(=O)c2c[nH]c3ccc(F)cc23)c2ccccc2)cc(OC)c1,4800.0,
CHEMBL4217011,O=C(c1c[nH]c2ccccc12)C(Nc1cccc(OC(F)(F)F)c1)c1ccccc1,926.0,
CHEMBL4212583,O=C(c1c[nH]c2ccccc12)C(Nc1cccc(F)c1)c1ccccc1,2400.0,
CHEMBL4218561,COc1cccc(NC(C(=O)c2c[nH]c3ccccc23)c2ccccc2)n1,288.0,
CHEMBL4215935,COc1cc(NC(C(=O)c2c[nH]c3ccc(F)cc23)c2ccccc2)cc(OC)c1,680.0,
CHEMBL2348370,CC(C)(C)C(=O)N(CCCCCCN1C[C@H](O)[C@@H](O)[C@H](O)[C@H]1CO)C12CC3CC(CC(C3)C1)C2,1380.0,
CHEMBL4205665,COc1cc(NC(C(=O)c2c[nH]c3ccccc23)c2cccnc2)cc(OC)c1,310.0,
CHEMBL4212873,COc1ccc(NC(C(=O)c2c[nH]c3ccccc23)c2ccccc2)cc1OC,4500.0,
CHEMBL2164637,O=C(N/N=C\CCc1ccccc1)c1cc(/C=N/Nc2cccc(Br)c2)nc2ccccc12,19930.0,
CHEMBL2164634,NS(=O)(=O)c1ccc(N/N=C/c2cc(C(=O)N/N=C\CCc3ccccc3)c3ccccc3n2)cc1,36020.0,
CHEMBL4475520,COc1ccc(-c2cnc3[nH]cc(NC(=O)C4CCCC4)c3c2)cc1OC,3420.0,
CHEMBL1604651,Cc1ccccc1NC(=O)c1cc(S(=O)(=O)N2CCOCC2)cn1C,112219.0,
CHEMBL3198496,C/N=c1\scc(-c2cccs2)n1/N=C/c1ccc(O)c(O)c1O,1533.0,
CHEMBL1546621,CSc1ccc(C(=O)C2CCCN(S(=O)(=O)c3c(C)noc3C)C2)cc1,112219.0,
CHEMBL1349863,COc1cc(SC)ccc1C(=O)Nc1ncc(C)s1,11576.0,
CHEMBL1419433,O=C(Cn1cc(C(=O)C(F)(F)F)c2ccccc21)NCc1ccco1,112219.0,
CHEMBL1327368,COc1cccc(C2CC(C(F)(F)F)n3ncc(C(=O)O)c3N2)c1,112219.0,
CHEMBL1511219,COc1cc(SC)ccc1C(=O)Nc1nc2ccccc2[nH]1,240.0,
CHEMBL1511385,Cc1cc2nc(-c3ccc(NC(=O)c4cccnc4)cc3)oc2cc1C,112219.0,
CHEMBL1425908,Cc1ccc(NC(=O)CNc2cc(S(=O)(=O)N3CCOCC3)ccc2NCC2CCCO2)cc1F,112219.0,
CHEMBL1465261,COc1ccc(OC)c(NC(=O)CSc2nc(N)c(-c3ccccc3)c(O)n2)c1,112219.0,
CHEMBL1583460,COC(=O)c1sccc1NC(=O)Nc1ccc(OC)c(OC)c1,9249.0,
CHEMBL1456456,CC(=O)c1c(C)nn(CC(=O)NC2CCCN(Cc3ccc(CC(C)C)cc3)C2)c1C,112219.0,
CHEMBL1652117,CC1CCC(OCCCCCCN2C[C@H](O)[C@@H](O)[C@H](O)[C@H]2CO)CC1,6750.0,
CHEMBL529,CC[C@H]1OC(=O)[C@H](C)[C@@H](O[C@H]2C[C@@](C)(OC)[C@@H](O)[C@H](C)O2)[C@H](C)[C@@H](O[C@@H]2O[C@H](C)C[C@H](N(C)C)[C@H]2O)[C@](C)(O)C[C@@H](C)CN(C)[C@H](C)[C@@H](O)[C@]1(C)O,3710.0,
CHEMBL1477499,CC1(C)Cc2c(sc3nc(NCCN4CCOCC4)n4ncnc4c23)CO1,10790.0,
CHEMBL1536990,COc1ccc(Cc2nnc(NC(=O)c3c(-c4ccccc4)noc3C)s2)cc1,112219.0,
CHEMBL1379970,CCN1C=CC(=C2C(=O)c3ccccc3C2=O)C=C1,6302.0,
CHEMBL1369968,CN=C(S)Nc1ccc(C(N)=O)cc1,112219.0,
CHEMBL1527433,Cc1ccc2[nH]c(-c3ccccn3)nc2c1.Cl,14710.0,
CHEMBL1340492,COc1cccc(-c2nc(-c3ccc(C(=O)O)cc3)no2)c1,4032.0,
CHEMBL1567220,CCOC(=O)c1nn(-c2ccc3c(c2)CCN3C(C)=O)cc1O,112219.0,
CHEMBL1438962,Cc1cccc2nc(-c3ccccc3)nc(N[C@@H](CO)c3ccccc3)c12,112219.0,
CHEMBL1517492,Cn1cnc([N+](=O)[O-])c1Nc1ccccc1O,112219.0,
CHEMBL1399855,CCc1nnc(NS(=O)(=O)c2ccc(NCc3ccccc3O)cc2)s1,112219.0,
CHEMBL3198351,Nc1c(Cl)ncnc1N/N=C/c1cccc(O)c1,22016.0,
CHEMBL1300964,CCn1ccc(C(=O)Nc2c(C)nn(Cc3c(F)c(F)c(F)c(F)c3F)c2C)n1,112219.0,
CHEMBL1577306,Cc1cc(NC(=O)c2ccccc2Cl)no1,112219.0,
CHEMBL1489879,COc1ccccc1C(=O)NN1C(=O)C2C3C=CC(O3)C2C1=O,112219.0,
CHEMBL1333254,Cc1ncoc1C(=O)Nc1ccc2c(c1)OCCO2,5111.0,
CHEMBL1539578,NC(=O)CSc1cn(Cc2cccc(F)c2)c2ccccc12,112219.0,
CHEMBL1424054,Cc1ccc(Cl)c(OCC(=O)Nc2ccccc2C(=O)NC2CC2)c1,112219.0,
CHEMBL1395404,COc1cc(SC)ccc1C(=O)NNC(=O)c1cc(C)oc1C,8865.0,
CHEMBL1322500,O=C(COc1cccc(OC(F)F)c1)Nc1ccc(SC(F)F)cc1,112219.0,
CHEMBL2373673,CC(C)N1C[C@@]23C=C[C@H](O2)C(C(=O)OCc2ccccc2)[C@H]3C1=O,112219.0,
CHEMBL1502192,Nc1ccc(-c2nc3ccc(N)cc3s2)cc1,17473.0,
CHEMBL1322539,CCCSc1cc(NCCOC(C)=O)c([N+](=O)[O-])c2nonc12,112219.0,
CHEMBL1545290,CCOC(=S)SCC(=O)Nc1nccs1,21648.0,
CHEMBL1509287,Cc1cc(NC(=O)c2ccc3c(c2)OCO3)ccc1NC(=O)c1ccco1,12720.0,
CHEMBL1397979,COc1cccc(CNC(=O)c2cc(S(=O)(=O)N3CCCC3)cn2C)c1,112219.0,
CHEMBL1986081,O=C(Cn1c2ccccc2c(=O)c2ccccc21)N/N=C/c1ccc(N2CCCC2)c([N+](=O)[O-])c1,27406.0,
CHEMBL1492671,COC(=O)c1sc(NC(=O)c2ccc(OC)cc2OC)nc1C,749.0,
CHEMBL3196977,O=C(N/N=C/c1ccc(Cl)c([N+](=O)[O-])c1)c1cc(-c2ccc3c4c(cccc24)CC3)[nH]n1,112219.0,
CHEMBL1349069,COc1cccc(N2CCN(Cc3cccc(Cl)c3)CC2)c1,112219.0,
CHEMBL1444847,Cc1ccccc1C(=O)OCn1nnc2ccccc2c1=O,16229.0,
CHEMBL1456976,CCN(CC)S(=O)(=O)c1cc(OCC(N)=O)c(C)cc1Cl,112219.0,
CHEMBL1332728,CC(=O)Oc1ccc(-c2nc(-c3cccnc3)no2)cc1,701.0,
CHEMBL1338658,COc1cccc(-c2nnc(-c3ccco3)o2)c1,40894.0,
CHEMBL1467845,CCN(CC(=O)Nc1ccccc1C(F)(F)F)C(=O)CCc1c(C)nc(O)c(C#N)c1C,2715.0,
CHEMBL1309486,CC(C)(C)n1nnnc1C(c1ccc(Cl)cc1)N1CCSCC1,112219.0,
CHEMBL1349416,CC(CCc1ccco1)NC(=O)CCc1nnc2ccc(NCc3ccccc3)nn12,112219.0,
CHEMBL1406276,COc1cc(NC(=O)CN2C(=O)C(c3ccccc3)=NC23CCCCCC3)cc(OC)c1,112219.0,
CHEMBL1574903,O=C(NC1CCCC1)c1csc2c1CCCC2,112219.0,
CHEMBL1339206,NNC(=O)c1ccc(O)cc1O,112219.0,
CHEMBL1585766,Cc1cc2ccccc2nc1SCC(=O)N1c2ccccc2CC1C,11949.0,
CHEMBL1406458,CCN(CC)S(=O)(=O)c1cccc(NC(=O)COC(=O)CCC(=O)c2ccc(F)cc2)c1,112219.0,
CHEMBL3199673,COc1cccc(/C=N/Nc2ccc(C(=O)O)cc2)c1O,170.0,
CHEMBL1468817,CC1(C)CC(=O)C=C(Nc2ccc3c(c2)OCCO3)C1,11020.0,
CHEMBL1547350,Oc1c(N=NC(S)=Nc2ccccc2F)c2ccccc2n1Cc1cccc(Cl)c1,112219.0,
CHEMBL1978730,CSc1ccc(/C=N/NC(=O)c2cccc(O)c2)cc1,6702.0,
CHEMBL1586351,O=C(NCCc1ccc(Cl)cc1)c1ccc(CNc2c(N3CCOCC3)c(=O)c2=O)cc1,112219.0,
CHEMBL1714116,CC(=O)Nc1cccc(NC(=O)c2ccccc2Cl)c1,147100.0,
CHEMBL4174301,C[C@@]1(O)[C@H](O)[C@@H](COP(=O)(O)NCCc2c[nH]c3ccccc23)O[C@H]1n1cnc2c(=O)[nH]c(N)nc21,6840.0,
CHEMBL3628259,N#Cc1ccc(C[C@H](NC(=O)c2ccccc2)C(=O)N[C@@H](CCCCN)C(=O)N[C@H](C(N)=O)c2ccccc2)cc1,,
CHEMBL1365815,CN1CCc2c(sc3nc(SCC(=O)N4CCCCC4)n(-c4ccccc4)c(=O)c23)C1,12925.0,
CHEMBL1403900,O=C(NCc1ccccc1)/C(NC(=O)c1ccccc1)=C(/Sc1ccccn1)c1ccccc1,112219.0,
CHEMBL1584076,CCc1cc(=O)oc2cc(C)cc(OCC(=O)NCc3cccnc3)c12,112219.0,
CHEMBL1365813,CSc1nnc(N2C(=O)C(O)=C(C(=O)c3ccco3)C2c2cccc(Cl)c2)s1,112219.0,
CHEMBL225951,Cn1c(/C=C/c2ccccc2)nc2ccccc21,1893.0,
CHEMBL1456942,COc1ccc(C(=O)NC(=S)NC(C)(C)C)cc1Br,112219.0,
CHEMBL1530379,COc1ccc(N/C=C/C(=O)c2ccccc2)cc1,701.0,
CHEMBL1445973,COc1ccc(OC)c(NC(=O)CS(=O)(=O)Cc2nc(-c3ccccc3C)oc2C)c1,112219.0,
CHEMBL1366066,CC1(C)CC(N2CCC(=O)NC2=S)CC(C)(C)N1,112219.0,
CHEMBL1574549,Cc1ccc(C2CC(c3ccccc3)=NN2C(=O)CSc2nnc(-c3ccc(Cl)cc3)o2)o1,112219.0,
CHEMBL1549091,Oc1nc2cc(NC(S)=Nc3ccccc3Cl)ccc2[nH]1,112219.0,
CHEMBL1470568,Cc1ccc(C(=O)O/N=C(\N)c2ccccn2)c(Cl)c1,1203.0,
CHEMBL1994913,CCc1ccc(S(=O)(=O)N/N=C\c2ccc([N+](=O)[O-])o2)cc1,2022.0,
CHEMBL1392557,COc1ccc(NC(=O)C2CCCN(c3nn4c(=O)cc(C)nc4s3)C2)c(OC)c1,112219.0,
CHEMBL3208326,C/C(=N/NC(=O)C1CCCC1)c1ccc(NC(=O)C(F)(F)F)cc1,3546.0,
CHEMBL1548167,O=C(Nc1ccc2oc(-c3ccccc3)nc2c1)C1CCCO1,25065.0,
CHEMBL1469916,COC(=O)/C=C\C(=O)Nc1cccc([N+](=O)[O-])c1,9339.0,
CHEMBL4168561,Cc1ccccc1C1CC(c2ccccc2)=NN1c1ccc(S(N)(=O)=O)cc1,14000.0,
CHEMBL1631699,CC#C[C@@]1(O)[C@H](O)[C@@H](CO)O[C@H]1n1cnc2c(N)ncnc21,100000.0,
CHEMBL3426576,O=C1C[C@]2(C(=O)Nc3ccc(Cl)cc32)c2cnn(Cc3ccc(Cl)cn3)c2N1,42.0,
CHEMBL3426543,O=C1C[C@]2(C(=O)Nc3ccc(Cl)cc32)c2cnn(Cc3ccc(Cl)cc3)c2N1,12.0,
CHEMBL1489580,CC(=O)NCc1cn2c(C)csc2n1,112219.0,
CHEMBL1539172,CC(=O)c1cnc2c(-c3ccc(Cl)cc3)c(C)nn2c1C,78709.0,
CHEMBL1534344,O=C1CCCC(=O)C1=CNCCc1ccccc1,112219.0,
CHEMBL1466254,Cc1ccccc1C(=O)NC1CCN(C(=O)N2CCOCC2)CC1,112219.0,
CHEMBL1338057,CCOc1ccc(N/C=C/C(=O)c2ccc(OC)cc2)cc1,112219.0,
CHEMBL1631361,Clc1ccc(-c2ccc(-c3nc(NCc4cccnc4)nc4ccccc34)s2)cc1,70.0,
CHEMBL4215935,COc1cc(NC(C(=O)c2c[nH]c3ccc(F)cc23)c2ccccc2)cc(OC)c1,247.0,
CHEMBL1428421,CCOC(=O)C(OC(=O)c1sc(=S)n(C)c1C)C(C)=O,112219.0,
CHEMBL1469084,CC(=O)Nc1ccc(OC(=O)N(C)c2ccccc2)cc1,18761.0,
CHEMBL1547714,CCS(=O)(=O)c1ccc2oc(Nc3ccccc3Cl)nc2c1,7695.0,
CHEMBL1546367,Cc1ccc(NC(=O)CSCc2ccc(F)cc2)cc1,112219.0,
CHEMBL1354361,Cc1ccnc(NC(=O)c2ccc(OCC3CCCO3)cc2)c1,5202.0,
CHEMBL1486017,Cc1ccc(CNC(=O)CCS(=O)(=O)c2ccc(Br)s2)o1,112219.0,
CHEMBL1564425,CCc1nc(N2CCN(C(=O)c3ccco3)CC2)c2oc3ccccc3c2n1.Cl,112219.0,
CHEMBL1368148,CCOC(=O)C1CCN(c2ncnc3cc(OC)c(OC)cc23)CC1,9136.0,
CHEMBL290077,Nc1nc(F)nc2c1ncn2[C@@H]1O[C@H](CO)[C@@H](O)[C@H]1O,88.0,
CHEMBL2007190,N/C(=N\N=C\c1cccc(O)c1)c1nonc1N,1750.0,
CHEMBL2042322,Nc1nc(N)c2c(OC3CCCC3)cccc2n1,7.4,
CHEMBL2042325,Nc1nc(N)c2c(N3CCCC3)cccc2n1,150.0,
CHEMBL4166525,Cc1ccccc1C1CC(c2ccc(Oc3ccccc3)cc2)=NN1c1ccc(S(N)(=O)=O)cc1,8000.0,
CHEMBL4176360,NS(=O)(=O)c1ccc(N2N=C(c3ccc(OCc4ccccc4)cc3)CC2c2ccc(F)cc2)cc1,60000.0,
CHEMBL1517275,Cc1ccc(NS(=O)(=O)c2cccc(C(=O)N3CCCCCC3)c2)cc1,112219.0,
CHEMBL1299412,CCN(CC)S(=O)(=O)c1cc(NC(=O)C2Cc3ccccc3C(=O)O2)ccc1C,112219.0,
CHEMBL1339775,COc1cc(Cl)ccc1OCc1cc(C(=O)N2C[C@]3(C)C[C@H]2CC(C)(C)C3)no1,112219.0,
CHEMBL1332742,O=C(Nc1cccc(NC(=O)c2ccccc2Cl)c1)c1ccco1,5856.0,
CHEMBL1458439,O=C(O)CC(NC(=O)C(c1ccccc1)c1ccccc1)c1ccco1,112219.0,
CHEMBL1605090,Cn1c(SCC(=O)N=Nc2c(O)[nH]c3ccccc23)nc2ccccc21,112219.0,
CHEMBL1477957,Cc1ccnc(NC(=O)c2ccoc2C)c1,3508.0,
CHEMBL1576148,COc1cc(C(c2sc3nc(C)nn3c2O)N2CCOCC2)cc(OC)c1OC,18629.0,
CHEMBL590900,Cc1ccc(Nc2nc(N)c3ccccc3n2)cc1Cl.Cl,4988.0,
CHEMBL1594988,Cc1ccc(-c2c(C#N)c(N)n(-c3ccccc3)c(=O)c2C#N)cc1,3252.0,
CHEMBL1459174,O=C(Cc1ccc(-n2c(=O)c3ccccc3n(Cc3ccc(F)cc3)c2=O)cc1)NCC1CCCO1,112219.0,
CHEMBL1380801,O=[N+]([O-])c1c(Nc2ccccn2)cc(Cl)c2nonc12,3546.0,
CHEMBL1360154,O=C(Nc1cccc(N2CCCC2)c1)c1cccs1,112219.0,
CHEMBL1399980,COc1cccc(NC(=O)c2cnn(-c3ccccc3)c2C)c1,20234.0,
CHEMBL1595793,COc1ccc(N2CCN(S(=O)(=O)c3c(C)nc4sccn4c3=O)CC2)cc1,112219.0,
CHEMBL1332236,Cc1ccc(Oc2nc3ccccn3c(=O)c2/C=C(\C#N)C(=O)NC2CCS(=O)(=O)C2)c(C)c1,6026.0,
CHEMBL1461365,CCCc1nc2sc3c(c2c(=O)n1NC(=O)CCC(=O)OC)CCCC3,112219.0,
CHEMBL1558747,COc1ccc(-c2csc(CCn3nc(C)cc3C)n2)cc1OC,112219.0,
CHEMBL1302512,COc1ccc(S(=O)(=O)N2CCN(Cc3ccc4c(c3)OCO4)CC2)c2ccccc12,112219.0,
CHEMBL1543515,CSc1ccc(/C=C(/NC(=O)c2ccco2)C(=O)N2CCCCC2)cc1,17487.0,
CHEMBL1543741,Cc1cccc(NC(=O)CCCNC(=O)c2ccc(Cl)cc2)n1,15967.0,
CHEMBL277076,CCNC(=O)C1OC(n2cnc3c(N)ncnc32)C(O)C1O,88.0,
CHEMBL1347197,COc1ccccc1NC(=O)NC1(C(=O)N2CCCCCC2)CCCCC1,112219.0,
CHEMBL3196274,CCc1ccccc1N(CC(=O)N/N=C/c1ccc(OC(=O)OC)c(OC)c1)S(C)(=O)=O,43671.0,
CHEMBL1460951,O=C(NCCCN1CCN(c2cccc(Cl)c2)CC1)C1CCC(=O)N1Cc1ccccc1Cl,112219.0,
CHEMBL1451815,CCOc1ccc(OCc2ccc(C(=O)NCc3cccnc3)o2)cc1,112219.0,
CHEMBL1487967,COc1cccc(-c2nc(-c3ccccn3)no2)c1,8115.0,
CHEMBL3628272,N=C(N)Nc1cccc([C@H](NC(=O)c2ccccc2)C(=O)N[C@@H](CCCCN)C(=O)N[C@H](C(N)=O)c2ccccc2)c1,3090.0,
CHEMBL3628273,N=C(N)NCCC[C@H](NC(=O)c1ccc(C(F)(F)F)cc1)C(=O)N[C@@H](CCCCN)C(=O)N[C@H](C(N)=O)c1ccccc1,1020.0,
CHEMBL1327101,Cc1ccc(S(=O)(=O)NCc2ccc(C(=O)NC3CC3)cc2)cc1,28086.0,
CHEMBL1354330,COc1ccc(NC(=O)c2cc(S(=O)(=O)N3CCc4ccccc43)cn2C)cc1,112219.0,
CHEMBL1388957,COc1ccc(C(=O)C(CCC(CNC(C)(C)C)C(=O)c2ccc(OC)cc2)CNC(C)(C)C)cc1.Cl,4241.0,
CHEMBL3211074,O=S(=O)(CCc1ccccc1)/N=C/c1cccs1,112219.0,
CHEMBL1390311,CCOc1ccccc1CN(CCc1ccc2c(c1)OCO2)Cc1ccccn1,112219.0,
CHEMBL1508499,Cc1cc(Cl)c(S(=O)(=O)N2CCN(c3ccccn3)CC2)cc1OCC(=O)NC1CCCCC1,112219.0,
CHEMBL1485175,Cc1cc(-c2nnc(CCC(=O)NC(C)c3cccc4ccccc34)o2)no1,112219.0,
CHEMBL1608667,Cc1[nH]c2ccccc2c1C(Nc1nccs1)c1ccncc1,14579.0,
CHEMBL5283227,CC(C)c1ccc2c(Cl)cc(Cl)c(O)c2n1,3030.0,
CHEMBL1344225,COc1ccc(NC(=O)/C(Cl)=C(/Cl)[S+]([O-])Cc2ccc(C)cc2)cn1,5743.0,
CHEMBL1414439,COc1ccc(NC(=O)c2ccc(OC(F)F)cc2)cc1Cl,4517.0,
CHEMBL3189921,N/N=C(\Cc1cscn1)c1ccc(O)cc1O,62554.0,
CHEMBL1362488,O=S(=O)(Nc1ccc(-c2ccc3nncn3n2)cc1)c1cc(F)ccc1F,112219.0,
CHEMBL1462710,Cc1cccc(C(=N)NOC(=O)c2ccoc2C)c1,3252.0,
CHEMBL1502358,O=C(C=C=Nc1ccccc1)C(=O)N=C=Cc1ccccc1,46984.0,
CHEMBL1323089,Cc1cccc(NC(=O)C2CCCN(C(=O)NC3CCCCC3)C2)c1C,112219.0,
CHEMBL1463492,Cc1ccc(-c2[nH]c3ccccc3c2C(C[N+](=O)[O-])c2ccco2)cc1,112219.0,
CHEMBL1610324,COC(=O)c1sc(N)c(C(=O)OC)c1COC(=O)CNS(=O)(=O)c1ccc(C)cc1,112219.0,
CHEMBL1454289,COc1ccc(-c2nn(-c3ccccc3)cc2C(=O)O)cc1,112219.0,
CHEMBL1581417,COc1ccccc1C(=O)Nc1ccc(C2=NNC(=O)CC2C)cc1,361.0,
CHEMBL1319969,CN(c1ccc(C(=O)Nc2ccc3c(c2)OCO3)cc1)S(C)(=O)=O,6004.0,
CHEMBL1457975,CC(=O)c1ccc(NC(=O)Nc2ccc([N+](=O)[O-])cc2C)cc1,112219.0,
CHEMBL1604503,Cc1onc(-c2ccccc2Cl)c1C(=O)Nc1ccc(F)c(F)c1,112219.0,
CHEMBL1965132,COc1ccc(C(=O)Nc2ccccc2C(=O)N/N=C/c2ccccn2)cc1OC,298.0,
CHEMBL1558092,O=C(Nc1ccc(N2CCOCC2)cc1)c1nc2ccccc2s1,5929.0,
CHEMBL1401297,CCN1CCCC1CNC(=O)CS(=O)(=O)Cc1nc(-c2ccccc2C)oc1C,64777.0,
CHEMBL1538494,Cc1ccc(C(=O)N2CCN(c3ccc([N+](=O)[O-])c(NCc4ccco4)c3)CC2)cc1,112219.0,
CHEMBL1455176,COc1cccc(C(c2sc3ncnn3c2O)N2CCN(C(=O)c3ccco3)CC2)c1,112219.0,
CHEMBL3212557,CCC(=O)N(C)CCc1cc2c(c(OC)c1/C=N/NC(=O)c1ccccc1O)OCO2,112219.0,
CHEMBL1482760,O=C(c1ccc2c3n(nc2c1)-c1ccccc1CO3)N1CCOCC1,10842.0,
CHEMBL1395672,CCc1ccc(N2CC(C(=O)OCC(=O)c3c(N)n(CC(C)C)c(=O)n(C)c3=O)CC2=O)cc1,112219.0,
CHEMBL1387436,O=C(Nc1ncc([N+](=O)[O-])s1)c1ccc2c(c1)OCO2,2392.0,
CHEMBL1387982,COc1ccc(OC)c(Nc2nc(C3CC3)nc3c2nnn3Cc2ccccc2)c1,112219.0,
CHEMBL1986907,COc1ccc(C(=O)Nc2ccccc2C(=O)N/N=C/c2ccccc2OC)cc1,1110.0,
CHEMBL1521092,Fc1ccccc1Nc1nc2ccccc2o1,4568.0,
CHEMBL1598863,CCC(C)NC(=O)c1cc(-c2ccccc2O)on1,112219.0,
CHEMBL3190253,Cc1ccc(C2=[N+]([O-])C3(CCCCC/C3=N\O)N(O)C2(C)C)o1,112219.0,
CHEMBL1442883,CCCCCN(C(=O)CCC(=O)OCC(=O)N1C(C)CCCC1C)c1c(N)n(CCCC)c(=O)[nH]c1=O,112219.0,
CHEMBL1554454,COc1ccc(NC(=O)c2cc(S(=O)(=O)N3CCOCC3)cn2C)c(OC)c1,112219.0,
CHEMBL3741907,N=C(N)NCCC[C@H](NC(=O)c1ccccc1)C(=O)N[C@@H](CCCCN)C(=O)N[C@H](C(N)=O)c1ccc(OCc2ccccc2)cc1,935.0,
CHEMBL3741006,N=C(N)NCCC[C@H](NC(=O)c1ccccc1)C(=O)N[C@@H](CCCCN)C(=O)N[C@@H](C(N)=O)c1ccc(O)cc1,2032.0,
CHEMBL598786,COc1cc(/C=C2/NC(=O)N(Cc3ccc(Cl)cc3Cl)C2=O)ccc1O[C@H](C)C(=O)O,11350.0,
CHEMBL607576,COc1cc(CNc2ccc(C(=O)O)cc2)ccc1OCc1ccccc1Cl,13160.0,
CHEMBL2440175,CCCCC(C(=O)OC)N1C(=O)/C(=C/c2ccc(C(=O)N[C@@H](CCCNC(=N)N)C(=O)N[C@@H](CCCCN)C(=O)N[C@@H](CCCC)C(N)=O)cc2)SC1=S,11600.0,
CHEMBL1630219,C#C[C@@]1(O)[C@H](O)[C@@H](CO)O[C@H]1n1cc(C(N)=O)c2c(N)ncnc21,5000.0,
CHEMBL3335492,CCC[C@H](NC(=O)[C@H](CCCCN)NC(=O)[C@H](CCCNC(=N)N)NC(=O)c1ccccc1)C(N)=O,25200.0,
CHEMBL3335513,CC(C)C[C@H](NC(=O)[C@H](CCCCN)NC(=O)[C@H](CCCNC(=N)N)NC(=O)c1ccccc1)C(N)=O,22700.0,
CHEMBL3335519,N#C/C(=C\c1ccc(C(=O)N[C@@H](CCCNC(=N)N)C(=O)N[C@@H](CCCCN)C(=O)N2Cc3ccccc3CC2C(N)=O)cc1)C(=O)NC1CC1,24900.0,
CHEMBL606193,Cc1ccc(C)c(C(=O)C2=C(O)C(=O)N(CCc3ccccc3)[C@@H]2c2ccc(O)cc2)c1,9840.0,
CHEMBL597979,O=S(=O)(O)c1cccc(NNc2ccc(Nc3ccccc3)cc2)c1,7560.0,
CHEMBL115145,O=C(O)c1cc(Cc2ccc(O)c(C(=O)O)c2)ccc1O,100000.0,
CHEMBL1077309,C=C(C)[C@@H]1CC[C@]2(C(=O)O)CC[C@]3(C)[C@H](CC[C@@H]4[C@@]5(C)CC[C@H](OC(=O)/C=C/c6ccc(O)c(O)c6)C(C)(C)[C@@H]5CC[C@]43C)[C@@H]12,850.0,
CHEMBL2036484,O=Cc1cc(O)ccc1O[C@@H]1O[C@H](COC(=O)c2ccccc2)[C@@H](O)[C@H](O)[C@H]1O,71100.0,
CHEMBL2042316,Nc1nc(N)c2cccc(Oc3ccccc3)c2n1,60.0,
CHEMBL1940605,O=C(O)CCC[C@@H](/C=C/c1ccccc1)c1c(O)cc2c(c1O)C(=O)C[C@@H](c1ccccc1)O2,7400.0,
CHEMBL3426578,O=C1CC2(C(=O)Nc3ccc(Cl)cc32)c2cnn(Cc3ccc(Cl)nc3)c2N1,32800.0,
CHEMBL3741786,N=C(N)NCCC[C@H](NC(=O)c1ccccc1)C(=O)N[C@@H](CCCCN)C(=O)N[C@@H](C(N)=O)c1ccc(OCc2ccc(Br)cc2)cc1,236.0,
CHEMBL3742043,N=C(N)NCCC[C@H](NC(=O)[C@H](CCCCN)NC(=O)c1ccccc1)C(=O)N[C@@H](C(N)=O)c1ccc(OCc2ccccc2)cc1,,
CHEMBL3742295,N=C(N)NCCC[C@H](NC(=O)c1ccccc1)C(=O)N[C@@H](CCCCN)C(=O)N[C@@H](C(N)=O)c1ccc(OCc2ccc(N)cc2)cc1,1993.0,
CHEMBL3739439,N=C(N)NCCC[C@H](NC(=O)c1ccccc1)C(=O)N[C@@H](CCCCN)C(=O)N[C@@H](C(N)=O)c1ccc(OCC(=O)c2ccccc2)cc1,486.0,
CHEMBL3739545,N=C(N)NCCC[C@H](NC(=O)c1ccco1)C(=O)N[C@@H](CCCCN)C(=O)N[C@@H](C(N)=O)c1ccc(OCc2ccccc2)cc1,479.0,
CHEMBL3742336,N=C(N)NCCC[C@H](NC(=O)C1CCCCC1)C(=O)N[C@@H](CCCCN)C(=O)N[C@@H](C(N)=O)c1ccc(OCc2ccccc2)cc1,781.0,
CHEMBL3741023,N=C(N)NCCC[C@H](NC(=O)/C=C/c1ccccc1)C(=O)N[C@@H](CCCCN)C(=O)N[C@@H](C(N)=O)c1ccc(OCc2ccccc2)cc1,323.0,
CHEMBL3741725,N=C(N)NCCC[C@H](NC(=O)c1scc2c1OCCO2)C(=O)N[C@@H](CCCCN)C(=O)N[C@@H](C(N)=O)c1ccc(OCc2ccccc2)cc1,194.0,
CHEMBL3740465,N=C(N)NCCC[C@H](NC(=O)c1cc(-c2ccccc2)cs1)C(=O)N[C@@H](CCCCN)C(=O)N[C@@H](C(N)=O)c1ccc(OCc2ccccc2)cc1,304.0,
CHEMBL3740845,N=C(N)NCCC[C@H](NC(=O)c1cc2sccc2s1)C(=O)N[C@@H](CCCCN)C(=O)N[C@@H](C(N)=O)c1ccc(OCc2ccccc2C(F)(F)F)cc1,197.0,
CHEMBL3739504,N=C(N)NCCC[C@H](NC(=O)c1ccc(-c2cccs2)s1)C(=O)N[C@@H](CCCCN)C(=O)N[C@@H](C(N)=O)c1ccc(OCc2ccc(Cl)c(Cl)c2)cc1,215.0,
CHEMBL3741232,N=C(N)NCCC[C@H](NC(=O)c1ccccc1C(F)(F)F)C(=O)N[C@@H](CCCCN)C(=O)N[C@@H](C(N)=O)c1ccc(OCc2ccccc2)cc1,301.0,
CHEMBL1405526,CC(=O)N1c2ccc(S(=O)(=O)N3CCCCC3)cc2CC1C(=O)Nc1ccccc1C(F)(F)F,112219.0,
CHEMBL1445662,COc1cc(CN2CCNC(=O)C2CC(=O)NCCCN2CCOCC2)cc(OC)c1,112219.0,
CHEMBL1602923,COc1ccc(C(=O)O/N=C(\N)c2ccccc2)cc1,921.0,
CHEMBL1392444,O=C(NC(=S)N1CCCc2ccccc21)c1ccccc1,112219.0,
CHEMBL1525635,Cc1cc(NC(=O)CSCC(=O)Nc2ccccc2N2CCCCC2)no1,112219.0,
CHEMBL1487152,Cc1ccc2oc(-c3cccc(NC(=O)C4CCCO4)c3)nc2c1,112219.0,
CHEMBL1327321,COc1ccc(-c2nc(C[S+]([O-])CC(=O)NC3CCCC(C)C3C)c(C)o2)cc1OC,112219.0,
CHEMBL1509068,CCOC(=O)c1c(O)nc2ccccc2c1N1CCCCC1,112219.0,
CHEMBL1474667,O=C(O)C1C2CCC(C2)C1C(=O)Nc1ccccc1,112219.0,
CHEMBL3941938,Nc1cc(C(F)(F)F)ccc1NC(=O)Nc1ccc(S(=O)(=O)Nc2ccc(C(=O)O)cc2)cc1,742000.0,
CHEMBL1385296,CCC1CCCCN1S(=O)(=O)c1ccc(NC(=O)c2ccncc2)cc1,112219.0,
CHEMBL1581173,Cc1ccnc(N2C(=O)c3ccccc3C2O)c1,6490.0,
CHEMBL1454313,O=C(Cn1c(O)c(N=NC(=O)c2ccncc2)c2ccccc21)Nc1ccccc1,112219.0,
CHEMBL1305526,Oc1ccccc1N1CCN(c2ncnc3sc(-c4ccccc4)cc23)CC1,112219.0,
CHEMBL1572127,COc1cc2c(cc1OC)-c1cc(N3CCCCCC3)nc(=O)n1CC2,1661.0,
CHEMBL1533271,COc1cc2cc(C(=O)N3CCN(Cc4ccc5c(c4)OCO5)CC3)[nH]c2cc1OC,112219.0,
CHEMBL1346222,CCn1nnc(NC(=O)c2cccnc2)n1,112219.0,
CHEMBL1560552,Cc1ccc(C)c(N2CCN(S(=O)(=O)c3ccc4c(c3)OCCO4)CC2)c1,112219.0,
CHEMBL1965630,CCOc1cc(/C=N/NC(=O)N/N=C/c2ccc(O)c(OCC)c2)ccc1O,11774.0,
CHEMBL1492504,CCOC(=O)c1c(C)nc2sc3c(=O)n(-c4ccc(OC)cc4)nnc3c2c1-c1ccc(OC)cc1,112219.0,
CHEMBL1539053,COC(=O)c1ccc(CSc2nnc(N)s2)cc1,112219.0,
CHEMBL1539622,CC(C)c1ccc(C(=O)OC2CCOC2=O)cc1,112219.0,
CHEMBL1608301,Cc1cccc(-c2nc3cc(NC(=O)C4CCCO4)ccc3o2)c1,1568.0,
CHEMBL1567199,CN(Cc1cnccn1)C(=O)CC1C(=O)NCCN1Cc1cccc(Oc2ccccc2)c1,112219.0,
CHEMBL1537961,COc1ccc(NC(=O)CSc2c3c(nc4cc(Cl)ccc24)CCCC3)cc1OC,112219.0,
CHEMBL2440340,CCCC[C@H](NC(=O)[C@H](CCCCN)NC(=O)[C@H](CCCNC(=N)N)NC(=O)c1cccs1)C(N)=O,14100.0,
CHEMBL1606392,COc1ccccc1NS(=O)(=O)c1ccc(NC(C)=O)cc1,112219.0,
CHEMBL1504094,O=C(CN1C(=O)c2cccc3cccc1c23)N1CCN(c2ccc(F)cc2)CC1,112219.0,
CHEMBL1482251,Cc1cnc(C(=O)N2CCCC(C(=O)c3ccc(Cl)cc3C)C2)cn1,112219.0,
CHEMBL1397497,Cc1nc2sccn2c(=O)c1S(=O)(=O)NC(C)c1ccccc1,112219.0,
CHEMBL1533835,O=C(c1ccc(F)cc1)c1cc2ccc(O)cc2oc1=O,457.0,
CHEMBL3209234,Cc1ccc(NC(C)C(=O)N/N=C/c2c[nH]c3ccccc23)cc1,112219.0,
CHEMBL1928491,Oc1ccc(/C=N/Nc2nccnc2Cl)c(O)c1,254.0,
CHEMBL1458626,Cc1ccc(NC(S)=Nc2ccc3c[nH]nc3c2)cc1,112219.0,
CHEMBL1488288,CCn1c(=O)cc(N2CCN(Cc3ccccc3)CC2)[nH]c1=O,112219.0,
CHEMBL1335571,Cc1ccccc1-c1noc(-c2ccc(O)cc2)n1,623.0,
CHEMBL1375707,CCOC(=O)C1C(c2ccc(OC)c(OC)c2)c2c(n[nH]c2O)CC1(C)O,112219.0,
CHEMBL1345918,Cc1nn(C)c(Cl)c1CN1CCN(C2CCCCC2)C(CCO)C1,112219.0,
CHEMBL1581455,Cn1c(=S)oc2ccccc21,112219.0,
CHEMBL1545660,COc1ccc(OC)c(N/C=C/C(=O)c2ccccc2)c1,982.0,
CHEMBL1581327,COc1ccc(CNC(=O)c2ccccc2NC(=O)C2=CSCCO2)c(OC)c1,15651.0,
CHEMBL1330417,O=C(Nc1ccc(N2CCOCC2)cc1)c1cn2ccccc2n1,3249.0,
CHEMBL1498249,Cc1cccc(NC(=O)CC2SC(=O)N(c3ccccc3)C2=O)c1,112219.0,
CHEMBL1595528,Cc1c(OCC(=O)N2CCN(c3ccccc3)CC2)ccc2c3c(c(=O)oc12)CCCC3,112219.0,
CHEMBL1439587,COc1ccc(-c2nc(C[S+]([O-])CC(=O)NC3CCCC(C)C3C)c(C)o2)cc1,112219.0,
CHEMBL1557468,CCOc1ccc(NC(=O)Nc2cc(C)ccc2F)cc1,1811.0,
CHEMBL1360822,COC(=O)C(Cc1ccc(O)cc1)NC(=O)C12CC3CC(CC(C3)C1)C2,17199.0,
CHEMBL1381870,CC(=O)c1cccc(NC(=O)COC(=O)[C@@H](NC(=O)OCc2ccccc2)C(C)C)c1,112219.0,
CHEMBL1421712,CC12CCC(C(=O)NNc3ccccc3)(C(=O)C1=O)C2(C)C,112219.0,
CHEMBL1402519,Cc1ccc(Oc2nc3ccccn3c(=O)c2/C=C(\C#N)C(=O)NC2CCS(=O)(=O)C2)cc1,8555.0,
CHEMBL1541396,O=C(CCNC(=O)C1CCN(S(=O)(=O)c2ccccc2)CC1)NCc1ccc(Cl)c(Cl)c1,112219.0,
CHEMBL1502654,O=c1c2sc3nc(N4CCOCC4)c4c(c3c2ncn1-c1ccccc1)CCCC4,112219.0,
CHEMBL1940608,O=C(O)CCC[C@H](/C=C/c1ccccc1)c1c(O)cc2c(c1O)C(=O)C[C@H](c1ccccc1)O2,15300.0,
CHEMBL1414273,COc1ccc(-c2cn3ccc(C)cc3n2)cc1,9747.0,
CHEMBL1605424,CCOC(=O)c1cc2cc([N+](=O)[O-])ccc2oc1=O,112219.0,
CHEMBL1362496,CSc1nc2c(c(-c3ccc(O)cc3)c1C#N)CCC2,112219.0,
CHEMBL1985333,COc1ccc(C(=O)O/N=C(/C)c2cccs2)cc1,1343.0,
CHEMBL1335066,Cc1cccc2cc(CN(CC(C)C)S(=O)(=O)c3ccccc3)c(O)nc12,112219.0,
CHEMBL1572014,O=C(CSc1ccccc1)Nc1nc2ccccc2[nH]1,112219.0,
CHEMBL1548033,Cc1ccc(NC(=O)CC2SC(=O)N(c3ccccc3)C2=O)cc1,109135.0,
CHEMBL1548494,Cc1cccc(N2CCN(S(=O)(=O)c3ccc4c(c3)C(C)(C)C(=O)N4C)CC2C)c1,112219.0,
CHEMBL3199298,COc1ccc(C(=O)/C=C/Nc2cccc(O)c2)cc1,5260.0,
CHEMBL1392877,CC(=O)NC(CCS(C)(=O)=O)C(=O)Nc1cc(C)on1,112219.0,
CHEMBL1418721,Cc1onc(-c2c(Cl)cccc2Cl)c1C(=O)N1CCc2ccccc2C1,112219.0,
CHEMBL1477473,CSc1nc(N)n2nc(-c3ccccc3)cc2n1,5681.0,
CHEMBL1269067,COC[C@H]1O[C@@H](n2ccc3c(C)ncnc32)[C@H](O)[C@@H]1O,10000.0,
CHEMBL1531368,Cc1ccc(C2SCCN2C(=O)c2ccc([N+](=O)[O-])cc2)cc1,112219.0,
CHEMBL1374515,COc1ccccc1C(=O)Nc1ccc2c(c1)CCCN2C(=O)c1ccccc1,19148.0,
CHEMBL1501609,COC(=O)c1cc2n(n1)CCN(Cc1ccc(F)cc1)C2=O,112219.0,
CHEMBL1501760,COC(=O)C1(C)CN(S(=O)(=O)c2ccc(C)cc2)c2cc(OC)ccc2C1=O,112219.0,
CHEMBL1327810,CCC(=O)Oc1ccc(-c2nc(-c3cccnc3)no2)cc1,435.0,
CHEMBL3211413,CCOc1cc(/C=N/NC(N)=O)cc(Br)c1OCC(=O)Nc1ccccc1C,1550.0,
CHEMBL1588099,CCCC(=O)Nc1cc(C(F)(F)F)ccc1N1CCOCC1,112219.0,
CHEMBL1603034,Cc1ccc2c(c1)COc1c3ccc(C(=O)N4CCOCC4)cc3nn1-2,20867.0,
CHEMBL1652120,C[C@@H]1CCCCC1OCCCCCCN1C[C@H](O)[C@@H](O)[C@H](O)[C@H]1CO,75.0,
CHEMBL311635,CC[C@@]1(O)[C@H](O)[C@@H](CO)O[C@H]1n1cnc2c(N)ncnc21,100000.0,
CHEMBL603408,CC(C)C[C@@H]1NC(=O)CNC(=O)[C@H](CCCNC(=N)N)NC(=O)[C@H](CCCNC(=N)N)NC(=O)[C@H]([C@@H](C)O)NC(=O)[C@@H]2CSSC[C@H](NC(=O)[C@H](C(C)C)NC(=O)[C@@H]3CCCN3C1=O)C(=O)NCC(=O)N[C@@H](CO)C(=O)N[C@@H](CCC(=O)O)C(=O)N[C@@H](CCC(=O)O)C(=O)N[C@@H](CO)C(=O)N[C@@H](CCCNC(=N)N)C(=O)N[C@@H](CCCNC(=N)N)C(=O)NCC(=O)N[C@H]1CSSC[C@H](NC(=O)CNC(=O)[C@@H]3CCCN3C(=O)[C@H]([C@@H](C)O)NC(=O)[C@@H](N)CC(=O)NC1=O)C(=O)N[C@@H](CCCNC(=N)N)C(=O)N[C@@H](CCCNC(=N)N)C(=O)N[C@@H](CO)C(=O)N[C@@H](Cc1c[nH]c3ccccc13)C(=O)N1CCC[C@H]1C(=O)N[C@@H](C(C)C)C(=O)N2,9300.0,
CHEMBL1545487,CCN1CCN(S(=O)(=O)c2ccc(Cl)c(C(=O)Nc3ccc(C(=O)N(CC)CC)cc3)c2)CC1,112219.0,
CHEMBL1598649,CCOC(=O)CNS(=O)(=O)c1cc(-c2nnc(O)c3ccccc23)ccc1C,7491.0,
CHEMBL1305971,COc1ccc(S(=O)(=O)N(Cc2cccnc2)Cc2cc3ccccc3nc2O)cc1,112219.0,
CHEMBL1581612,Cc1ccc(C(=O)Nc2ccc(C)c(S(=O)(=O)N3CCOCC3)c2)c(C)c1,112219.0,
CHEMBL575504,O=C(O)CCCCCCC1C(=O)NC(=O)N1CCC(O)C1CCCCC1,88.0,
CHEMBL1559637,COC(=O)CS(=O)(=O)c1ccc2c(c1)CC(=O)N2,1452.0,
CHEMBL1940604,O=C(O)CCC/C=C/C(c1ccccc1)c1c(O)cc2c(c1O)C(=O)CC(c1ccccc1)O2,72500.0,
CHEMBL1630219,C#C[C@@]1(O)[C@H](O)[C@@H](CO)O[C@H]1n1cc(C(N)=O)c2c(N)ncnc21,4640.0,
CHEMBL1535142,COC(=O)c1ccccc1NC(=O)Nc1ccc2c(c1)OCO2,5697.0,
CHEMBL3195761,COc1ccc(C(=O)/N=c2\nc3ccccn3s2)cc1,5244.0,
CHEMBL565496,O=C(O)c1ccccc1NS(=O)(=O)c1cccc(-c2cnn(Cc3ccc4ccccc4c3)c2)c1,370.0,
CHEMBL566313,O=C(O)c1ccc(Cl)cc1NS(=O)(=O)c1cccc(-c2cnn(Cc3ccccc3)c2)c1,770.0,
CHEMBL565246,O=S(=O)(Nc1ccccc1)c1cccc(-c2cnn(Cc3ccccc3)c2)c1,20000.0,
CHEMBL25718,NC(=O)C1=CN(Cc2ccccc2)C=CC1,25300.0,
CHEMBL597154,O=C(CCCCC(=O)N/N=C/c1ccc(O)cc1O)N/N=C/c1ccc(O)cc1O,25000.0,
CHEMBL597975,O=C(O)c1cccc(NC(=O)c2ccc(CSc3ccc(Br)cc3)cc2)c1,100000.0,
CHEMBL115145,O=C(O)c1cc(Cc2ccc(O)c(C(=O)O)c2)ccc1O,6220.0,
CHEMBL1597941,O=C(Cn1nc(C(=O)O)c2ccccc2c1=O)NCC1CCCO1,112219.0,
CHEMBL1344470,O=C(N/C(=C/c1cccc(Br)c1)c1nc(S)n[nH]1)c1ccccc1,112219.0,
CHEMBL1463108,Cc1ccc(/C=C/C(=O)O)cc1S(=O)(=O)N1CCCCC1,112219.0,
CHEMBL1610058,COc1cc(OC)c(-c2nnc3n(CCc4ccccc4)c(=O)c4ccccc4n23)cc1OC,112219.0,
CHEMBL1483057,O=C(NCCCN1CCOCC1)c1ccccc1.O=C(O)C(=O)O,112219.0,
CHEMBL1466102,O=C(/C=C/Nc1ccc(Br)cc1F)c1ccco1,8723.0,
CHEMBL3209709,C(=N/c1nc2ccccc2[nH]1)\c1cccs1,112219.0,
CHEMBL1561592,Cc1cccc(C)c1NC(=O)C1CCCN1S(=O)(=O)c1ccc(-c2ccc(O)nn2)s1,47097.0,
CHEMBL1451032,Cc1cc(NS(=O)(=O)c2ccc(Nc3nc(-c4sc(N)nc4C)cs3)cc2)no1,112219.0,
CHEMBL1456224,Cc1ccc(CNC(=O)c2cnc3ccccc3n2)cc1,112219.0,
CHEMBL530609,CCOc1ccc(Nc2nc(N)c3ccccc3n2)cc1.Cl,738.0,
CHEMBL1497939,Cc1ccc(-c2nc(-c3ccccn3)no2)cc1,2516.0,
CHEMBL1489087,O=C(Nc1ccc(Cl)c(Cl)c1)Nc1ccccc1C(=O)O,8588.0,
CHEMBL1526576,CCOC(=O)c1c(C)oc2cc(Br)c(OC(=O)N3CCOCC3)cc12,112219.0,
CHEMBL1556766,Oc1nc(CN2CC=C(c3ccccc3)CC2)nc2cc(C(F)(F)F)ccc12,112219.0,
CHEMBL1478415,CC(=O)N1N=C(c2ccncc2)OC12CCCC2,112219.0,
CHEMBL1556937,Cl.OC(CNCc1cccc(Cl)c1)c1ccccc1,21222.0,
CHEMBL1381394,Cc1cccc(Oc2nc3ccccn3c(=O)c2/C=C(\C#N)C(=O)NC2CCS(=O)(=O)C2)c1C,4437.0,
CHEMBL1450158,O=C(NC1CCCCC1)N(C1=NCCCCC1)c1ccc(Br)cc1,112219.0,
CHEMBL1369270,CCOc1ccc(C(=O)O/N=C(\N)c2ccccn2)cc1OCC,112219.0,
CHEMBL1994635,Oc1c(/C=N/c2ccccn2)sc2ccccc12,11487.0,
CHEMBL1451245,O=C(/C=C\Nc1ccc2c(c1)OCO2)c1cccs1,6143.0,
CHEMBL2110737,CCCC(=O)O[C@H]1CN2CC[C@H](O)[C@@H]2[C@@H](O)[C@@H]1O,220.0,
CHEMBL3193741,CN1CCN(/C=N/c2sc3c(c2C#N)CCCCC3)CC1,112219.0,
CHEMBL1335291,CCc1cc(=O)oc2c(C)c(OCC(=O)NC3CC(C)(C)NC(C)(C)C3)ccc12,112219.0,
CHEMBL1309563,COc1cc2sc3ccc(C#CC4(O)CCCCC4)cc3c(=O)c2cc1OC,4693.0,
CHEMBL537419,CCNC(=O)[C@H]1O[C@@H](n2cnc3c(N)nc(NCCc4ccc(CCC(=O)O)cc4)nc32)[C@H](O)[C@@H]1O.Cl,88.0,
CHEMBL1471946,Cc1cc(NC(=O)c2c(Cl)cccc2Cl)no1,112219.0,
CHEMBL1506762,Cc1cc2c(cc1C)NC(c1ccccn1)C1=C(O)CC(C)(C)CC1=N2,112219.0,
CHEMBL1468230,COC(=O)COc1ccc(S(=O)(=O)NCc2cccnc2)cc1C,34261.0,
CHEMBL1435336,Nc1c(NC=O)c(=O)n(Cc2ccccc2)c(=O)n1Cc1ccccc1,112219.0,
CHEMBL1524570,CCC(=O)NCCc1nc2ccccc2n1Cc1ccccc1,112219.0,
CHEMBL1587713,Cc1cc(=O)oc(C)c1C(=O)NCCNC(=O)c1c(C)cc(=O)oc1C,28816.0,
CHEMBL4586370,CCCN1C(=O)[C@]2(CC(=O)Nc3c2nnn3[C@@H](C)c2ccc(Cl)cc2)c2cc(Cl)ccc21,1900.0,
CHEMBL4470681,C[C@@H](c1ccc(Cl)cc1)n1nnc2c1NC(=O)C[C@]21C(=O)N(Cc2ccc(F)cc2)c2ccc(Cl)cc21,5000.0,
CHEMBL4434650,COc1cccc(CN2C(=O)[C@]3(CC(=O)Nc4c3nnn4[C@@H](C)c3ccc(Cl)cc3)c3cc(Cl)ccc32)c1,2600.0,
CHEMBL3740968,N=C(N)NCCC[C@H](NC(=O)c1ccc(Cl)s1)C(=O)N[C@@H](CCCCN)C(=O)N[C@@H](C(N)=O)c1ccc(OCc2ccccc2)cc1,177.0,
CHEMBL1269814,Cc1nccc2c1ncn2[C@@H]1O[C@H](CO)[C@@H](O)[C@H]1O,10000.0,
CHEMBL3352909,Cc1cc(C)c2c(c1)OC(c1ccc(N(C)C)cc1)CC2=O,121000.0,
CHEMBL3344306,Cc1cccc(C)c1-n1c(SCc2cc(=O)n3cc(Cl)ccc3n2)nc2c(sc(=S)n2-c2c(C)cccc2C)c1=O,3900.0,
CHEMBL1630219,C#C[C@@]1(O)[C@H](O)[C@@H](CO)O[C@H]1n1cc(C(N)=O)c2c(N)ncnc21,1940.0,
CHEMBL3764522,FC(F)(F)c1ccc(-c2nnc(/C=C/c3ccc(-c4ccccc4)s3)o2)cc1,20000.0,
CHEMBL3765002,FC(F)(F)c1ccc(-c2nnc(/C=C/c3ccc(Br)s3)o2)cc1,20000.0,
CHEMBL291426,O=c1cc(-c2ccc(Oc3c(O)cc4oc(-c5ccc(O)cc5)cc(=O)c4c3O)cc2)oc2cc(O)cc(O)c12,450.0,
CHEMBL3764596,CN(C)c1ccc(-c2nnc(/C=C/c3ccc(-c4ccccc4)s3)o2)cc1,41900.0,
CHEMBL3765560,Brc1ccc(-c2nnc(/C=C/c3ccc(Br)s3)o2)cc1,7900.0,
CHEMBL3765469,Clc1ccc(-c2nnc(/C=C/c3ccc(Br)s3)o2)cc1Cl,,
CHEMBL3763966,Clc1ccc(-c2noc(/C=C/c3ccc(Br)s3)n2)cc1,3700.0,
CHEMBL3765813,Clc1cccc(-c2nnc(/C=C/c3ccc(-c4ccccc4)s3)o2)c1,,
CHEMBL1940733,O=C(Cn1cc(COc2cccc(NC(=O)Cn3sc4ccccc4c3=O)c2)nn1)Nc1cccc(Oc2ccccc2)c1,4590.0,
CHEMBL480707,Nc1nc2c(ncn2[C@@H]2O[C@H](COP(=O)(O)OP(=O)(O)OP(=O)(O)O)C[C@H]2O)c(=O)[nH]1,20.0,
CHEMBL1368187,COC(=O)c1ccc(C(=O)OC)c(NC(=O)Nc2ccc3c(c2)OCO3)c1,112219.0,
CHEMBL1408291,COC(=O)c1cc(S(=O)(=O)NCCc2ccc(SC)cc2)c[nH]1,112219.0,
CHEMBL1486981,O=C(CCCN1C(=O)/C(=C/c2ccccc2Cl)SC1=S)NNC(=O)c1ccccc1,112219.0,
CHEMBL1600364,Cc1csc(NC(=O)c2ccco2)n1,20062.0,
CHEMBL1427301,COC(=O)c1ccc(Oc2nc(C)cc(Oc3ccccc3)n2)cc1,112219.0,
CHEMBL1427311,Cc1ccc(O)c(N=Nc2ccccc2)n1,701.0,
CHEMBL1372628,CCn1c(SCc2cccc(C(=O)O)c2)nnc1-c1ccccc1,112219.0,
CHEMBL1460869,CCN(CC)C(=O)c1ccc(NC(=O)Nc2ccccc2F)cc1,701.0,
CHEMBL1342602,CCCOC(=O)c1ccc(NC(=O)c2ccoc2C)cc1,5201.0,
CHEMBL1412725,COc1cc(-c2nnc(-c3cc(OC)c(OC)c(OC)c3)o2)cc(OC)c1OC,40997.0,
CHEMBL1491403,CCOC(=O)c1sc(NC(=O)CC(C)c2ccccc2)nc1C,112219.0,
CHEMBL1480031,CS(=O)(=O)c1ncc(Cl)c(C(=O)Nc2ccc3ccccc3c2)n1,3601.0,
CHEMBL1423000,COC(=O)c1ccc(=O)n(-c2ccc(OC)cc2)c1,112219.0,
CHEMBL1419515,O=C(c1ccc(S(=O)(=O)N2CCOCC2)cc1)N1CCN(c2ccc(F)cc2)CC1,93833.0,
CHEMBL1403065,COC(=O)c1sc(NC(=O)c2ccc(C)o2)nc1C,112219.0,
CHEMBL1481506,O=C(CCCc1ccccc1)Nc1nnc(C(F)(F)F)s1,112219.0,
CHEMBL1424797,Cn1c2[n+](c3ccc(Cl)cc3c1=O)Cc1ccccc1-2.[Cl-],112219.0,
CHEMBL1463879,O=c1cc(CN2CCN(c3ccccc3O)CC2)nc2sccn12,53212.0,
CHEMBL1598628,CCOC(=O)c1sc(N2C(=O)C(O)=C(C(=O)c3ccc(C)o3)C2c2cccc([N+](=O)[O-])c2)nc1C,18546.0,
CHEMBL3212781,COc1cc(/C=N/NC(=O)/C(=C/c2ccccc2)CCO)ccc1O,11090.0,
CHEMBL1403415,CCOC(=O)C(CC)n1cnc2c(nnn2-c2ccc(F)cc2)c1=O,112219.0,
CHEMBL1503930,O=C(Nc1ccccc1)Nc1ccc(C(=O)N2CCCC2)cc1,3928.0,
CHEMBL1965453,COc1ccc(/C=N/Nc2nccnc2Cl)c(OC)c1,2646.0,
CHEMBL1526174,O=[N+]([O-])c1ccc(N=Nc2c(Cl)cc(O)cc2Cl)cc1,1977.0,
CHEMBL1603893,CCC(=O)Nc1ccc(-c2nnc(SCC(=O)NC3CC3)n2C)cc1,112219.0,
CHEMBL1982658,COc1cc(/C=N/Nc2nncn2/N=C/c2ccc(O)c(OC)c2)ccc1O,2629.0,
CHEMBL1214519,COc1ccc(C(=O)Nc2cccc(C)c2)cc1,7085.0,
CHEMBL1400143,COC(=O)c1ccc(NC(=O)C(=O)c2cccn2C)cc1,2394.0,
CHEMBL1460048,O=C(NCCc1csc(-c2cccnc2)n1)c1cccs1,112219.0,
CHEMBL3196633,COc1cccc(/C=N/Nc2ccnc(O)n2)c1O,10685.0,
CHEMBL1580616,C=CCOC(=O)C(C#N)c1nc2ccccc2nc1N1CCN(Cc2ccc3c(c2)OCO3)CC1,112219.0,
CHEMBL1515296,Cc1cc(F)ccc1NC(=O)c1cc(S(=O)(=O)N2CCCC2)cn1C,112219.0,
CHEMBL3195360,CCOc1ccc(N/N=C2/C(=O)Nn3c2nc(C)cc3=O)cc1,9374.0,
CHEMBL589351,O=C(c1ccccc1)c1cc2ccc(O)cc2oc1=O,701.0,
CHEMBL1533288,CC(/C=C/c1ccc(Cl)o1)=C\C(=O)O,112219.0,
CHEMBL1376224,CCOc1ccc(CN(C(=O)c2oc3ccccc3c2C)C2CCS(=O)(=O)C2)cc1,112219.0,
CHEMBL1403704,Cc1nn(C)cc1CNC(=O)C1CCC(=O)N(CC2CCCCC2)C1,112219.0,
CHEMBL2005141,CCCCN1C(=O)/C(=N\c2cccc3cnccc23)c2ccccc21,112219.0,
CHEMBL1349226,COc1ccc(CC(=O)Nc2ccc(-c3cn4ccccc4n3)cc2)cc1OC,112219.0,
CHEMBL1523955,O=C(/C=C/Nc1ccc(Br)cc1F)c1cccs1,5769.0,
CHEMBL1354276,COC(=O)c1ccccc1Oc1cc(C(F)(F)F)nc(-c2ccccn2)n1,112219.0,
CHEMBL1508121,O=C1C=C(c2ccccc2)C(=O)N1Nc1ccccc1,8816.0,
CHEMBL1429789,CCN=C(S)NNC(=O)c1cc(-c2ccc(OC)cc2)nc2ccccc12,1379.0,
CHEMBL1352154,COC(=O)c1sccc1NC(=O)Nc1cccc(F)c1,4597.0,
CHEMBL1565696,COCc1cc(C)nc(SCC(=O)Nc2ncc(C)s2)c1C#N,112219.0,
CHEMBL3207589,C=CCN1C(=O)/C(=C2/Sc3ccccc3N2C)S/C1=N\c1c(C)n[nH]c1C,17496.0,
CHEMBL1339678,O=C(Nc1ccc(N2CCCCC2)cc1)c1ccccn1,1492.0,
CHEMBL1423192,O=C(Nc1ccc([N+](=O)[O-])cc1)C(=O)Nc1cccc(C(=O)O)c1,2087.0,
CHEMBL1501767,Cc1ncc(CN2CCC(N3CCC(C(=O)N4CCCC4)CC3)CC2)s1,112219.0,
CHEMBL4465052,CCCCCCCCCCN1C(=O)[C@]2(CC(=O)Nc3c2nnn3[C@@H](C)c2ccc(Cl)cc2)c2cc(Cl)ccc21,3400.0,
CHEMBL4452845,C[C@@H](c1ccc(Cl)cc1)n1nnc2c1NC(=O)C[C@]21C(=O)N(Cc2ccncc2)c2ccc(Cl)cc21,72.0,
CHEMBL2164641,O=C(N/N=C\Cc1ccccc1)c1cc(/C=N/Nc2cccc(C(F)(F)F)c2)nc2ccccc12,19800.0,
CHEMBL4468127,CC[C@H](C)[C@H](NC(=O)[C@H](Cc1c[nH]c2ccccc12)NC(=O)[C@@H](NC(=O)[C@H](CCC(=O)O)NC(=O)[C@@H](NC(=O)[C@H](CCCNC(=N)N)NC(=O)[C@H](CCC(N)=O)NC(=O)[C@@H](NC(=O)[C@H](Cc1cnc[nH]1)NC(=O)[C@H](CCCCN)NC(=O)[C@H](Cc1c[nH]c2ccccc12)NC(=O)[C@H](C)NC(=O)CNC(=O)[C@H](CCC(=O)O)NC(=O)[C@H](CO)NC(=O)[C@H](CO)NC(=O)[C@H](CCSC)NC(=O)[C@H](Cc1c[nH]c2ccccc12)NC(=O)[C@@H](NC(=O)[C@H](CCC(=O)O)NC(=O)[C@@H](NC(=O)[C@H](CCCNC(=N)N)NC(=O)[C@@H](NC(=O)[C@H](CCC(=O)O)NC(=O)[C@H](CC(C)C)NC(=O)CNC(=O)[C@H](CCSC)NC(=O)CNC(=O)[C@@H](NC(=O)[C@H](Cc1cnc[nH]1)NC(=O)[C@@H]1CCCN1C(=O)[C@@H](NC(=O)[C@H](CC(C)C)NC(=O)[C@H](C)NC(=O)[C@@H](NC(=O)[C@@H](N)CO)C(C)C)C(C)C)C(C)C)[C@@H](C)O)[C@@H](C)O)[C@@H](C)O)C(C)C)[C@@H](C)CC)[C@H](C)O)C(=O)N[C@@H](CC(C)C)C(=O)N[C@@H](CCCNC(=N)N)C(=O)N[C@@H](Cc1cnc[nH]1)C(=O)N1CCC[C@H]1C(=O)NCC(=O)O,24000.0,
CHEMBL1370977,Cc1cc(N2CCN(C)CC2)ccc1NC(=O)c1c2c(nc3ccccc13)CCN(Cc1ccccc1)C2,5000.0,
CHEMBL682,CCN(CC)Cc1cc(Nc2ccnc3cc(Cl)ccc23)ccc1O,7410.0,
CHEMBL3344304,CCN(CC)CCn1c(NC(=O)c2ccc(Cn3nc(C#N)c(Cl)c3C)o2)nc2ccccc21,15600.0,
CHEMBL3343165,N#C/C(=C\c1cn(Cc2ccccc2)c2ccccc12)C(=O)Nc1nnc(SCc2ccc(F)cc2)s1,3720.0,
CHEMBL1530966,CC(=O)c1c2c3c(c(Br)ccc3n(C)c1=O)C(=O)c1ccccc1-2,112219.0,
CHEMBL1374025,CCOc1ccc(-c2cc(C(=O)NCC3CCCO3)c3ccccc3n2)cc1,112219.0,
CHEMBL1334528,COc1ccc(-c2n[nH]c(S)n2)cc1,112219.0,
CHEMBL1373743,Cc1ccc(Cl)cc1NC(=O)c1cc(S(=O)(=O)N2CCOCC2)cn1C,112219.0,
CHEMBL1586912,C=CCn1c(SCC(=O)Nc2sc3c(c2C#N)CCC3)nnc1C1COc2ccccc2O1,112219.0,
CHEMBL164,O=c1c(O)c(-c2cc(O)c(O)c(O)c2)oc2cc(O)cc(O)c12,22300.0,
CHEMBL3344303,N=C(N)Nc1ccc(OC(=O)c2ccc(NC(=N)N)cc2)cc1,7700.0,
CHEMBL3352908,O=c1cc(-c2ccccc2)oc2ccc(-c3cn[nH]n3)cc12,69000.0,
CHEMBL1380888,CCN(CC(=O)Nc1ccccc1OC)C(=O)Cn1cnc2ccccc2c1=O,112219.0,
CHEMBL1512774,O=C(c1ccc(S(=O)(=O)Nc2ccccc2)cc1)N1CCCC1,112219.0,
CHEMBL1394799,CCC(Cc1ccccc1)NS(=O)(=O)c1c(C)nc2sccn2c1=O,112219.0,
CHEMBL1521187,COc1ccc(-c2nc(-c3cccs3)no2)cc1,18720.0,
CHEMBL1575068,CCN(CC(=O)NC1CCS(=O)(=O)C1)S(=O)(=O)c1ccccc1,112219.0,
CHEMBL1350144,CCOC(=O)c1ccc(NC(=O)CCc2ccc(C)o2)cc1,112219.0,
CHEMBL1563383,Cc1ccc(N/C=C/C(=O)c2cccs2)cc1,6058.0,
CHEMBL2348377,CC(C)(C)C(=O)N(CCCCCCN1C[C@H](O)[C@@H](O)[C@H](O)[C@H]1CO)c1cc(F)ccc1F,5400.0,
CHEMBL1465301,CCn1nnnc1SCC(=O)NC1CCCC1,112219.0,
CHEMBL1543836,O=C(CCl)NCCCCCCCCCNC(=O)CCl,112219.0,
CHEMBL1404395,CCOc1ccc(C2C(C(=O)NC)=C(C)Nc3nc4ccccc4n32)cc1OC,112219.0,
CHEMBL1466388,COc1ccc(OC)c(-n2c(SCC(N)=O)nnc2-c2c[nH]c3ccccc23)c1,112219.0,
CHEMBL1600679,COc1cc(OC)c2cc[nH]c2c1,112219.0,
CHEMBL1476189,CCOc1ccc2nc(NC(=O)c3ccc(C)o3)sc2c1,5865.0,
CHEMBL1427921,CC(Oc1ccccc1)C(=O)N(CCC1=CCCCC1)c1c(N)n(Cc2ccccc2)c(=O)[nH]c1=O,112219.0,
CHEMBL1348884,Cc1cccc(NC(=O)c2ccc3c(c2)OCCO3)c1,6739.0,
CHEMBL572346,COc1ccc(NC(=O)c2ccccn2)cc1OC,42693.0,
CHEMBL2000529,Clc1nccnc1N/N=C/c1ccc(Br)cc1,4808.0,
CHEMBL1584473,COc1ccc(S(=O)(=O)N(C)CC(=O)Nc2ccc3c(c2)OCO3)cc1OC,112219.0,
CHEMBL3971531,Nc1cc(Cl)ccc1NC(=O)Nc1ccc(S(=O)(=O)Oc2ccc(C(=O)O)cc2)cc1,1000000.0,
CHEMBL3899268,Nc1cc(C(F)(F)F)ccc1NC(=O)Nc1cccc(S(=O)(=O)Nc2ccc(C(=O)O)cc2)c1,1122000.0,
CHEMBL3959384,Nc1cc(Cl)ccc1NC(=O)Nc1cccc(S(=O)(=O)Oc2ccc(C(=O)O)cc2)c1,1000000.0,
CHEMBL2016759,C=C[C@@]1(c2ccc3c(N)ncnn23)O[C@H](CO)[C@@H](O)[C@H]1O,30000.0,
CHEMBL2016760,C#C[C@@]1(c2ccc3c(N)ncnn23)O[C@H](CO)[C@@H](O)[C@H]1O,30000.0,
CHEMBL2164647,O=C(NCCCc1ccccc1)c1cc(/C=N/Nc2cccc(Cl)c2)nc2ccccc12,100000.0,
CHEMBL1631698,C#C[C@@]1(O)[C@H](O)[C@@H](CO)O[C@H]1n1cnc2c(N)ncnc21,1410.0,
CHEMBL4450646,Oc1cccc(Nc2nc(NCCOc3ccccc3)nc3[nH]cnc23)c1,10000.0,
CHEMBL4868018,O=C(NCC1CCNCC1)c1cc2cc(-c3ccc(N4CCCCC4)cc3)ccc2[nH]1,40200.0,
CHEMBL4849323,N/C(=N\O)c1cccc(-c2ccc3c(c2)c2cc(-c4cccc(/C(N)=N/O)c4)ccc2n3CC(O)COc2ccccn2)c1,33900.0,
CHEMBL4854249,N/C(=N\O)c1cccc(-c2ccc3c(c2)c2cc(-c4cccc(/C(N)=N/O)c4)ccc2n3Cc2cccc(Br)c2)c1,1100.0,
CHEMBL4647630,CCCCCC(=O)N[C@H](C(=O)N[C@@H](CCCCN)C(N)=O)c1ccc(OCc2ccccc2)cc1,,
CHEMBL4633789,O=C(N[C@@H](Cc1ccc(O)cc1)C(=O)O)c1cc(-c2ccccc2)c(=O)n(-c2cccc(OC3CCCCC3)c2)c1,,
CHEMBL4636025,CCCCCC(=O)N[C@H](C(=O)NCc1ccc(N)nc1)c1ccc(OCc2ccccc2)cc1.O=C(O)C(F)(F)F,13000.0,
CHEMBL4640040,CCCCCC(=O)N[C@H](C(=O)NCc1ccc(NC(N)=O)cc1)c1ccc(OCc2ccccc2)cc1,,
CHEMBL4639263,O=C(N[C@@H](Cc1ccc(O)cc1)C(=O)O)c1cc(-c2ccccc2)c(=O)n2c1sc1ccc(OC3CCCCCC3)cc12,33800.0,
CHEMBL4293171,OC[C@H]1O[C@@H](n2c3ccc(Cl)cc3c3c(-c4ccsc4)ncnc32)[C@@H](F)[C@@H]1O,33300.0,
CHEMBL4285074,Nc1ncnc2c1c1cc(Cl)ccc1n2[C@@H]1O[C@H](CO)[C@@H](O)[C@H]1F,50000.0,
CHEMBL4281646,CSc1ncnc2c1c1cc(Cl)ccc1n2[C@@H]1O[C@H](CO)[C@@H](O)[C@H]1F,50000.0,
CHEMBL4289792,OC[C@H]1O[C@@H](n2c3ccc(Cl)cc3c3c(-c4ccoc4)ncnc32)[C@@H](F)[C@@H]1O,50000.0,
CHEMBL2312794,COc1ccc(-c2nnc(C(Cc3ccccc3)n3sc4ccccc4c3=O)o2)cc1,3750.0,
CHEMBL3335488,N=C(N)NCCC[C@H](NC(=O)c1ccccc1)C(=O)N[C@@H](CCCCN)C(=O)N[C@@H](Cc1ccccc1)C(N)=O,11900.0,
CHEMBL3335499,N=C(N)NCCC[C@H](NC(=O)c1ccccc1)C(=O)N[C@@H](CCCCN)C(=O)N[C@@H](Cc1ccc(O)cc1)C(N)=O,7400.0,
CHEMBL3335501,CC(C)(NC(=O)[C@H](CCCCN)NC(=O)[C@H](CCCNC(=N)N)NC(=O)c1ccccc1)C(N)=O,46700.0,
CHEMBL3335506,N=C(N)NCCC[C@H](NC(=O)c1ccccc1)C(=O)N[C@@H](CCCCN)C(=O)N1CCCCC1C(N)=O,159200.0,
CHEMBL3335522,CC(C)(C)[C@H](NC(=O)[C@H](CCCCN)NC(=O)[C@H](CCCNC(=N)N)NC(=O)c1ccc(/C=C2\SC(=O)N(C3CCCC3)C2=O)cc1)C(N)=O,29800.0,
CHEMBL3426583,O=C1Nc2ccc(Cl)cc2C12CCNc1c2cnn1Cc1ccc(Cl)cc1,4000.0,
CHEMBL4753168,Cc1ccc(NC(=O)c2ccccc2C(=O)Nc2ccc(C)cc2-c2cc(C)n[nH]2)cc1,29000.0,
CHEMBL3426547,O=C1CC2(C(=O)Nc3ccc(Cl)cc32)c2cnn(Cc3ccc(C(F)(F)F)cc3)c2N1,25.0,
CHEMBL3426545,O=C1CC2(C(=O)Nc3ccc(Cl)cc32)c2cnn(Cc3ccccc3Cl)c2N1,1700.0,
CHEMBL3335512,N=C(N)NCCC[C@H](NC(=O)c1ccccc1)C(=O)N[C@@H](CCCCN)C(=O)NC(C(N)=O)C1CCCCC1,17400.0,
CHEMBL4857480,c1cc(-c2ccc(-c3ncc(OCC4CCNCC4)nc3-c3ccc(-c4ccsc4)cc3)cc2)cs1,3600.0,
CHEMBL3740868,N=C(N)NCCC[C@H](NC(=O)c1cc2ccccc2s1)C(=O)N[C@@H](CCCCN)C(=O)N[C@@H](C(N)=O)c1ccc(OCc2ccc(C(F)(F)F)cc2)cc1,7060.0,
CHEMBL3740727,N=C(N)NCCC[C@H](NC(=O)c1nccs1)C(=O)N[C@@H](CCCCN)C(=O)N[C@@H](C(N)=O)c1ccc(OCc2ccc(C(F)(F)F)cc2)cc1,20350.0,
CHEMBL3740757,N=C(N)NCCC[C@H](NC(=O)c1cccs1)C(=O)N[C@@H](CCCCN)C(=O)N[C@@H](C(N)=O)c1ccc(OCc2ccc(Cl)c(Cl)c2)cc1,4060.0,
CHEMBL3741034,N=C(N)NCCC[C@H](NC(=O)c1cc2sccc2s1)C(=O)N[C@@H](CCCCN)C(=O)N[C@@H](C(N)=O)c1ccc(OCc2c(Cl)cccc2Cl)cc1,5330.0,
CHEMBL3343172,N#C/C(=C\c1cn(Cc2ccccc2F)c2ccccc12)C(=O)Nc1nnc(SCc2ccccc2)s1,3580.0,
CHEMBL3976785,Nc1cc(Cl)ccc1NC(=O)Nc1ccc(S(=O)(=O)Nc2ccc(C(=O)O)cc2)cc1,435000.0,
CHEMBL3339397,Cc1ccc(NC(=O)c2nccnc2C(=O)Nc2ccc(F)cc2)c(-c2cccnc2)c1,940.0,
CHEMBL3339409,Cc1ccc(NC(=O)c2nccnc2C(=O)Nc2ccc(C)cc2-c2ccncc2)cc1,11900.0,
CHEMBL2164638,O=C(N/N=C\Cc1ccccc1)c1cc(/C=N/Nc2cccc(Br)c2)nc2ccccc12,24700.0,
CHEMBL2164630,O=C(O)c1cccc(N/N=C/c2cc(C(=O)NCCCc3ccccc3)c3ccccc3n2)c1,41240.0,
CHEMBL2164644,NS(=O)(=O)c1ccc(N/N=C/c2cc(C(=O)NCCCCc3ccccc3)c3ccccc3n2)cc1,100000.0,
CHEMBL3198494,Nc1c(Cl)ncnc1N/N=C/c1ccc(O)cc1,779.0,
CHEMBL1345739,O=C(COc1ccc(Cl)cc1)Nc1ccc(Cc2ccncc2)cc1,112219.0,
CHEMBL1385660,O=C(O)C1C2C=CC(C2)C1C(=O)NCc1cccs1,112219.0,
CHEMBL3213198,Cc1nc2ccccc2n1/C(=N/S(=O)(=O)c1ccc(Br)cc1)c1ccccc1,112219.0,
CHEMBL1430755,Cc1cnc(C)c(N2CCN(Cc3nc(-c4ccccc4)no3)CC2)n1,112219.0,
CHEMBL3190377,CCOc1cccc(-c2c(C(=O)N/N=C/c3ccco3)nnn2-c2nonc2N)c1,14850.0,
CHEMBL1333995,CN(C)c1ccc(-c2nc(O)c3ccccc3n2)cc1,33374.0,
CHEMBL1351768,CCOC(=O)C1CCCN(C(=O)CCCn2nc(C)n3c(cc4sccc43)c2=O)C1,112219.0,
CHEMBL1391688,O=c1c2ccccc2nc(/C=C/c2ccc(F)cc2)n1-c1ccccn1,112219.0,
CHEMBL1311937,Cc1ccc2sc(NC(=O)C3CC3)nc2c1C,112219.0,
CHEMBL1311990,COc1ccc(N2CC(C(=O)NCc3ccccc3)CC2=O)cc1,112219.0,
CHEMBL1311953,Cc1cccc(NC(S)=Nc2ccc3c[nH]nc3c2)c1,112219.0,
CHEMBL1352089,CN(C)C=O.CNC(=O)CSc1nc2nc(C)cc(C)n2n1,112219.0,
CHEMBL1431368,Cc1nc2oc3c(NCC4CCCO4)ncnc3c2c2c1COC(C)(C)C2,112219.0,
CHEMBL1569988,CC(C)(C)c1ccc(C(=O)O/N=C(\N)c2ccccc2)cc1,4805.0,
CHEMBL1431794,COCCNC(=O)c1cn(Cc2c(F)cccc2Cl)nn1,112219.0,
CHEMBL1510748,O=C(CCCn1cc([N+](=O)[O-])cn1)NC1CCCCCC1,112219.0,
CHEMBL1564969,COc1cccc(N2CCN(Cc3ccc(Cl)cc3)CC2)c1,112219.0,
CHEMBL1313659,CCN1CCN(Cc2nc3c(c(=O)[nH]c(=O)n3C)n2Cc2ccccc2Cl)CC1,18630.0,
CHEMBL1564893,CC(NC(=O)c1cc(S(=O)(=O)N2CCCC2)cn1C)c1ccccc1,112219.0,
CHEMBL1353757,CCCOc1cccc(-c2cc(C(=O)NN=C(S)NCC)c3ccccc3n2)c1,112219.0,
CHEMBL1447487,CCOC(=O)c1c(NC(=O)/C=C/c2ccc3c(c2)OCO3)sc(C)c1CC,112219.0,
CHEMBL1589612,Clc1ccc(-c2nc3cc[nH]cc-3n2)cc1,10032.0,
CHEMBL1512251,Cc1cccc(CCNC(=O)c2cc(S(=O)(=O)N3CCCC3)cn2C)c1,112219.0,
CHEMBL1550756,O=C(NCc1cccnc1)C(=O)NCC1OCCN1S(=O)(=O)c1ccccc1,112219.0,
CHEMBL1574329,COc1nc2ccccc2nc1OC,112219.0,
CHEMBL1327004,COC(=O)C1CSC(C(=O)OC)N1C(=O)Nc1ccccc1,112219.0,
CHEMBL1474711,CC1CCCC(C)N1C(=O)COC(=O)CNC(=O)c1sc2ccccc2c1Cl,112219.0,
CHEMBL1541966,O=C(c1ccco1)N1CCCN(Cc2nc(-c3cccs3)no2)CC1,25040.0,
CHEMBL1571240,Cc1ccc(NC(=O)COC(=O)[C@H](C)NC(=O)c2ccccc2)cc1S(=O)(=O)N1CCOCC1,112219.0,
CHEMBL1355540,Cc1cccc(CCNC(=O)c2cc(S(=O)(=O)N3CCOCC3)cn2C)c1,112219.0,
CHEMBL1488730,CCc1ccn2cc(-c3ccc4c(c3)OCO4)nc2c1,8851.0,
CHEMBL1501902,Cn1c(=O)oc2cc(S(=O)(=O)NC3CCN(Cc4ccccc4)CC3)ccc21,112219.0,
CHEMBL1566988,CCc1ccc(-n2c(S)nnc2Cc2ccccc2)cc1,112219.0,
CHEMBL1449173,c1ccc(-c2nc3c(ccc4ccccc43)[nH]2)nc1,27111.0,
CHEMBL566552,COc1cc(NS(=O)(=O)c2cccc(-c3cnn(Cc4ccccc4)c3)c2)c(C(=O)O)cc1OC,20000.0,
CHEMBL568524,Cn1cc(-c2cccc(S(=O)(=O)Nc3ccccc3C(=O)O)c2)cn1,20000.0,
CHEMBL1570402,COc1ccc(C(=O)N2CCCc3ccccc32)cc1,112219.0,
CHEMBL1997444,Cc1[nH]cnc1C(=O)N/N=C/c1c(Cl)cccc1Cl,1540.0,
CHEMBL1353602,COc1ccc(/C=C/CN2CCCC(CO)(Cc3cccc(Cl)c3)C2)cc1,112219.0,
CHEMBL2005284,COc1ccccc1/C=N/Nc1nccnc1Cl,5367.0,
CHEMBL1371529,Cc1cc(C)n(C(=O)c2cccc(S(=O)(=O)N3CCCCC3)c2)n1,112219.0,
CHEMBL1995156,COc1ccc(C(=O)/C=C/Nc2cc(C)ccn2)cc1,7598.0,
CHEMBL1382194,Cc1cc(C#N)c2ccccc2n1,112219.0,
CHEMBL1596334,Cc1ccc(Nc2nc(N3CCOCC3)c3ccccc3n2)cc1,112219.0,
CHEMBL1539359,CN(C)c1ccc(Nc2nc(N)c3ccccc3n2)cc1.Cl,234.0,
CHEMBL1401584,Cc1cc(C)n(CCc2nc(-c3ccc(Cl)s3)cs2)n1,112219.0,
CHEMBL1579034,Cc1cc(C)c2cc(CN(Cc3ccco3)C(=O)NCc3ccccc3)c(O)nc2c1,112219.0,
CHEMBL1343675,CC1CC(OC(=O)CN2CCCCC2)CC(C)(C)C1,112219.0,
CHEMBL1401891,Oc1nc2c(s1)C=Nc1ccccc1N2,1169.0,
CHEMBL3339385,O=C(NCc1ccccc1-c1ccsc1)c1nc[nH]c1C(=O)Nc1ccc(F)cc1,8880.0,
CHEMBL1453801,COC(=O)c1nn(-c2ccc(-c3ccccc3)cc2)cc1O,3792.0,
CHEMBL1397386,CCN1C(=O)Nc2cccc3cccc1c23,7122.0,
CHEMBL1306071,COc1ccc(Cl)cc1NC(=O)Nc1cnccn1,112219.0,
CHEMBL1338042,COC(=O)Cc1c(C)c2ccc(OCC(=O)N3CCC(C)CC3)c(C)c2oc1=O,22116.0,
CHEMBL4862793,O=C(NCC1CCNCC1)c1cc2ccc(-c3ccoc3)cc2[nH]1,1600.0,
CHEMBL4781494,Cc1ccc(NC(=O)c2ccccc2C(=O)Nc2ccc(F)cc2)c(-c2ccc(C)s2)c1,2900.0,
CHEMBL4847429,Fc1cccc(NNc2nc(NCCOc3ccccc3)nc3[nH]cnc23)c1,100000.0,
CHEMBL4847429,Fc1cccc(NNc2nc(NCCOc3ccccc3)nc3[nH]cnc23)c1,153200.0,
CHEMBL4852919,O=C(NCC1CCNCC1)c1c[nH]c2nc(-c3ccc(CN4CCCCC4)cc3)ccc12,9200.0,
CHEMBL4741690,Cc1ccc(NC(=O)c2ccccc2C(=O)Nc2ccc(F)cc2)c(-c2cccs2)c1,4000.0,
CHEMBL4749758,Cc1ccc(NC(=O)c2nccnc2C(=O)NCc2ccc(-c3ccsc3)cc2)cc1,14000.0,
CHEMBL2047765,O=C(NCc1cn(Cc2ccc(F)cc2)nn1)Nc1ccc(C(=O)Nc2ccc(Oc3ccccc3)cc2)cc1,6820.0,
CHEMBL3740600,N=C(N)NCCC[C@H](NC(=O)c1cc2ccsc2s1)C(=O)N[C@@H](CCCCN)C(=O)N[C@@H](C(N)=O)c1ccc(OCc2ccc(C(F)(F)F)cc2)cc1,10460.0,
CHEMBL3741713,COc1cccc(COc2ccc([C@@H](NC(=O)[C@H](CCCCN)NC(=O)[C@H](CCCNC(=N)N)NC(=O)c3ccc(-c4cccs4)s3)C(N)=O)cc2)c1,3420.0,
CHEMBL4785715,Cc1ccc(NC(=O)c2ccccc2NC(=O)c2ccc(F)cc2)c(-c2ccsc2)c1,116000.0,
CHEMBL1940732,O=C(Cn1cc(COc2cccc(NC(=O)Cn3sc4ccccc4c3=O)c2)nn1)Nc1ccc(Oc2ccccc2)cc1,4450.0,
CHEMBL4783875,Cc1ccc(NC(=O)c2ccccc2C(=O)NCc2ccccc2-c2ccsc2)cc1,3000.0,
CHEMBL3426581,O=C1CC2(C(=O)Nc3ccc(Cl)cc32)c2cnn(-c3ccc(Cl)cc3)c2N1,32500.0,
CHEMBL1405742,O=C(Nc1ccccc1)C(=O)Nc1ccc2c(c1)N(C(=O)C1CC1)CCC2,3738.0,
CHEMBL1601294,Nc1nc2sc3c(c2cc1C(=O)N1CCOCC1)CCCC3,112219.0,
CHEMBL1457363,O=C(CN1C(=O)CCC1=O)Nc1nc(-c2cccs2)cs1,112219.0,
CHEMBL3193424,Cc1nn(-c2ccccc2)c(Cl)c1/C=N/NC(=O)c1[nH]ncc1Br,3522.0,
CHEMBL1468318,O=c1oc(-c2ccc([N+](=O)[O-])cc2)nc2ccc(O)cc12,1724.0,
CHEMBL1350148,Cc1ccc(OCCC(=O)OCc2csc(CC(=O)Nc3ccccc3C)n2)cc1,112219.0,
CHEMBL1601930,O=C(c1ccco1)N1CCN(C(=O)c2ccc(COc3ccc(F)cc3)o2)CC1,112219.0,
CHEMBL1326967,Nc1ccc2nc(-c3ccccc3)sc2c1,2442.0,
CHEMBL4857319,N/C(=N\O)c1cccc(-c2ccc3c(c2)c2cc(-c4cccc(/C(N)=N/O)c4)ccc2n3S(=O)(=O)c2cccc(OC(F)(F)F)c2)c1,7700.0,
CHEMBL4853295,COc1ccc(S(=O)(=O)n2c3ccc(-c4cccc(/C(N)=N/O)c4)cc3c3cc(-c4cccc(/C(N)=N/O)c4)ccc32)cc1,9600.0,
CHEMBL1313891,CN(C)c1ccc(N/C=C/C(=O)c2ccco2)cc1,891.0,
CHEMBL1511820,Cc1ccc(-c2nnc(CSc3nc(C(C)C)nc4sc(C)c(C)c34)o2)cc1,112219.0,
CHEMBL1574452,Cc1ccc(C(=O)C2CCN(CC(=O)Nc3ccc4c(c3)OCCO4)CC2)cc1,112219.0,
CHEMBL1308946,CNc1nc2c(N)ncnc2n1[C@H]1O[C@@H](CO)[C@H](O)[C@@H]1O,1356.0,
CHEMBL1326195,O=S(=O)(Nc1ccc(-c2ccc3nncn3n2)cc1)c1ccccc1Cl,51937.0,
CHEMBL3190246,C=C(C)CNC(=S)N/N=C(\C)c1ccc(OC)cc1,30544.0,
CHEMBL1429659,COc1ccccc1NC(=O)CSc1nc(O)c2c(C)cc(C)nc2n1,112219.0,
CHEMBL1489157,Cc1ccc(-n2c(N)c(C#N)c(-c3ccccc3)c(C#N)c2=O)cc1,3224.0,
CHEMBL2348381,CC(=O)N(CCCCCCN1C[C@H](O)[C@@H](O)[C@H](O)[C@H]1CO)C1CCCCC1,14000.0,
CHEMBL3794454,C[C@H](O)[C@H]1CC[C@@]2(O)C3=CC(=O)[C@@H]4C[C@@H](O)[C@@H](O)C[C@]4(C)[C@H]3CC[C@]12C,100000.0,
CHEMBL2146846,OC[C@H]1O[C@@H](n2c3ccc(Cl)cc3c3c(-c4cccs4)ncnc32)[C@H](O)[C@@H]1O,335.0,
CHEMBL2146850,OC[C@H]1O[C@@H](n2c3ccccc3c3c(-c4ccco4)ncnc32)[C@H](O)[C@@H]1O,82730.0,
CHEMBL3426587,CN1C(=O)[C@]2(CC(=O)Nc3c2cnn3Cc2ccc(Cl)cc2)c2cc(Cl)ccc21,6.0,
CHEMBL3426579,O=C1CC2(C(=O)Nc3ccc(Cl)cc32)c2cnn(Cc3ncc(Cl)cn3)c2N1,85300.0,
CHEMBL3426575,O=C1CC2(C(=O)Nc3ccc(Cl)cc32)c2cnn(Cc3ccc(Cl)cn3)c2N1,670.0,
CHEMBL1572907,CCOC(=O)N1CCN(Cc2nc3c(c(=O)n(C)c(=O)n3C)n2Cc2cccc3ccccc23)CC1,112219.0,
CHEMBL1347016,CCOc1ccc(CN(CCO)CCO)cc1C(=O)OC,112219.0,
CHEMBL1543818,Cn1c(-c2ccco2)nc2cc3ccccc3cc21,2689.0,
CHEMBL1364668,COc1cc(C(=O)N2CCN(c3ccc([N+](=O)[O-])cc3)CC2)ccc1OCc1c(C)noc1C,112219.0,
CHEMBL1474147,CCCOc1ccc(CNC(=O)c2ccc3c(c2)N(CC)CCS3)cc1,112219.0,
CHEMBL1465592,CC(C)(C)C(=O)/C(=C\c1cccc([N+](=O)[O-])c1)n1cncn1,5597.0,
CHEMBL1337091,Cn1cc(S(=O)(=O)N2CCOCC2)cc1C(=O)Nc1ccc(Cl)cc1,112219.0,
CHEMBL1347081,O=C(Nc1cnn(Cc2c(Cl)cccc2Cl)c1)C(c1ccccc1)c1ccccc1,112219.0,
CHEMBL1377193,CC(C)(C)c1ccc(C(=O)NC(=S)NNC(=O)c2cccs2)cc1,24540.0,
CHEMBL1980658,Oc1ccc(/C=N/Nc2nccnc2Cl)cc1,138.0,
CHEMBL1443750,COc1cc2c(cc1OC)-c1cc(Nc3ccccc3Br)nc(=O)n1CC2,115.0,
CHEMBL1557637,COc1ccccc1C(=O)Nc1cnc(O)nc1O,250.0,
CHEMBL1518907,CCOC(=O)N1CCC(N2C(=O)c3ccccc3C2Nc2cc(OC)c(OC)c(OC)c2)CC1,94345.0,
CHEMBL1333626,COc1ccc(C(=O)NCCOc2cccc(OC)c2)cc1,112219.0,
CHEMBL1558433,Cc1ccc2oc(-c3ccc(NC(=O)c4cccnc4)cc3)nc2c1,112219.0,
CHEMBL1506379,COc1ccc(CC(=O)Nc2ccc(-c3cn4ccccc4n3)cc2)cc1,112219.0,
CHEMBL1388611,O=c1oc(Nc2ccc(F)cc2)nc2ccccc12,4029.0,
CHEMBL1535389,O=C(CSc1nnc2ccccn12)NNC(=O)c1ccc([N+](=O)[O-])cc1,112219.0,
CHEMBL1388707,CC(=O)c1c(S)nc(-c2ccccc2)nc1N1CCN(C)CC1,112219.0,
CHEMBL1523396,COCc1nnc(NC(=O)CSCc2ccccc2)s1,112219.0,
CHEMBL1385635,CC(=O)Nc1cccc(N2C(=O)CC(Cc3ccccc3)C2=O)c1,112219.0,
CHEMBL1345908,O=C(Nc1cnn(Cc2ccc(F)cc2)c1)C(c1ccccc1)c1ccccc1,18235.0,
CHEMBL1305869,O=C1c2ccccc2C(Nc2ccc(Cl)cn2)N1c1ccccn1,112219.0,
CHEMBL1516626,COc1ccc(-c2nc(C[S+]([O-])CC(=O)NC3CCCCC3C)c(C)o2)cc1,112219.0,
CHEMBL1566293,COC(=O)c1[nH]c2ccccc2c1NC(=O)CN1CCN(C(=O)c2ccco2)CC1,112219.0,
CHEMBL1566692,CN(C)CCOC(=O)C1(c2ccccc2)CCCC1.Cl,112219.0,
CHEMBL1462373,COc1ccc(-c2cc3nc(C)cc(N)n3n2)cc1,621.0,
CHEMBL1558913,COC(=O)C1=C2SC(C)C(=O)N2C(N)=C(C#N)C1c1ccc(OC)c(OC)c1,112219.0,
CHEMBL1513199,CCN1CCSc2ccc(C(=O)NCc3ccccc3C)cc21,112219.0,
CHEMBL1993627,OC1=C(/C=N/c2ccc3c(c2)OCO3)CCc2ccccc21,7071.0,
CHEMBL1541658,CC(C)c1nnc(NC(=O)CCC(=O)NC2CC2)s1,112219.0,
CHEMBL1610081,O=C(COC(=O)/C=C/c1cn(-c2ccccc2)nc1-c1ccc2c(c1)OCCO2)NC1CCS(=O)(=O)C1,112219.0,
CHEMBL1441898,CN(Cc1ccccc1)c1ccc(S(=O)(=O)N2CCOCC2)cn1,112219.0,
CHEMBL1464330,CC1(C)CC(=O)C2=C(C1)N(c1ccccc1)C(=O)CC2c1ccsc1,112219.0,
CHEMBL1310785,CCN(CC)CC(C)OC(=O)c1ccccc1Cl,112219.0,
CHEMBL1313232,COc1ccc(C(=O)Nc2sc(C)c(C)c2CN2CCOCC2)cc1,12581.0,
CHEMBL1390308,CC(C)CNC(=O)COc1ccccc1[N+](=O)[O-],18661.0,
CHEMBL1429902,N=c1c2c(ncn1CCCO)Oc1c(ccc3ccccc13)C2c1ccccc1,112219.0,
CHEMBL1392673,Oc1ccc(N=Nc2ccc3ccccc3c2)cc1,3757.0,
CHEMBL1413806,O=C1N/C(=C\c2ccc(O)cc2)C(=O)c2ccccc21,1149.0,
CHEMBL1461995,CCOC(=O)c1c(C)c(-c2ccccc2)n(CC(=O)N2CCCC2)c1C,112219.0,
CHEMBL1519619,C=C[C@@]1(C)CC(=O)[C@]2(O)[C@@]3(C)[C@@H](O)CCC(C)(C)[C@@H]3[C@H](OC(C)=O)[C@H](O)[C@@]2(C)O1,4261.0,
CHEMBL1977570,Fc1cccc(/C=N/Nc2nccnc2Cl)c1,2262.0,
CHEMBL1470247,CCNC(=O)c1c(NC(C)=O)sc2c1CCCC2,15192.0,
CHEMBL3195189,Cc1cc(/C=N/Nc2ncnc(N)c2[N+](=O)[O-])c(C)n1-c1ccccc1,3666.0,
CHEMBL205548,N=C(N)Nc1ccc(O[C@H]2C[C@@H](Oc3ccc(NC(=N)N)cc3NC(=N)N)[C@H](NC(=N)N)C[C@@H]2NC(=N)N)c(NC(=N)N)c1,1000.0,
CHEMBL205548,N=C(N)Nc1ccc(O[C@H]2C[C@@H](Oc3ccc(NC(=N)N)cc3NC(=N)N)[C@H](NC(=N)N)C[C@@H]2NC(=N)N)c(NC(=N)N)c1,1000.0,
CHEMBL217092,CN1CCN(CCOc2cc(OC3CCOCC3)c3c(Nc4c(Cl)ccc5c4OCO5)ncnc3c2)CC1,1600.0,
CHEMBL2164652,CCOC(=O)c1cc(/C=N/N2C(=O)c3ccccc3C2=O)c(O)c(/C=N/N2C(=O)c3ccccc3C2=O)c1,100000.0,
CHEMBL4640965,CCCCCC(=O)N[C@H](C(=O)NCCCCCCN)c1ccc(OCc2ccccc2)cc1,13000.0,
CHEMBL3335495,N=C(N)NCCC[C@H](NC(=O)c1ccccc1)C(=O)N[C@@H](CCCCN)C(=O)N1Cc2ccccc2CC1C(N)=O,65800.0,
CHEMBL3426544,O=C1CC2(C(=O)Nc3ccc(Cl)cc32)c2cnn(Cc3cccc(Cl)c3)c2N1,3900.0,
CHEMBL1594961,c1ccc2nc(-c3nc4ccccc4[nH]3)ccc2c1,2164.0,
CHEMBL1512743,Cn1cc(S(=O)(=O)N2CCOCC2)cc1C(=O)Nc1cccc(Cl)c1,112219.0,
CHEMBL1607613,COCCCN(C(=O)Cc1ccc(Cl)c(Cl)c1)c1c(N)n(Cc2ccccc2)c(=O)[nH]c1=O,112219.0,
CHEMBL1409610,CCn1c2ccccc2c2cc(NC(=O)CSc3nnc(-c4cccc(Cl)c4)o3)ccc21,112219.0,
CHEMBL1972133,Clc1ccccc1-c1nc(N/N=C/c2cccnc2)c2ccccc2n1,112219.0,
CHEMBL3741422,N=C(N)NCCC[C@H](NC(=O)c1ccccc1)C(=O)N[C@@H](CCCCN)C(=O)N[C@@H](C(N)=O)c1ccc(OCc2ccccc2)cc1,400.0,
CHEMBL1480613,O=[N+]([O-])c1cc(N=Nc2ccc3ccccc3c2)ccc1O,2244.0,
CHEMBL1423749,CCN(CCn1cccn1)Cc1c[nH]nc1-c1cccc2ccccc12,112219.0,
CHEMBL1559414,CCOC(=O)c1sc(NC(=O)c2sccc2C)cc1C,3039.0,
CHEMBL1424324,CCCc1nc2sc3c(O)ncnc3c2c2c1CCCC2,112219.0,
CHEMBL1560223,Cc1occc1C(=O)Nc1cc(C(C)(C)C)on1,3464.0,
CHEMBL2006611,Cc1nonc1C(=O)N/N=C/c1ccc(O)c(O)c1,868.0,
CHEMBL1610821,CCCCCn1c2c(c(=N)c3ccccc31)CCC2.I,788.0,
CHEMBL1424873,Cc1ccc(S(=O)(=O)N2CCCC2C(=O)O)cc1,112219.0,
CHEMBL1559801,COc1ccc(Br)cc1CNC(=O)c1ccc2c(c1)N(C)CCS2,112219.0,
CHEMBL1609758,[O-]/[N+](=C/c1ccc(F)cc1)c1ccc(Cl)cc1,112219.0,
CHEMBL1453673,CCCc1cc(-c2nc(N)ncc2-c2ccc3c(c2)OCCCO3)c(O)cc1OC,112219.0,
CHEMBL1423924,CN(C)c1nc(OCCNC(=O)Nc2ccc(Cl)cc2)nc(N(C)C)n1,112219.0,
CHEMBL1502435,O=C(Oc1ccc(Cl)cc1)c1ccc(COC(=O)c2cnccn2)cc1,7268.0,
CHEMBL1532657,O=S(=O)(NCCc1csc(-c2cccnc2)n1)c1ccc2c(c1)OCCO2,112219.0,
CHEMBL513529,O=C(OC[C@H]1O[C@@H](Oc2ccc(O)cc2COC(=O)c2ccccc2O)[C@H](O)[C@@H](O)[C@@H]1O)c1ccccc1,37800.0,
CHEMBL1326169,CC(C)n1nc(C(=O)Nc2ccccc2N2CCOCC2)c2ccccc2c1=O,26706.0,
CHEMBL1349543,COC(=O)CSc1nc(COc2ccccc2)nc2ccccc12,112219.0,
CHEMBL1366347,O=C(Nc1ccccn1)c1cc2ccccc2o1,3900.0,
CHEMBL1546429,Cn1nc(C(=O)OCC(=O)Nc2sccc2C(N)=O)c2ccccc2c1=O,112219.0,
CHEMBL1574879,COc1ccc(NC(=O)/C(Cl)=C(/Cl)[S+]([O-])Cc2ccccc2)cn1,6343.0,
CHEMBL1428920,NC(=O)c1ccc[n+](Cc2ccccc2)c1.[I-],112219.0,
CHEMBL1969298,O=C(Nc1ccccc1C(=O)N/N=C/c1ccncc1)c1ccccc1,3059.0,
CHEMBL1536155,CCCCOC(=O)c1ccc(N=Nc2c(O)nc(O)c(C#N)c2C)cc1,112219.0,
CHEMBL1350152,CN(C)c1ccc(N/C=C/C(=O)c2ccccc2)cc1,930.0,
CHEMBL1445725,Cc1cccc(C(=N)NOC(=O)c2ccccc2Cl)c1,3842.0,
CHEMBL1468807,O=c1cc(COc2ncnc3c(Cl)cc(Cl)cc23)nc2sccn12,112219.0,
CHEMBL1524355,CCOC(=O)c1ccc(NC(=O)CSc2nc3c(c(=O)n2C)SC(C)C3)cc1,112219.0,
CHEMBL1378443,CCc1cccc(NC(=O)CN(C)S(=O)(=O)c2c[nH]cn2)c1,112219.0,
CHEMBL1365952,CCCCOC(=O)c1ccc(OC(=O)N2CCOCC2)cc1,112219.0,
CHEMBL1572634,Cn1nc(C(=O)Nc2nc3ccc(S(C)(=O)=O)cc3s2)ccc1=O,7446.0,
CHEMBL1582317,CCn1c(-c2cccs2)nc2ccccc21,112219.0,
CHEMBL1416853,CCCc1ccc(-c2ccc(F)c(N)c2)nc1,6175.0,
CHEMBL378887,c1ccc2[nH]c(-c3ccc4c(c3)OCO4)nc2c1,6518.0,
CHEMBL1371289,O=C(/C=C/Nc1ccccc1F)c1ccc(Br)cc1,112219.0,
CHEMBL1466311,COc1cccc(-c2noc(C3CCCN(C(=O)c4ccccc4OC)C3)n2)c1,112219.0,
CHEMBL3335502,N=C(N)NCCC[C@H](NC(=O)c1ccccc1)C(=O)N[C@@H](CCCCN)C(=O)N1CCC[C@H]1C(N)=O,191900.0,
CHEMBL598807,O=C1NC(=O)/C(=C\c2ccc(O)cc2)N1,100000.0,
CHEMBL606180,COc1cc(NS(=O)(=O)c2ccc(NC(=O)/C=C/c3cccc4ccccc34)cc2)nc(OC)n1,6830.0,
CHEMBL599409,CCN(CC)c1ccc(/C=N\Nc2ccc(Cl)c(C(=O)O)c2)c(O)c1,13500.0,
CHEMBL597979,O=S(=O)(O)c1cccc(NNc2ccc(Nc3ccccc3)cc2)c1,7620.0,
CHEMBL1450925,Oc1c(C(c2cccs2)N2CCOCC2)sc2ncnn12,112219.0,
CHEMBL1477272,CCOCCCN1C(=O)CN(C2CCC(C)CC2)C(=O)C1c1ccc(C)cc1,112219.0,
CHEMBL1595627,O=C1COc2ccc(C(=O)COC(=O)c3cc(S(=O)(=O)N4CCOCC4)ccc3F)cc2N1,22911.0,
CHEMBL34137,CCOc1ccccc1Nc1cc2n(c(=O)n1)CCc1cc(OC)c(OC)cc1-2,1230.0,
CHEMBL1994078,Cc1occc1C(=O)N/N=C/c1ccc2c(c1)OCO2,1774.0,
CHEMBL1372562,CCOC(=O)Cc1sc(N)nc1C,112219.0,
CHEMBL1421853,CCOC(=O)NC1(C(F)(F)F)NC(=O)N(Cc2ccco2)C1=O,112219.0,
CHEMBL4870696,N#Cc1ccc(-c2ccc3c(C(=O)NCC4CCNCC4)c[nH]c3c2)cc1,12000.0,
CHEMBL1329548,COc1cccc2oc3cc(C#Cc4ccccn4)ccc3c(=O)c12,112219.0,
CHEMBL1399399,Cc1nn(CC(=O)Nc2cccnc2)c(C)c1[N+](=O)[O-],7257.0,
CHEMBL1594971,CCC(C)OC(=O)C1=C(C)OC23OC(N)=C(C#N)C12C(=O)c1ccccc13,112219.0,
CHEMBL1370234,O=C(c1ccncc1)N1CCN(C(=O)c2cccc3ccccc23)CC1,16585.0,
CHEMBL1566877,Nc1cccc(-c2nc3ccc(N)cc3s2)c1,701.0,
CHEMBL1439343,COc1ccc(NC(=O)c2cc(S(=O)(=O)N3CCc4ccccc43)cn2C)cc1OC,112219.0,
CHEMBL1301440,CN1CCN(S(=O)(=O)c2cccc([N+](=O)[O-])c2)CC1,112219.0,
CHEMBL1361038,COc1ccc(C2CC(=O)Nc3sc(=N)c4c(N)c(C#N)c(N)nc4c32)cc1OC,706.0,
CHEMBL1370147,Clc1nc2ncnc-2c[nH]1,112219.0,
CHEMBL1399447,COc1ccc(NC(=O)c2nc3nc(C)cc(C(F)F)n3n2)cc1OC,112219.0,
CHEMBL1478970,COCCn1cc(C(=O)N2CCC(C)CC2)c2c3ccccc3n(C)c2c1=O,112219.0,
CHEMBL1460336,COc1ccc(C2=Nn3c(nnc3-c3cc(C)[nH]n3)SC2)cc1,112219.0,
CHEMBL1529461,O=C(c1cccc(S(=O)(=O)N2CCOCC2)c1)N1CCN(c2ccc(F)cc2)CC1,112219.0,
CHEMBL3196355,O=C(N/N=C/c1cc2cc3c(cc2nc1Cl)OCO3)c1ccncc1,112219.0,
CHEMBL1452026,COc1cc(/C=C2/C(=O)NN(c3cccc(F)c3)C2=O)ccc1OC(=O)c1ccco1,112219.0,
CHEMBL1608396,COc1ccc(CN2CCNC(=O)C2CC(=O)NCC(C)(C)N2CCOCC2)cc1C,112219.0,
CHEMBL1413710,COc1ccc(CCNC(=O)C[S+]([O-])Cc2nc(-c3ccc(C)cc3)oc2C)cc1OC,112219.0,
CHEMBL1608635,O=C(/C=C/Nc1ccc(Br)cc1F)c1ccccc1,4159.0,
CHEMBL1383312,CN(C)c1ccc(N=Nc2nc3ccccc3n2C)cc1,208.0,
CHEMBL1519788,COc1ccccc1-n1cc(-c2ccc(Cl)cc2)nc1O,1887.0,
CHEMBL1362275,Cc1cnc([N+](=O)[O-])n1CCOC(=O)NC(=O)c1cccc(F)c1,18365.0,
CHEMBL1517888,COc1cccc(CC(=O)Nc2nc3c(s2)C(=O)CC(C)(C)C3)c1,112219.0,
CHEMBL1595743,COc1cccc(-c2nc(C[S+]([O-])CC(=O)NCCc3ccc(C)cc3)c(C)o2)c1,112219.0,
CHEMBL1494476,Cc1ccc(NC(=O)Cc2nc(CCl)cs2)cc1.Cl,112219.0,
CHEMBL1599564,O=C(NCC1CCCO1)c1ccc(NC(=O)c2cccc(Cl)c2)cc1,112219.0,
CHEMBL3192399,COc1ccc(/C=N/Nc2ccccn2)cc1O,12521.0,
CHEMBL1467431,CC(=O)Oc1ccc(/C=C/c2nc3ccccc3c(=O)o2)cc1,333.0,
CHEMBL1612679,O=C(CC1Oc2ccccc2NC1=O)NC1CC1,112219.0,
CHEMBL1444534,CCOc1ccccc1-c1nc(C(N)=O)c2nc(O)n(-c3cccc(C)c3)c2n1,112219.0,
CHEMBL1353266,Cc1ccc(C)c(Nc2nc(N)c3ccccc3n2)c1.Cl,10951.0,
CHEMBL1524978,COc1cccc2cc(C(C)N(CCCN3CCOCC3)C(=O)Nc3ccccc3)oc12,112219.0,
CHEMBL37400,O=C(O)CC1Sc2ccccc2NC1=O,112219.0,
CHEMBL1503002,COc1ccc(C(=O)Nc2cc(OC)nc(OC)n2)cc1,8789.0,
CHEMBL1581794,Cc1nnc(SCCN2CCOCC2)c2nn(-c3ccccc3F)c(C)c12,112219.0,
CHEMBL1581692,COc1ccc(C(=O)OCCOc2cccc(Cl)c2)cc1S(=O)(=O)N1CCOCC1,112219.0,
CHEMBL1568027,Cc1ccccc1N=C(S)c1ccc2ccccc2n1,112219.0,
CHEMBL1416658,Cc1ccc(N=C(S)c2ccc3ccccc3n2)c(C)c1,112219.0,
CHEMBL1404797,CCCCCc1nc2sc3c(c2c(=O)n1N)CCC3,112219.0,
CHEMBL4646913,CCCCCC(=O)N[C@H](C(=O)Nc1ccc(N)cc1)c1ccc(OCc2ccccc2)cc1.O=C(O)C(F)(F)F,,
CHEMBL4638250,O=C(O)CCNC(=O)c1cc(-c2ccccc2)c(=O)n2c1sc1ccc(OC3CCCCC3)cc12,7000.0,
CHEMBL4645960,CCCCCC(=O)N[C@H](C(=O)NCCN)c1ccc(OCc2ccccc2)cc1,,
CHEMBL4639263,O=C(N[C@@H](Cc1ccc(O)cc1)C(=O)O)c1cc(-c2ccccc2)c(=O)n2c1sc1ccc(OC3CCCCCC3)cc12,3700.0,
CHEMBL4640656,CCCCCC(=O)N[C@H](C(=O)Nc1ccc2[nH]ncc2c1)c1ccc(OCc2ccccc2)cc1,6900.0,
CHEMBL4633218,CCCCCC(=O)N[C@H](C(=O)NCc1cccc(CNC(=N)N)c1)c1ccc(OCc2ccccc2)cc1,,
CHEMBL4638250,O=C(O)CCNC(=O)c1cc(-c2ccccc2)c(=O)n2c1sc1ccc(OC3CCCCC3)cc12,7800.0,
CHEMBL4645091,CCCCCC(=O)N[C@@H](C(=O)NCc1ccc(NC(=N)N)cc1)c1ccc(OCc2ccc(C(F)(F)F)cc2)cc1.O=C(O)C(F)(F)F,,
CHEMBL4635612,CCCCCC(=O)N[C@H](C(=O)NCc1ccncc1)c1ccc(OCc2ccccc2)cc1,,
CHEMBL4649655,CCCCCC(=O)N[C@H](C(=O)NCc1ccc(NC(=N)N)cc1)c1ccc(OCc2ccccc2)cc1.O=C(O)C(F)(F)F,11000.0,
CHEMBL4633218,CCCCCC(=O)N[C@H](C(=O)NCc1cccc(CNC(=N)N)c1)c1ccc(OCc2ccccc2)cc1,,
CHEMBL4640021,N=C(N)Nc1ccc(CNC(=O)[C@@H](NC(=O)Cc2ccc(-c3ccccc3)cc2)c2ccc(OCc3ccccc3)cc2)cc1.O=C(O)C(F)(F)F,1300.0,
CHEMBL2440343,CCCC[C@H](NC(=O)[C@H](CCCCN)NC(=O)[C@H](CCCNC(=N)N)NC(=O)/C=C/c1ccccc1)C(N)=O,10500.0,
CHEMBL4531195,C#Cc1c(C(N)=O)ncn1[C@@H]1[Se][C@H](CO)[C@@H](O)[C@H]1O,20000.0,
CHEMBL3892693,N=C(N)NCCC[C@H](NC(=O)[C@H](Cc1ccc(NC(=N)N)cc1)NC(=O)c1ccccc1)C(N)=O,87000.0,
CHEMBL3910205,N=C(N)NCCC[C@H](NC(=O)[C@H](Cc1cccc(NC(=N)N)c1)NC(=O)c1ccccc1)B(O)O,110.0,
CHEMBL599409,CCN(CC)c1ccc(/C=N\Nc2ccc(Cl)c(C(=O)O)c2)c(O)c1,50000.0,
CHEMBL4532280,C[C@@H](c1ccc(Cl)cc1)n1nnc2c1NC(=O)C[C@]21C(=O)N(CC(=O)O)c2ccc(Cl)cc21,2400.0,
CHEMBL4554332,C[C@@H](c1ccc(Cl)cc1)n1nnc2c1NC(=O)C[C@]21C(=O)N(CCCBr)c2ccc(Cl)cc21,250.0,
CHEMBL2059155,Nc1ncc(Br)c2c1ncn2[C@@H]1C=C(CO)[C@@H](O)[C@H]1O,2900.0,
CHEMBL343543,COc1cccc2nc(N)nc(N)c12,150.0,
CHEMBL2042320,Nc1nc(N)c2c(OCC(F)(F)F)cccc2n1,7.9,
CHEMBL342595,Nc1nc(N)c2c(OCc3ccccc3)cccc2n1,39.0,
CHEMBL2042324,CC(C)(C)Nc1cccc2nc(N)nc(N)c12,9.2,
CHEMBL336468,CN(C)c1cccc2nc(N)nc(N)c12,3300.0,
CHEMBL2042327,CC(C)(C)S(=O)(=O)c1cccc2nc(N)nc(N)c12,10000.0,
CHEMBL1631697,C=C[C@@]1(O)[C@H](O)[C@@H](CO)O[C@H]1n1cnc2c(N)ncnc21,50000.0,
CHEMBL1631700,C#C[C@@]1(O)[C@H](O)[C@@H](CO)O[C@H]1n1cnc2c(=O)[nH]c(N)nc21,100000.0,
CHEMBL1630219,C#C[C@@]1(O)[C@H](O)[C@@H](CO)O[C@H]1n1cc(C(N)=O)c2c(N)ncnc21,2520.0,
CHEMBL4757828,CC(C)C(CC(=O)O)NC(=O)c1cc(-c2ccccc2)c(=O)n2c1sc1ccc(OC3CCCCC3)cc12,22100.0,
CHEMBL4752745,O=C(c1cc(-c2ccccc2)c(=O)n2c1sc1ccc(OC3CCCCC3)cc12)N1CCCC(O)C1,,
CHEMBL4790309,C[C@@H](CO)NC(=O)c1cc(-c2ccccc2)c(=O)n2c1sc1ccc(OC3CCCCC3)cc12,,
CHEMBL4757828,CC(C)C(CC(=O)O)NC(=O)c1cc(-c2ccccc2)c(=O)n2c1sc1ccc(OC3CCCCC3)cc12,8400.0,
CHEMBL4753505,O=C(O)CC(NC(=O)c1cc(-c2ccccc2)c(=O)n2c1sc1ccc(OC3CCCCC3)cc12)c1ccccc1,1200.0,
CHEMBL4790309,C[C@@H](CO)NC(=O)c1cc(-c2ccccc2)c(=O)n2c1sc1ccc(OC3CCCCC3)cc12,1100.0,
CHEMBL4483405,CCN1C(=O)[C@]2(CC(=O)Nc3c2nnn3[C@@H](C)c2ccc(Cl)cc2)c2cc(Cl)ccc21,2500.0,
CHEMBL1652113,OC[C@@H]1[C@@H](O)[C@H](O)[C@@H](O)CN1CCCCCC1(O)CCCCC1,2000.0,
CHEMBL1789789,Cc1cc(NCCCN(C)C)c2ccc3c(ccc4c(NCCCN(C)C)cc(C)nc43)c2n1,400.0,
CHEMBL3426543,O=C1C[C@]2(C(=O)Nc3ccc(Cl)cc32)c2cnn(Cc3ccc(Cl)cc3)c2N1,1900.0,
CHEMBL3426543,O=C1C[C@]2(C(=O)Nc3ccc(Cl)cc32)c2cnn(Cc3ccc(Cl)cc3)c2N1,20000.0,
CHEMBL1514645,NS(=O)(=O)c1ccc(N2N=C(c3ccccc3)CC2c2ccccc2Cl)cc1,14000.0,
CHEMBL4174536,NS(=O)(=O)c1ccc(N2N=C(c3ccc(Oc4ccccc4)cc3)CC2c2cccc(F)c2)cc1,10000.0,
CHEMBL1537144,O=C(Nc1ccn(Cc2ccc(F)cc2)n1)c1ccncc1,112219.0,
CHEMBL2036487,O=C(OC[C@H]1O[C@@H](Oc2ccc(O)cc2COC(=O)[C@@]2(O)[C@H](O)C=CC(=O)[C@@H]2O)[C@H](O)[C@@H](OC(=O)c2ccccc2)[C@@H]1O)c1ccccc1,13400.0,
CHEMBL3392006,CC(=O)O[C@H]1[C@H](O[C@H]2CC[C@]34C[C@]35CC[C@]3(C)[C@@H]([C@@]6(C)CC[C@@H](C(C)(C)O)O6)[C@@H](O)C[C@@]3(C)[C@@H]5C[C@H](O[C@@H]3O[C@H](CO)[C@@H](O)[C@H](O)[C@H]3O)[C@H]4C2(C)C)OC[C@@H](O)[C@@H]1O,1.56,
CHEMBL1325612,O=C(CSCc1c(Cl)cccc1Cl)NCc1ccco1,112219.0,
CHEMBL1325549,CN(C)c1ccc(N/C=C/C(=O)c2ccc(F)cc2)cc1,1499.0,
CHEMBL1308461,Cc1nc(N2CCC(C)CC2)c2oc3ccccc3c2n1,112219.0,
CHEMBL1308404,O=[N+]([O-])c1c(Nc2ccc(O)cc2)cc(Cl)c2nonc12,4203.0,
CHEMBL1483414,Cc1nc2cc(NC(=O)Nc3ccccc3Cl)ccc2n1C,5857.0,
CHEMBL1544776,O=C(Nc1ccc(F)cc1)C1CCCCC1,112219.0,
CHEMBL1325243,COc1ccc(NC(=O)c2cnn(-c3ccccc3)c2C)cc1,6028.0,
CHEMBL1497097,CCCCn1c2c(c(=N)c3ccccc31)CCC2.I,1251.0,
CHEMBL1379683,CC(C)Oc1ccc(CNC(=O)c2ccc3c(c2)N(C)CCS3)cc1,112219.0,
CHEMBL1497927,COc1cc2c(cc1OC)-c1cc(NC3CCCCCCC3)nc(=O)n1CC2,6918.0,
CHEMBL3192393,Brc1ccc(-c2nc(N/N=C/c3cccnc3)c3ccccc3n2)cc1,407.0,
CHEMBL2413440,Nc1ncnc2c1c1cc(-c3ccsc3)ccc1n2[C@@H]1O[C@H](CO)[C@@H](O)[C@H]1O,18800.0,
CHEMBL2036485,O=Cc1cc(O)ccc1O[C@@H]1O[C@H](COC(=O)c2ccccc2)[C@@H](O)[C@H](O[C@@H]2O[C@H](COC(=O)c3ccccc3)[C@@H](O)[C@H](O)[C@H]2O)[C@H]1O,23800.0,
CHEMBL4452785,O=C(O)c1cc(=O)c2ccc(S[C@@H](/C=C/C=C\CCOc3ccc(Cl)c(Cl)c3)[C@H](O)c3cccc(C(F)(F)F)c3)cc2o1,6800.0,
CHEMBL1450150,Cc1ccc(-n2c(N)c(C#N)c(-c3ccc(Cl)cc3)c(C#N)c2=O)cc1,623.2,
CHEMBL2164658,CCOC(=O)c1cc(C)c(O)c(/C=N/Nc2nc3ccccc3[nH]2)c1,48590.0,
CHEMBL2146944,OC[C@H]1O[C@@H](n2c3ccc(-c4ccoc4)cc3c3c(-c4ccco4)ncnc32)[C@H](O)[C@@H]1O,32060.0,
CHEMBL3102941,COc1ccc(-c2cnc3[nH]cc(-c4ccccc4)c3c2)cc1OC,3020.0,
CHEMBL4468127,CC[C@H](C)[C@H](NC(=O)[C@H](Cc1c[nH]c2ccccc12)NC(=O)[C@@H](NC(=O)[C@H](CCC(=O)O)NC(=O)[C@@H](NC(=O)[C@H](CCCNC(=N)N)NC(=O)[C@H](CCC(N)=O)NC(=O)[C@@H](NC(=O)[C@H](Cc1cnc[nH]1)NC(=O)[C@H](CCCCN)NC(=O)[C@H](Cc1c[nH]c2ccccc12)NC(=O)[C@H](C)NC(=O)CNC(=O)[C@H](CCC(=O)O)NC(=O)[C@H](CO)NC(=O)[C@H](CO)NC(=O)[C@H](CCSC)NC(=O)[C@H](Cc1c[nH]c2ccccc12)NC(=O)[C@@H](NC(=O)[C@H](CCC(=O)O)NC(=O)[C@@H](NC(=O)[C@H](CCCNC(=N)N)NC(=O)[C@@H](NC(=O)[C@H](CCC(=O)O)NC(=O)[C@H](CC(C)C)NC(=O)CNC(=O)[C@H](CCSC)NC(=O)CNC(=O)[C@@H](NC(=O)[C@H](Cc1cnc[nH]1)NC(=O)[C@@H]1CCCN1C(=O)[C@@H](NC(=O)[C@H](CC(C)C)NC(=O)[C@H](C)NC(=O)[C@@H](NC(=O)[C@@H](N)CO)C(C)C)C(C)C)C(C)C)[C@@H](C)O)[C@@H](C)O)[C@@H](C)O)C(C)C)[C@@H](C)CC)[C@H](C)O)C(=O)N[C@@H](CC(C)C)C(=O)N[C@@H](CCCNC(=N)N)C(=O)N[C@@H](Cc1cnc[nH]1)C(=O)N1CCC[C@H]1C(=O)NCC(=O)O,24000.0,
CHEMBL4074725,COc1ccc(-c2csc(NC(=O)c3cc(C(C)(C)C)cc(C(C)(C)C)c3)n2)cc1,1600.0,
CHEMBL1214186,Nc1ncnc2c1ncn2[C@@H]1O[C@H](C[C@@H](N)CC[C@H](N)C(=O)O)[C@@H](O)[C@H]1O,30.0,
CHEMBL2220442,CC(C)n1c(/C=C/C(O)CC(O)CC(=O)O)c(-c2ccc(F)cc2)c2ccccc21,1820.0,
CHEMBL4641308,O=c1c(-c2ccccc2)ccc2sc3ccc(OC4CCCCC4)cc3n12,,
CHEMBL4645960,CCCCCC(=O)N[C@H](C(=O)NCCN)c1ccc(OCc2ccccc2)cc1,,
CHEMBL4648935,CCCCCC(=O)N[C@H](C(=O)NCc1ccc(CN(C)C)cc1)c1ccc(OCc2ccccc2)cc1,,
CHEMBL4641686,CCCCCC(=O)N[C@H](C(=O)Nc1ccc(NC(=N)N)cc1)c1ccc(OCc2ccccc2)cc1.O=C(O)C(F)(F)F,,
CHEMBL4632939,N=C(N)Nc1ccc(CNC(=O)[C@@H](NC(=O)c2ccccc2)c2ccc(OCc3ccccc3)cc2)cc1.O=C(O)C(F)(F)F,,
CHEMBL4451460,O=C(NCCOc1ccccc1)c1nc(N2CCOCC2)nc(Nc2cccc(O)c2)c1CO,62100.0,
CHEMBL3335493,CC(C)(C)[C@H](NC(=O)[C@H](CCCCN)NC(=O)[C@H](CCCNC(=N)N)NC(=O)c1ccccc1)C(N)=O,137200.0,
CHEMBL4649859,CCCCCC(=O)N[C@H](C(=O)NCc1ccc(NC(=N)N)cc1)c1ccc(OCc2c(Cl)cccc2Cl)cc1.O=C(O)C(F)(F)F,,
CHEMBL4647630,CCCCCC(=O)N[C@H](C(=O)N[C@@H](CCCCN)C(N)=O)c1ccc(OCc2ccccc2)cc1,,
CHEMBL4802111,CCCCCC(=O)N[C@H](C(=O)NCc1ccc(CNC(=N)N)cc1)c1ccc(OCc2ccccc2)cc1.O=C(O)C(F)(F)F,14000.0,
CHEMBL4633691,CCCCCC(=O)N[C@H](C(=O)NCc1ccc(C(=O)NN)cc1)c1ccc(OCc2ccccc2)cc1,,
CHEMBL4641383,CCCCCCCC(=O)N[C@H](C(=O)NCc1ccc(NC(=N)N)cc1)c1ccc(OCc2ccccc2)cc1.O=C(O)C(F)(F)F,4800.0,
CHEMBL4636584,N=C(N)NCc1ccc(CNC(=O)[C@H](NC(=O)c2ccc(Oc3ccccc3)cc2)c2ccc(OCc3ccc(Cl)c(Cl)c3)cc2)cc1.O=C(O)C(F)(F)F,2500.0,
CHEMBL32926,O=c1oc2ccccc2c(O)c1C1c2ccccc2Oc2c1c(=O)oc1ccccc21,18890.0,
CHEMBL4847952,N=C(N)NCCC[C@H](NC(=O)c1ccccc1)C(=O)N[C@@H](CCCCN)C(=O)N[C@@H](C(=O)NCc1ccc(C(N)=O)cc1)c1ccc(OCc2ccccc2)cc1,400.0,
CHEMBL3793940,CC(=O)OC(C)(C)CC[C@@H](O)[C@](C)(O)[C@H]1CC[C@@]2(O)C3=CC(=O)[C@@H]4C[C@@H](O)[C@@H](O)C[C@]4(C)[C@H]3[C@H](O)C[C@]12C,19610.0,
CHEMBL1336637,COC(=O)c1[nH]c2cc(OC)ccc2c1NC(=O)CN1CCOCC1,112219.0,
CHEMBL1544047,COC(=O)C(O)(c1cn(C)c2ccccc12)C(F)(F)F,112219.0,
CHEMBL1544272,CCOc1ccc(-c2nc(CCl)cs2)cc1.Cl,112219.0,
CHEMBL1573221,N#CC1=C(N)C(C#N)(C#N)C(c2cccnc2)C2CN(C(=O)OCc3ccccc3)CC=C12,15625.0,
CHEMBL1611714,CC(C)CC(=O)Nc1cccc(NC(=O)c2ccccc2Cl)c1,2388.0,
CHEMBL1416653,Cn1c(S)nnc1-c1cnn(-c2ccccc2)c1N,4852.0,
CHEMBL1573366,O=C(/C=C/Nc1ccc(F)cc1Br)c1ccccc1,3369.0,
CHEMBL1387309,O=C(Nc1ccccc1)OCc1cc(-c2ccccc2Cl)on1,112219.0,
CHEMBL1404803,CCOC(=O)c1c(NC(=O)c2c(C)noc2C)sc2c1CCCCC2,112219.0,
CHEMBL1544685,Cc1csc(NC(=O)c2cn3ccccc3n2)n1,4853.0,
CHEMBL3213781,COc1ccc(/C=N\NC(=O)c2ccc(F)cc2)cc1COc1ccccc1C(N)=O,112219.0,
CHEMBL1325478,O=C(Nc1nnc(-c2cccnc2)s1)c1cccs1,112219.0,
CHEMBL3199254,CSc1ccc(/C=N/NC(=O)c2cc(O)cc(O)c2)cc1,10005.0,
CHEMBL1377834,COc1ccc(C2=NN(C(=O)CSC3=NN4CCCC(=O)N=C4S3)C(c3cccc(OC)c3OC)C2)cc1,112219.0,
CHEMBL1447703,O=C(c1cc2cc(F)ccc2[nH]1)N1CCN(Cc2ccc3c(c2)OCO3)CC1,112219.0,
CHEMBL1330076,COc1cccc(-c2nc(-c3cccs3)no2)c1,112219.0,
CHEMBL1560698,O=C(CSc1ccc(-c2ccco2)nn1)c1ccccc1,112219.0,
CHEMBL1455066,Cl.OC(CNCc1ccc(Cl)c(Cl)c1)c1ccccc1,19011.0,
CHEMBL1482223,COc1ccc2cc(C(=O)N3CCN(Cc4ccc5c(c4)OCO5)CC3)[nH]c2c1,112219.0,
CHEMBL1386322,Cc1ccsc1/C=C1\CCc2ccccc2C1=O,2430.0,
CHEMBL1543364,Cc1ccccc1C1CC(c2ccccc2OC(F)F)Nc2ncnn21,112219.0,
CHEMBL3196809,Cc1c(O)ccc(/C=N/Nc2ncccc2[N+](=O)[O-])c1O,1121.0,
CHEMBL1404116,Cc1cc(=O)oc2cc(OCCSCCN3CCCC3)ccc12,112219.0,
CHEMBL1450616,O=C1CC(Sc2nnnn2-c2ccccc2)C(=O)N1c1cccc(Cl)c1,19121.0,
CHEMBL1387610,c1ccc(-c2noc(-c3ccc4c(c3)OCO4)n2)nc1,1103.0,
CHEMBL1556623,Cc1c(C(=O)N2CCCC2)sc(NC(=O)c2cccc(Cl)c2)c1C#N,112219.0,
CHEMBL1371479,CCOC(=O)c1ccc2nc(NC(=O)c3cccs3)sc2c1,10689.0,
CHEMBL1595861,Cc1ccc(NC(=O)c2cc(S(=O)(=O)N3CCOCC3)cn2C)c(C)c1,112219.0,
CHEMBL1400773,COc1ccc(C(N)=O)cc1NC(=O)c1cccc(F)c1,112219.0,
CHEMBL1412754,Cc1cccc(NC(=O)CNC(=O)COC(=O)CCS(=O)(=O)c2ccccc2)c1C,112219.0,
CHEMBL1413193,COCCN1CN=C(Nc2nc3ccccc3o2)NC1,112219.0,
CHEMBL1461383,Cc1cc(C)c(C)c(OCC(O)CN2CCN(c3ccccn3)CC2)c1.Cl,112219.0,
CHEMBL1500807,Cc1nn(C(C)C(=O)N2CCc3ccccc3C2)c(=O)c2cc3occc3n12,112219.0,
CHEMBL1978607,Cc1cccc(/N=C/c2sc3ccccc3c2O)n1,22102.0,
CHEMBL1300624,NC(=O)C1(N2CCCCC2)CCN(C(=O)Nc2ccccc2C(F)(F)F)CC1,112219.0,
CHEMBL546344,Cl.Nc1nc(Nc2ccc(Cl)cc2)nc2ccccc12,2367.0,
CHEMBL1380879,O=C1NC(=O)N(Cc2ccco2)C(=O)/C1=C/NC1CC1,112219.0,
CHEMBL1341067,CN1C(=O)/C(=C/c2cn(CC(=O)N3CCCCC3)c3ccccc23)c2ccccc21,112219.0,
CHEMBL1381263,O=S(=O)(c1ccc(F)cc1)N(Cc1ccco1)Cc1cc2ccccc2nc1O,112219.0,
CHEMBL1368846,C=CCN(C(=O)CCC(=O)O)C1CC(=O)N(c2ccc(OC)cc2)C1=O,112219.0,
CHEMBL1366712,O=C(Nc1cccc(O)c1)c1noc2c1CCc1ccccc1-2,8293.0,
CHEMBL1550917,O=C(NCc1ccco1)c1ccc(-c2ccccc2Cl)o1,112219.0,
CHEMBL1394773,COc1ccccc1CC(=O)NNC(=O)CN(C)S(=O)(=O)c1ccc(Cl)cc1,112219.0,
CHEMBL1441315,Cc1cc(S(=O)(=O)ON2C(=O)c3ccccc3C2=O)ccc1F,112219.0,
CHEMBL1374660,O=C(CN1C(=O)NC2(CCCCCC2)C1=O)c1ccccc1,112219.0,
CHEMBL1402126,COc1ccc(CCNC(=O)c2cc3c(=O)n4ccccc4nc3n(Cc3ccco3)c2=N)cc1OC,44042.0,
CHEMBL1605437,CC(C)COc1ccc(C(=O)Nc2ccc(NC(=O)c3ccco3)c(Cl)c2)cc1,112219.0,
CHEMBL1519965,COc1ccc(-c2cc3nc(C)n(N)c(=O)c3s2)cc1,443.0,
CHEMBL1344378,Cc1cc(NC(=O)c2cc3ncc(Br)cn3n2)no1,112219.0,
CHEMBL1304314,CCCc1cc(=O)oc2c(C)c(OCC(=O)Nc3ccc(CN4CCOCC4)cc3)ccc12,112219.0,
CHEMBL1493085,Nc1ccn(-c2ccc(Cl)cc2)c(=O)c1,112219.0,
CHEMBL1609763,CC(C)(C)C1CCc2c(sc(NC(=O)c3cc(C4CC4)on3)c2C#N)C1,23135.0,
CHEMBL1541436,COc1ccc(NC(=O)CN2C(=O)C(c3ccccc3)=NC23CCCCCC3)cc1,112219.0,
CHEMBL1454010,Cc1onc(C(=O)Nc2ccc3c(c2)OCO3)c1[N+](=O)[O-],112219.0,
CHEMBL1571642,COC(=O)c1[nH]c2ccc(Cl)cc2c1NC(=O)CN1CCc2cc(OC)c(OC)cc2C1,112219.0,
CHEMBL1323348,CCOC(=O)C1=NN(C(=O)Nc2ccc(OC)cc2)C2C(=O)N(c3cccc(C(F)(F)F)c3)C(=O)C12,27164.0,
CHEMBL1493607,CSc1ccc(/C=C2\C(=N)N3N=C(CC(=O)N4CCOCC4)SC3=NC2=O)cc1,112219.0,
CHEMBL1375740,O=C(Nc1nc2ccccc2[nH]1)c1ccccc1F,1129.0,
CHEMBL1442280,O=C(NC(c1ccc(Cl)cc1)c1cc(Cl)c2cccnc2c1O)c1cccnc1,112219.0,
CHEMBL1323405,Cc1ccc2nc(NC(=O)CN3C(=O)NC4(CCCC4)C3=O)sc2c1,112219.0,
CHEMBL1493777,CCc1nnc(NC(=O)[C@@H](NC(=O)c2ccc(OC)cc2)C(C)C)s1,112219.0,
CHEMBL2000321,C/C(=N\NC(=O)c1ccc2c(c1)OCCO2)c1ccccc1,2975.0,
CHEMBL1395528,CC(Oc1ccccc1Cl)C(=O)Nc1ccc(S(=O)(=O)N2CCCC2)cc1,112219.0,
CHEMBL1305898,COc1ccc(-c2cc(C(F)(F)F)nc(SCC(=O)NCCN3CCOCC3)n2)cc1OC,47903.0,
CHEMBL1554376,Cc1nc2sccn2c(=O)c1S(=O)(=O)N1CCN(c2ccc(F)cc2)CC1,112219.0,
CHEMBL1528570,CCN(CC)c1ccc(/C=C(\C#N)C(N)=S)cc1,112219.0,
CHEMBL1464431,CCCCNC(=O)Nc1ccc(Br)cn1,112219.0,
CHEMBL1376303,COc1ccc(-n2c(C)c(C(C)=O)c(C(C)=O)c2C)cc1OC,112219.0,
CHEMBL1306132,COc1ccc(N=Nc2n(C)c3ccccc3[n+]2C)cc1.O=S(=O)([O-])c1ccccc1,738.0,
CHEMBL3542231,CC[C@H](C)[C@H]1O[C@]2(CC[C@@H]1C)C[C@@H]1C[C@@H](C/C=C(\C)[C@@H](O[C@H]3C[C@H](O[C@H]4C[C@H](OC)[C@@H](O)[C@H](C)O4)[C@@H](OC)[C@H](C)O3)[C@@H](C)/C=C/C=C3\CO[C@@H]4[C@H](O)C(C)=C[C@@H](C(=O)O1)[C@]34O)O2,1200.0,
CHEMBL1602976,COc1cccc(C(=O)NCc2ccc3c(c2)cc(C)n3C)c1,21253.0,
CHEMBL4553551,NS(=O)(=O)c1ccc(Nc2nc(N3CCOCC3)nc3c2CN(CCOc2ccccc2)C3=O)cc1,12200.0,
CHEMBL3335505,C#CCC(NC(=O)[C@H](CCCCN)NC(=O)[C@H](CCCNC(=N)N)NC(=O)c1ccccc1)C(N)=O,17500.0,
CHEMBL3335514,CC[C@H](C)[C@H](NC(=O)[C@H](CCCCN)NC(=O)[C@H](CCCNC(=N)N)NC(=O)c1ccccc1)C(N)=O,28200.0,
CHEMBL549789,CC(C)CC[C@@H](O)[C@](C)(O)[C@H]1CC[C@@]2(O)C3=CC(=O)[C@@H]4C[C@@H](O)[C@@H](O)C[C@]4(C)[C@H]3CC[C@]12C,100000.0,
CHEMBL438605,C[C@@]1(O)[C@H](O)[C@@H](CO)O[C@H]1n1ccc(N)nc1=O,11200.0,
CHEMBL4438239,CN[C@@H]1[C@@H](O)[C@@H](O[C@@H]2[C@@H](O)[C@H](O[C@H]3C[C@H](C(C)O)[C@@H](O)[C@H](O)[C@H]3N)[C@@H](N)C[C@H]2N)OC[C@]1(C)O.O=S(=O)(O)O.O=S(=O)(O)O,3.0,
CHEMBL4438239,CN[C@@H]1[C@@H](O)[C@@H](O[C@@H]2[C@@H](O)[C@H](O[C@H]3C[C@H](C(C)O)[C@@H](O)[C@H](O)[C@H]3N)[C@@H](N)C[C@H]2N)OC[C@]1(C)O.O=S(=O)(O)O.O=S(=O)(O)O,2.0,
CHEMBL4447800,Cc1ccc2nc(-c3ccc4nc(-c5ccc(NC(=O)c6ccc7nc(-c8ccc(N)cc8)sc7c6)cc5)sc4c3)sc2c1S(=O)(=O)O.N,7100.0,
CHEMBL4447800,Cc1ccc2nc(-c3ccc4nc(-c5ccc(NC(=O)c6ccc7nc(-c8ccc(N)cc8)sc7c6)cc5)sc4c3)sc2c1S(=O)(=O)O.N,1500.0,
CHEMBL4288440,OC[C@H]1O[C@@H](n2c3ccc(Cl)cc3c3c(-c4ccco4)ncnc32)[C@@H](O)[C@@H]1O,50000.0,
CHEMBL4860057,NCCCC[C@H](NC(=O)c1ccccc1)C(=O)N[C@H](Cc1ccc(N)cc1)C(=O)NCc1ccc(OCc2ccccc2)cc1,35800.0,
CHEMBL4538323,C[C@@H](c1ccc(Cl)cc1)n1nnc2c1NC(=O)C[C@]21C(=O)N(CCN(C)C)c2ccc(Cl)cc21,6000.0,
CHEMBL4459375,C[C@@H](c1ccc(Cl)cc1)n1nnc2c1NC(=O)C[C@]21C(=O)N(CCN(C)CCS(C)(=O)=O)c2ccc(Cl)cc21,5000.0,
CHEMBL4576872,C#CCN1C(=O)[C@]2(CC(=O)Nc3c2nnn3[C@@H](C)c2ccc(Cl)cc2)c2cc(Cl)ccc21,5000.0,
CHEMBL2110737,CCCC(=O)O[C@H]1CN2CC[C@H](O)[C@@H]2[C@@H](O)[C@@H]1O,200.0,
CHEMBL4460831,OC[C@@H]1[C@@H](O)[C@H](O)[C@@H](O)CN1CCCCC1CCCCC1,1500.0,
CHEMBL4461527,COc1ccc(-c2cnc3[nH]cc(C#Cc4ccccc4)c3c2)cc1OC,5640.0,
CHEMBL4448513,COc1ccc(-c2cnc3[nH]cc(C#Cc4cccc(C#N)c4)c3c2)cc1OC,10200.0,
CHEMBL4467064,C[C@@H](c1ccc(Cl)cc1)n1nnc2c1NC(=O)C[C@]21C(=O)N(CCN2CCN(C)CC2)c2ccc(Cl)cc21,30.0,
CHEMBL4465077,COCCCN1C(=O)[C@]2(CC(=O)Nc3c2nnn3[C@@H](C)c2ccc(Cl)cc2)c2cc(Cl)ccc21,5000.0,
CHEMBL4845724,Fc1cccc(Nc2nc(NCCOc3ccccc3)nc3[nH]cnc23)c1,12000.0,
CHEMBL4853068,CNc1nc(Nc2cccc(C(=O)OC)c2)c2nc[nH]c2n1,18000.0,
CHEMBL605959,N#Cc1c(NC(=O)c2cccc(S(=O)(=O)Nc3ccc(C(=O)O)cc3)c2)sc2c1CCCC2,17640.0,
CHEMBL2036490,O=C(OC[C@H]1O[C@@H](Oc2ccc(O)cc2COC(=O)c2cccc(O)c2O)[C@H](OC(=O)c2ccccc2)[C@@H](O)[C@@H]1O)c1ccccc1,9500.0,
CHEMBL1568578,CCn1c(=O)c([N+](=O)[O-])c(NCCc2ccc(OC)c(OC)c2)c2ccccc21,112219.0,
CHEMBL408850,COc1ccc2nc(NC(=O)c3ccoc3C)sc2c1,468.0,
CHEMBL1339911,O=C(Nc1ccccc1F)c1cnc(O)nc1O,112219.0,
CHEMBL1409752,O=S1(=O)CCN(Cc2csc(-c3cccs3)n2)CC1,17855.0,
CHEMBL1455604,O=C(Nc1ccc(Cl)cc1)OCc1cc(-c2ccccc2Cl)on1,112219.0,
CHEMBL1465861,CNC(=O)/C(C#N)=C/c1ccc(-c2nc3ccccc3s2)o1,112219.0,
CHEMBL3211930,COc1ccc(C(=O)Nc2ccccc2C(=O)N/N=C/c2ccncc2)cc1OC,564.0,
CHEMBL1439717,N=C(NOC(=O)c1ccccc1Cl)c1cccnc1,112219.0,
CHEMBL1490160,O=C(Nc1ccc(S(=O)(=O)NCc2ccco2)cc1)c1ccc(F)cc1,112219.0,
CHEMBL3207928,CC(C)=C(NC(=O)c1ccccc1)C(=O)N/N=C/c1ccc(O)cc1,112219.0,
CHEMBL1381932,CCOC(=O)Nc1ccc2c(COC(=O)CNS(=O)(=O)c3cccc(Br)c3)cc(=O)oc2c1,112219.0,
CHEMBL2004186,CCOc1ccc(/C=N/NC(=O)c2ccoc2C)cc1OC,6035.0,
CHEMBL1302515,O=C(Nc1ccc(C(=O)N2CCN(c3ccc(Cl)cc3)CC2)cc1)C1=CSCCO1,112219.0,
CHEMBL1558033,O=C(CN(Cc1ccccc1Cl)C(=O)c1ccc(CN2CCOCC2)o1)NCc1ccccc1,62606.0,
CHEMBL1458858,O=C(CCl)Nc1ccccc1C(=O)Nc1ccc2c(c1)OCO2,27698.0,
CHEMBL1566932,COc1ccc(C2NC(=O)c3[nH]nc(C)c32)c(OC)c1,2827.0,
CHEMBL1528106,CCOC(=O)c1[nH]nc(-c2c(O)cc(C)cc2O)c1-c1csc(C)n1,112219.0,
CHEMBL1359989,CCS(=O)(=O)Nc1ccc(-c2nnc(SCC(=O)OC)o2)cc1,6334.0,
CHEMBL1528618,N#CCCN(C(=O)COC(=O)CCc1c[nH]c2ccccc12)c1ccc(F)cc1,45680.0,
CHEMBL1381194,CCCCn1c(N)c(N(Cc2ccccc2OC)C(=O)C(C)Oc2ccc(Cl)cc2)c(=O)[nH]c1=O,112219.0,
CHEMBL1333533,COc1ccc(NC(=O)CSc2ccccn2)c([N+](=O)[O-])c1,112219.0,
CHEMBL1302889,COC(=O)c1c(-c2cccnc2)csc1NC(=O)c1ccc2c(c1)OCO2,8113.0,
CHEMBL1452104,Cc1ccc(C)n1-c1ccc(C(=O)NN=C2CCCC2)cc1,112219.0,
CHEMBL1558310,COc1ncnc2sc(-c3ccccc3)cc12,6332.0,
CHEMBL1492001,COC(=O)c1sccc1NC(=O)Nc1cccc(C)c1,2497.0,
CHEMBL1519387,COc1cccc(-c2cn3nc(C)c(C)nc3n2)c1,6724.0,
CHEMBL1422840,CCn1c(SCC(=O)N(C)c2c(N)n(Cc3ccccc3)c(=O)[nH]c2=O)nc2ccccc21,112219.0,
CHEMBL1556210,C=C(C)CC1(NC(C)c2ccccc2)CCCCC1,112219.0,
CHEMBL1370281,CCOC(=O)C1(Cc2cccc(OC)c2)CCN(CC=C(C)C)CC1,21442.0,
CHEMBL3192773,N/C(=N\N=C\c1ccc(O)c(O)c1)c1nonc1N,1737.0,
CHEMBL1498862,COC(=O)c1c(NC(=O)C2CC(=O)NN2Cc2ccccc2)sc(C)c1C,112219.0,
CHEMBL1459767,COC(=O)c1nn(-c2ccc3c(c2)CCN3C(C)=O)cc1O,1062.0,
CHEMBL1320389,COc1ccc(-c2csc(CCn3nc(C)cc3C)n2)cc1,112219.0,
CHEMBL1604565,Cc1[nH]c2ccccc2c1C(=O)CSc1nncn1C,112219.0,
CHEMBL1604790,O=[N+]([O-])c1ccc(N=Nc2ccc(O)cc2O)cc1,3005.0,
CHEMBL1329761,O=C(CCc1ccccc1)Nc1nncs1,112219.0,
CHEMBL1342654,CCOC(=O)c1ccc(COC(=O)c2ccc(-c3nnc(-c4ccccc4)o3)cc2)o1,8766.0,
CHEMBL1412749,O=C(CCN1C(=O)C2C3CCC(C3)C2C1=O)Nc1ccccc1Cl,112219.0,
CHEMBL1578331,CC1=[N+]([O-])C(C)(C)N(O)C1(C)C,112219.0,
CHEMBL3212753,COc1c(/C=N/NC(=O)c2ccccc2O)c(CCN(C)C(C)=O)cc2c1OCO2,112219.0,
CHEMBL1330058,O=C(Oc1ccc(-c2nc(-c3ccccn3)no2)cc1)c1ccccc1,475.0,
CHEMBL1333973,COCCN(C(=O)COC(=O)CCc1nc2ccccc2s1)c1c(N)n(Cc2ccccc2)c(=O)[nH]c1=O,112219.0,
CHEMBL1558550,COc1cccc(NC(=O)c2cccs2)c1,112219.0,
CHEMBL1409939,O=C(O)c1ccc(COc2cccc(CO)c2)cc1,4376.0,
CHEMBL1423319,COC(=O)c1[nH]c2cccc(OC)c2c1NC(=O)CN1CCOCC1,112219.0,
CHEMBL1497122,CCOc1cc2[nH]c(=S)n(CCC(=O)NCc3ccco3)c(=O)c2cc1OCC,112219.0,
CHEMBL1448184,CCC(=O)Nc1nnc(SCC(=O)NCCc2ccc(OC)c(OC)c2)s1,112219.0,
CHEMBL1328504,COc1ccc(NC(=O)c2cc([N+](=O)[O-])ccc2O)cc1,2150.0,
CHEMBL1477386,COc1ccc(OC)c(CNC(=O)c2coc(=O)c3ccccc23)c1,19499.0,
CHEMBL3208736,O=C(O)c1ccc(/C=N\Nc2ccccn2)cc1,2545.0,
CHEMBL1339683,O=C(COC(=O)c1[nH]nc2ccccc12)Nc1cccc(S(=O)(=O)N2CCOCC2)c1,112219.0,
CHEMBL1453561,O=C(CCCn1nnc2ccccc2c1=O)N[C@H](C(=O)O)c1ccccc1,112219.0,
CHEMBL1502328,O=C(CN1C(=O)c2cccc3cccc1c23)N1CCN(c2cccc(Cl)c2)CC1,112219.0,
CHEMBL1463050,O=C(CCCN1C(=O)/C(=C/c2ccccc2Cl)SC1=S)NNC(=O)c1ccc(Cl)cc1Cl,112219.0,
CHEMBL1571574,COc1cccc2oc3ccc(C#Cc4ccccn4)cc3c(=O)c12,5099.0,
CHEMBL1453996,CN1CCN(c2ccc(-c3ccc4ccccc4n3)cc2)CC1,1664.0,
CHEMBL1408307,Br.CCCSc1ccc2nc(-c3ccccc3)cn2c1,2137.0,
CHEMBL1570658,O=C(/C=C/c1ccccc1Cl)Nc1ccncc1,26724.0,
CHEMBL1353666,CC(Oc1ccc(F)cc1)C(=O)Nc1ccccc1N1CCCCC1,20958.0,
CHEMBL1353917,O=C(CN(CCN1CCOCC1)C(=O)Cn1nnc(-c2ccc(F)cc2)n1)NC1CCCCC1,112219.0,
CHEMBL2440159,CCCC[C@H](NC(=O)[C@H](CCCCN)NC(=O)[C@H](CCCNC(=N)N)NC(=O)c1ccc(/C=C2\SC(=S)N(Cc3ccc(OC)cc3)C2=O)cc1)C(N)=O,37300.0,
CHEMBL2440353,CCCC[C@H](NC(=O)[C@H](CCCCN)NC(=O)[C@H](CCCNC(=N)N)NC(=O)c1ccc(/C=C2\SC(=O)N(C3CCCC3)C2=O)cc1)C(N)=O,44900.0,
CHEMBL2440352,CCCC[C@H](NC(=O)[C@H](CCCCN)NC(=O)[C@H](CCCNC(=N)N)NC(=O)c1ccc(/C=C2\SC(=O)N(CCCC)C2=O)cc1)C(N)=O,50000.0,
CHEMBL2440179,CCCC[C@H](NC(=O)[C@H](CCCCN)NC(=O)[C@H](CCCNC(=N)N)NC(=O)c1ccc(/C=C2\SC(=O)NC2=O)cc1)C(N)=O,50000.0,
CHEMBL2440357,CCCC[C@H](NC(=O)[C@H](CCCCN)NC(=O)[C@H](CCCNC(=N)N)NC(=O)c1ccc(/C=C2\SC(=O)N(CCOC(C)=O)C2=O)cc1)C(N)=O,4800.0,
CHEMBL164,O=c1c(O)c(-c2cc(O)c(O)c(O)c2)oc2cc(O)cc(O)c12,29300.0,
CHEMBL3339382,Cc1ccc(NC(=O)c2nc[nH]c2C(=O)Nc2ccc(F)cc2)c(-c2cc(C)n[nH]2)c1,2500.0,
CHEMBL2440347,CCCC[C@H](NC(=O)[C@H](CCCCN)NC(=O)[C@H](CCCNC(=N)N)NC(=O)c1ccc(/C=C2\SC(=O)N(CCc3ccccc3)C2=O)cc1)C(N)=O,37200.0,
CHEMBL2440346,CCCC[C@H](NC(=O)[C@H](CCCCN)NC(=O)[C@H](CCCNC(=N)N)NC(=O)c1ccc(/C=C2\SC(=O)N(Cc3ccc(Cl)cc3)C2=O)cc1)C(N)=O,41100.0,
CHEMBL2440345,CCCC[C@H](NC(=O)[C@H](CCCCN)NC(=O)[C@H](CCCNC(=N)N)NC(=O)c1ccc(/C=C2\SC(=O)N(Cc3ccc(F)cc3)C2=O)cc1)C(N)=O,2900.0,
CHEMBL3763384,COc1ccc(C(c2c(O)c3ccccc3oc2=O)c2c(O)c3ccccc3oc2=O)cc1CSc1nc2ccccc2s1,11800.0,
CHEMBL3763557,COc1ccc(C(c2c(O)c3ccccc3oc2=O)c2c(O)c3ccccc3oc2=O)cc1COc1ccc(NC(C)=O)cc1,19870.0,
CHEMBL3919119,N=C(N)NCCC[C@H](NC(=O)[C@H](Cc1ccc(CN)cc1)NC(=O)c1ccccc1)B(O)O,66.0,
CHEMBL4864411,N/C(=N\O)c1cccc(-c2ccc3c(c2)c2cc(-c4cccc(/C(N)=N/O)c4)ccc2n3S(=O)(=O)c2ccccc2Br)c1,7600.0,
CHEMBL4879110,N=C(N)c1cccc(-c2ccc3c(c2)c2cc(-c4cccc(C(=N)N)c4)ccc2n3S(=O)(=O)c2cccc(OC(F)(F)F)c2)c1,8100.0,
CHEMBL4869190,N/C(=N\O)c1cccc(-c2ccc3c(c2)c2cc(-c4cccc(/C(N)=N/O)c4)ccc2n3S(=O)(=O)c2cccc(Br)c2)c1,2400.0,
CHEMBL3194273,CN(C)c1ccc(/C=N/Nc2nncc3ccccc23)cc1,2365.0,
CHEMBL515239,COC(=O)[C@H](O)[C@H]1C(C)(C)[C@H](O)[C@@H]2CC3=C4CC(=O)O[C@@H](c5ccco5)[C@]4(C)CC[C@@H]3[C@@]1(C)C2=O,3500.0,
CHEMBL3604361,Nc1ncc(F)c2c1ncn2[C@@H]1C=C(CO)[C@@H](O)[C@H]1O,7100.0,
CHEMBL4205665,COc1cc(NC(C(=O)c2c[nH]c3ccccc23)c2cccnc2)cc(OC)c1,173.0,
CHEMBL1630219,C#C[C@@]1(O)[C@H](O)[C@@H](CO)O[C@H]1n1cc(C(N)=O)c2c(N)ncnc21,2000.0,
CHEMBL4209093,COc1cccc(NC(C(=O)c2c[nH]c3ccccc23)c2ccncc2)c1,138.0,
CHEMBL98123,COc1ccc(Cc2nccc3cc(OC)c(OC)cc23)cc1OC.Cl,8857.0,
CHEMBL4061079,N=C(N)NCCC[C@@H]1NC(=O)[C@H](CCCNC(=N)N)NC(=O)[C@H]2CCCN2C(=O)[C@@H](Cc2ccccc2)NC(=O)[C@H](CO)NC(=O)[C@H](Cc2ccc(-c3ccccc3)cc2)NC(=O)[C@H](CO)NC(=O)[C@H](CCCCN)NC1=O,108100.0,
CHEMBL4102410,C[C@@H]1NC(=O)[C@H](CS)NC(=O)[C@H](CCc2ccccc2)NC(=O)[C@H](CO)NC(=O)[C@H](CCCCN)NC(=O)[C@H](CCCNC(=N)N)NC(=O)[C@H](CCCCN)NC(=O)CNC1=O,9200.0,
CHEMBL4065582,C[C@@H]1NC(=O)[C@H](CS)NC(=O)CNC(=O)[C@H](C)NC(=O)[C@H](CCCCN)NC(=O)[C@H](CCCNC(=N)N)NC(=O)[C@H](CCCCN)NC(=O)CNC1=O,200000.0,
CHEMBL4081875,N=C(N)NCCC[C@@H]1NC(=O)[C@H](CCCNC(=N)N)NC(=O)[C@@H](CCCNC(=N)N)NC(=O)[C@@H](Cc2ccc3ccccc3c2)NC(=O)[C@H](Cc2ccccc2)NC(=O)[C@H](CCc2ccccc2)NC(=O)[C@@H](Cc2ccccc2)NC(=O)[C@H](CCCCN)NC1=O,4600.0,
CHEMBL4081376,N=C(N)NCCC[C@@H]1NC(=O)[C@H](CCCNC(=N)N)NC(=O)[C@@H](CCCNC(=N)N)NC(=O)[C@@H](Cc2ccccc2)NC(=O)[C@H](Cc2cccc3ccccc23)NC(=O)[C@H](CCc2ccccc2)NC(=O)[C@H](CO)NC(=O)[C@H](CCCCN)NC1=O,23200.0,
CHEMBL4099397,N=C(N)NCCC[C@@H]1NC(=O)[C@H](CCCNC(=N)N)NC(=O)[C@@H](CCCNC(=N)N)NC(=O)[C@@H](CCCNC(=N)N)NC(=O)[C@H](CO)NC(=O)[C@H](Cc2ccc(-c3ccccc3)cc2)NC(=O)[C@H](CO)NC(=O)[C@H](CCCCN)NC1=O,141100.0,
CHEMBL3604362,Nc1ncc(F)c2c1ncn2[C@@H]1C=C(CCO)[C@@H](O)[C@H]1O,15000.0,
CHEMBL150,O=c1c(O)c(-c2ccc(O)cc2)oc2cc(O)cc(O)c12,37800.0,
CHEMBL1358666,O=C(NNS(=O)(=O)c1ccccc1)c1cccnc1,112219.0,
CHEMBL1528998,COC(=O)C1(C(F)(F)F)N=C2Sc3ccccc3N2C(N2CCOCC2)=N1,112219.0,
CHEMBL8260,O=c1cc(-c2ccccc2)oc2cc(O)c(O)c(O)c12,6.46,
CHEMBL1398602,O=C(O)c1ccc(-c2noc(-c3ccccc3F)n2)cc1,1605.0,
CHEMBL7747,O=C(/C=C/c1ccc(O)cc1)c1ccccc1,701.0,
CHEMBL1304945,Cn1c(=O)c2c(nc(CN3CCOCC3)n2CC(=O)c2ccccc2)n(C)c1=O,39035.0,
CHEMBL495,CCCCC[C@H](O)/C=C/[C@H]1[C@H](O)CC(=O)[C@@H]1CCCCCCC(=O)O,88.0,
CHEMBL3741422,N=C(N)NCCC[C@H](NC(=O)c1ccccc1)C(=O)N[C@@H](CCCCN)C(=O)N[C@@H](C(N)=O)c1ccc(OCc2ccccc2)cc1,16000.0,
CHEMBL4649399,CCCCC(=O)N[C@H](C(=O)NCc1ccc(NC(=N)N)cc1)c1ccc(OCc2ccccc2)cc1.O=C(O)C(F)(F)F,2800.0,
CHEMBL418899,C[C@@]1(O)[C@H](O)[C@@H](CO)O[C@H]1n1cnc2c(=O)[nH]c(N)nc21,8140.0,
CHEMBL418899,C[C@@]1(O)[C@H](O)[C@@H](CO)O[C@H]1n1cnc2c(=O)[nH]c(N)nc21,13600.0,
CHEMBL3941938,Nc1cc(C(F)(F)F)ccc1NC(=O)Nc1ccc(S(=O)(=O)Nc2ccc(C(=O)O)cc2)cc1,110000.0,
CHEMBL2413445,CCCCc1cccc2c1c1c(N)ncnc1n2[C@@H]1O[C@H](CO)[C@@H](O)[C@H]1O,14800.0,
CHEMBL2413435,Nc1ncnc2c1c1ccccc1n2[C@@H]1O[C@H](CO)[C@@H](O)[C@H]1O,39600.0,
CHEMBL4648830,O=C(NCc1ccc(O)cc1)c1cc(-c2ccccc2)c(=O)n2c1sc1ccc(OC3CCCCC3)cc12,,
CHEMBL4640172,CCCCCC(=O)N[C@H](C(=O)NCc1ccc(NC(=N)N)cc1)c1ccccc1.O=C(O)C(F)(F)F,,
CHEMBL4641816,CCCCCC(=O)N[C@H](C(=O)NCc1ccc(NC(=N)N)cc1)c1ccc(OCc2ccc(C(F)(F)F)cc2)cc1.O=C(O)C(F)(F)F,3000.0,
CHEMBL4635643,CCCCCC(=O)N[C@H](C(=O)NCc1ccc(NC(=N)N)cc1)c1ccc(OCc2ccc(C#N)cc2)cc1.O=C(O)C(F)(F)F,,
CHEMBL4210531,COc1cccc(NC(C(=O)c2c[nH]c3ccccc23)c2cccnc2)c1,138.0,
CHEMBL4211058,COc1cc(NC(C(=O)c2c[nH]c3cc(CCN(C)C)ccc23)c2ccccc2)cc(OC)c1,2000.0,
CHEMBL1940606,O=C(O)CCC[C@H](/C=C/c1ccccc1)c1c(O)cc2c(c1O)C(=O)C[C@@H](c1ccccc1)O2,27000.0,
CHEMBL1940600,O=C(O)CCCC(/C=C/c1ccccc1)c1c(O)c2c(c(C(/C=C/c3ccccc3)CCCC(=O)O)c1O)OC(c1ccccc1)CC2=O,2400.0,
CHEMBL5425658,COc1cccc(/C=C/c2nc3ccc(N4CCOCC4)cc3c(=O)n2-c2cccc(C(C)(C)C)c2)n1,210.0,
CHEMBL4444527,COc1ccc(-c2cnc3[nH]cc(NC(=O)c4ccccc4)c3c2)cc1OC,4070.0,
CHEMBL4524476,COc1ccc(-c2cnc3[nH]cc(NC(=O)c4ccc(F)cc4)c3c2)cc1OC,8340.0,
CHEMBL4635666,CCCCCCc1cn(-c2ccc(NC(=O)Nc3ccccc3C(F)(F)F)cc2)nn1,2700.0,
CHEMBL4536890,C[C@@H](c1ccc(Cl)cc1)n1nnc2c1NC(=O)C[C@]21C(=O)N(CCF)c2ccc(Cl)cc21,5000.0,
CHEMBL4434650,COc1cccc(CN2C(=O)[C@]3(CC(=O)Nc4c3nnn4[C@@H](C)c3ccc(Cl)cc3)c3cc(Cl)ccc32)c1,830.0,
CHEMBL4467064,C[C@@H](c1ccc(Cl)cc1)n1nnc2c1NC(=O)C[C@]21C(=O)N(CCN2CCN(C)CC2)c2ccc(Cl)cc21,300.0,
CHEMBL4593413,C[C@@H](c1ccc(Cl)cc1)n1nnc2c1NC(=O)C[C@]21C(=O)N(CCCCCCCCCCN(C)C)c2ccc(Cl)cc21,3500.0,
CHEMBL4440476,O=C1OCc2c(Nc3cccc(O)c3)nc(N3CCOCC3)nc21,128000.0,
CHEMBL1877532,Cc1ccc(S(=O)(=O)Nc2cc(SCC(=O)O)c(O)c3ccccc23)cc1[N+](=O)[O-],970.0,
CHEMBL3344305,CC(=O)N1N=C(c2cc(-c3ccccc3)nc3ccccc23)OC1c1ccc(C(=O)O)cc1,12500.0,
CHEMBL3628276,N=C(N)Nc1ccc(C[C@H](NC(=O)c2ccc(C(F)(F)F)cc2)C(=O)N[C@@H](CCCCN)C(=O)N[C@H](C(N)=O)c2ccccc2)cc1,690.0,
CHEMBL2164633,NS(=O)(=O)c1ccc(N/N=C/c2cc(C(=O)N/N=C/c3cccc(O)c3)c3ccccc3n2)cc1,7830.0,
CHEMBL573289,C#Cc1c(C(N)=O)ncn1[C@@H]1O[C@H](CO)[C@@H](O)[C@H]1O,38.0,
CHEMBL4645917,COc1cc(-c2cnc3c(N4C[C@@H](C)O[C@@H](C)C4)snc3c2)ccc1C(=O)O,10000.0,
CHEMBL224128,CC(C)(O)CC[C@@H](O)[C@](C)(O)[C@H]1CC[C@@]2(O)C3=CC(=O)[C@@H]4C[C@@H](O)[C@@H](O)C[C@]4(C)[C@H]3CC[C@]12C,53550.0,
CHEMBL2348371,CC(C)(C)C(=O)N(CCCCCCN1C[C@H](O)[C@@H](O)[C@H](O)[C@H]1CO)C1C2CC3CC(C2)CC1C3,125.0,
CHEMBL1877532,Cc1ccc(S(=O)(=O)Nc2cc(SCC(=O)O)c(O)c3ccccc23)cc1[N+](=O)[O-],740.0,
CHEMBL176599,O=C(O)c1cnc2c([N+](=O)[O-])cccc2c1O,100000.0,
CHEMBL1346923,COc1ccccc1NC(=O)c1cc2n(n1)C(C(F)(F)F)CC(c1ccc3c(c1)OCO3)N2,112219.0,
CHEMBL38434,Cc1c(-c2ccc(-c3ccccc3F)cc2)nc2ccc(F)cc2c1C(=O)O,78.0,
CHEMBL1604913,CCOC(=O)C1=C(C)NC(=O)NC1,5874.0,
CHEMBL5080811,CN1C[C@H]2C[C@@H](C1)c1ccc([N+](=O)[O-])c(=O)n1C2,1374.0,
CHEMBL5076961,C=CCNC(=S)N1C[C@H]2C[C@@H](C1)c1cccc(=O)n1C2,315.0,
CHEMBL4435541,N=C(N)NCCC[C@H](NC(=O)c1ccccc1)C(=O)N[C@@H](CCCCN)C(=O)N[C@@H](C(=O)N[C@H]1CN(c2ccccc2)C1=O)c1ccc(OCc2ccccc2)cc1,2300.0,
CHEMBL5094408,CN1C[C@H]2C[C@@H](C1)c1ccc(NCc3cn(C)c(=O)n(C)c3=O)c(=O)n1C2,1843.0,
CHEMBL5076961,C=CCNC(=S)N1C[C@H]2C[C@@H](C1)c1cccc(=O)n1C2,7510.0,
CHEMBL5094408,CN1C[C@H]2C[C@@H](C1)c1ccc(NCc3cn(C)c(=O)n(C)c3=O)c(=O)n1C2,237.0,
CHEMBL1643,NC(=O)c1ncn([C@@H]2O[C@H](CO)[C@@H](O)[C@H]2O)n1,4000.0,
CHEMBL4533005,CCCCc1cn(-c2cccc(S(=O)(=O)Nc3ccccc3O)c2)nn1,1600.0,
CHEMBL4526128,O=C(N[C@@H](Cc1ccc(O)cc1)C(=O)O)c1cc(-c2ccccc2)c(=O)n2c1sc1ccc(OC3CCCCC3)cc12,2100.0,
CHEMBL4641825,COc1cccc(-c2ccc3nsc(N4C[C@@H](C)O[C@@H](C)C4)c3n2)c1,10000.0,
CHEMBL4649859,CCCCCC(=O)N[C@H](C(=O)NCc1ccc(NC(=N)N)cc1)c1ccc(OCc2c(Cl)cccc2Cl)cc1.O=C(O)C(F)(F)F,2900.0,
CHEMBL4634622,CC(=O)N[C@H](C(=O)NCc1ccc(NC(=N)N)cc1)c1ccc(OCc2ccccc2)cc1.O=C(O)C(F)(F)F,,
CHEMBL4634176,N=C(N)Nc1ccc(CNC(=O)[C@@H](NC(=O)c2ccc(OCc3ccc(Cl)cc3)cc2)c2ccc(OCc3ccccc3)cc2)cc1.O=C(O)C(F)(F)F,2200.0,
CHEMBL4871109,Fc1cc(F)cc(NNc2nc(NCCOc3ccccc3)nc3[nH]cnc23)c1,,
CHEMBL4873306,Fc1cccc(/N=N/c2nc(NCCOc3ccccc3)nc3[nH]cnc23)c1,4000.0,
CHEMBL4643096,COc1cc(-c2cnc3c(N4C[C@@H](C)O[C@@H](C)C4)snc3c2)ccc1C(=O)N1CCCC1,8850.0,
CHEMBL5076961,C=CCNC(=S)N1C[C@H]2C[C@@H](C1)c1cccc(=O)n1C2,100.0,
CHEMBL5077292,Cn1cc(CNc2ccc3n(c2=O)C[C@@H]2C[C@H]3CN(C(=O)Nc3ccccc3)C2)c(=O)n(C)c1=O,100.0,
CHEMBL3417270,[N-]=[N+]=N[C@]1(COP(=O)(O)OP(=O)(O)OP(=O)(O)O)O[C@@H](n2ccc(N)nc2=O)[C@H](O)[C@@H]1O,360.0,
CHEMBL4129286,CC(C)OC(=O)[C@H](C)N[P@](=O)(OC[C@@]1(F)O[C@@H](n2ccc(=O)[nH]c2=O)[C@](C)(O)[C@@H]1O)Oc1ccccc1,1100.0,
CHEMBL4634176,N=C(N)Nc1ccc(CNC(=O)[C@@H](NC(=O)c2ccc(OCc3ccc(Cl)cc3)cc2)c2ccc(OCc3ccccc3)cc2)cc1.O=C(O)C(F)(F)F,,
CHEMBL4641720,O=C(N[C@@H](Cc1cccc(O)c1)C(=O)O)c1cc(-c2ccccc2)c(=O)n2c1sc1ccc(OC3CCCCC3)cc12,5900.0,
CHEMBL4537775,N=C(N)NCCC[C@H](NC(=O)c1ccccc1)C(=O)N[C@@H](CCCCN)C(=O)N[C@@H](C(=O)N[C@H]1CN(c2cccc(F)c2)C1=O)c1ccc(OCc2ccccc2)cc1,1900.0,
CHEMBL2164646,O=C(NCCCCc1ccccc1)c1cc(/C=N/Nc2cccc(Br)c2)nc2ccccc12,100000.0,
CHEMBL2164639,O=C(N/N=C\C=C\c1ccccc1)c1cc(/C=N/Nc2cccc([N+](=O)[O-])c2)nc2ccccc12,21960.0,
CHEMBL2164638,O=C(N/N=C\Cc1ccccc1)c1cc(/C=N/Nc2cccc(Br)c2)nc2ccccc12,9450.0,
CHEMBL2164651,CCOC(=O)c1cc(/C=N/Nc2ccc([N+](=O)[O-])cc2)c(O)c(/C=N/Nc2ccc([N+](=O)[O-])cc2)c1,14580.0,
CHEMBL311226,O[C@H]1[C@H](O)[C@@H](O)CN2CC[C@H](O)[C@H]12,28000.0,
CHEMBL4452943,COc1ccc(C[C@H]2C(=O)N[C@@H](CCCCN)C(=O)N(C)[C@@H](Cc3ccccc3)C(=O)N[C@@H](CCCCN)C(=O)N(C)[C@@H](CO)C(=O)N(C)[C@@H](Cc3ccc(OC)cc3)C(=O)N[C@@H](CCCCN)C(=O)N(C)[C@@H](Cc3ccc(OC)cc3)C(=O)N(C)[C@@H](Cc3ccc(OC)cc3)C(=O)N[C@@H](CCCCN)C(=O)N[C@H](C(N)=O)CSCC(=O)N[C@@H](Cc3ccc(O)cc3)C(=O)N2C)cc1,1700.0,
CHEMBL4589938,CC(C)C[C@@H]1NC(=O)[C@H]([C@@H](C)O)NC(=O)[C@H](Cc2ccc(O)cc2)NC(=O)CSC[C@@H](C(N)=O)NC(=O)[C@H](Cc2ccccc2)NC(=O)[C@H](Cc2ccccc2)NC(=O)[C@H]([C@@H](C)O)NC(=O)CN(C)C(=O)[C@H](CC(N)=O)NC(=O)[C@H](Cc2cnc[nH]2)NC(=O)[C@H](Cc2ccccc2)NC(=O)[C@@H]2CCCN2C1=O,20000.0,
CHEMBL4476608,CN(C(=O)[C@H](CCCNC(=N)N)NC(=O)c1ccccc1)[C@@H](CCCCN)C(=O)N[C@@H](C(N)=O)c1ccccc1,,
CHEMBL4436496,Nc1cc(N)c(/N=N/c2ccc(S(=O)(=O)Nc3nccs3)cc2)cc1/N=N/c1ccc(S(=O)(=O)Nc2nccs2)cc1,2750.0,
CHEMBL52606,C=C[C@@]1(C)CC(=O)[C@]2(O)[C@@]3(C)[C@@H](O)CCC(C)(C)[C@@H]3[C@H](O)[C@H](OC(C)=O)[C@@]2(C)O1,88.0,
CHEMBL1257013,OC[C@H]1O[C@@H](n2cnc3c(NCCc4ccccc4)ncnc32)[C@H](O)[C@@H]1O,893.0,
CHEMBL1643,NC(=O)c1ncn([C@@H]2O[C@H](CO)[C@@H](O)[C@H]2O)n1,1.6,
CHEMBL304087,COc1cc(NC(=O)Nc2cccc(CNC(=O)O[C@H]3CCOC3)c2)ccc1-c1cnco1,8000.0,
CHEMBL215226,CN[C@@H]1[C@@H](O)[C@@H](O[C@@H]2[C@@H](O)[C@H](O[C@H]3O[C@H]([C@@H](C)O)[C@@H](O)[C@H](O)[C@H]3N)[C@@H](N)C[C@H]2N)OC[C@]1(C)O,4000.0,
CHEMBL3426586,CN1C(=O)C2(CC(=O)Nc3c2cnn3Cc2ccc(Cl)cc2)c2cc(Cl)ccc21,11.0,
CHEMBL1643,NC(=O)c1ncn([C@@H]2O[C@H](CO)[C@@H](O)[C@H]2O)n1,6660.0,
CHEMBL400092,O[C@H]1[C@H]2c3cc4c(cc3CN3CCC(=C[C@@H]1O)[C@H]23)OCO4,400.0,
CHEMBL4850391,NCc1ccc(-c2ncc(OCC3CCNCC3)nc2-c2ccc(-c3ccoc3)cc2)cc1,590.0,
CHEMBL3357580,CC[C@H](C)C(=O)O[C@@H]1[C@@H]2C(=O)[C@](C)(C3CC[C@]4(C)[C@@H](CC(=O)O[C@H]4c4ccoc4)[C@]34O[C@H]24)[C@@H]([C@@H](O)C(=O)OC)C1(C)C,7200.0,
CHEMBL275938,O=C(O)C1=CC(=C(c2ccc(O)c(C(=O)O)c2)c2ccc(O)c(C(=O)O)c2)C=CC1=O,127000.0,
CHEMBL3344315,O=c1c(OC2O[C@H](CO)[C@@H](O)[C@H](O)[C@H]2O)c(-c2ccc(OC3O[C@H](CO)[C@@H](O)[C@H](O)[C@H]3O)c(O)c2)oc2cc(O)cc(O)c12,1700.0,
CHEMBL205548,N=C(N)Nc1ccc(O[C@H]2C[C@@H](Oc3ccc(NC(=N)N)cc3NC(=N)N)[C@H](NC(=N)N)C[C@@H]2NC(=N)N)c(NC(=N)N)c1,1000.0,
CHEMBL1535689,O=C1c2c(O)ccc([N+](=O)[O-])c2C(=O)c2c([N+](=O)[O-])ccc(O)c21,440.0,
CHEMBL1877532,Cc1ccc(S(=O)(=O)Nc2cc(SCC(=O)O)c(O)c3ccccc23)cc1[N+](=O)[O-],980.0,
CHEMBL1255949,CC(C)C[C@H](NC(=O)[C@H](CCCNC(=N)N)NC(=O)CNC(=O)CNC(=O)[C@@H](N)CCCNC(=N)N)C(=O)N[C@H]1CSSC[C@@H](C(=O)N[C@H](C(=O)NCC(=O)N[C@@H](CCCNC(=N)N)C(N)=O)C(C)C)NC(=O)[C@H](C(C)C)NC(=O)[C@@H]2CSSC[C@H](NC(=O)[C@H](Cc3ccc(O)cc3)NC1=O)C(=O)N[C@@H](CCCNC(=N)N)C(=O)N[C@@H](CCCNC(=N)N)C(=O)N[C@@H](CCCNC(=N)N)C(=O)N[C@@H](Cc1ccccc1)C(=O)N2,11700.0,
CHEMBL2440331,CCCC[C@H](NC(=O)[C@H](CCCCN)NC(=O)[C@H](CCCNC(=N)N)NC(=O)c1cccc(/C=C2\SC(=S)NC2=O)c1)C(N)=O,50000.0,
CHEMBL4516506,Nc1c(C(=O)Nc2nnc(-c3ccccc3)s2)sc2nc3c(cc12)CCCCC3,16.0,
CHEMBL418052,Nc1ncnc2c1ncn2[C@@H]1O[C@H](CSCC[C@H](N)C(=O)O)[C@@H](O)[C@H]1O,490.0,
CHEMBL599410,O=S(=O)(Nc1ccccc1)c1cc(S(=O)(=O)Nc2ccccc2)c2cc(O)ccc2c1,100000.0,
CHEMBL4447821,COc1cc(CN2C(=O)[C@]3(CC(=O)Nc4c3nnn4[C@@H](C)c3ccc(Cl)cc3)c3cc(Cl)ccc32)cc(OC)c1,3100.0,
CHEMBL4513651,C[C@@H](c1ccc(Cl)cc1)n1nnc2c1NC(=O)C[C@]21C(=O)N(CCCCCCCCN(C)C)c2ccc(Cl)cc21,5000.0,
CHEMBL4278035,COc1ncnc2c1c1cc(Cl)ccc1n2[C@@H]1O[C@H](CO)[C@@H](O)[C@@H]1F,50000.0,
CHEMBL4281487,Cc1ncnc2c1c1cc(Cl)ccc1n2[C@@H]1O[C@H](CO)[C@@H](O)[C@@H]1F,50000.0,
CHEMBL4284758,OC[C@H]1O[C@@H](n2c3ccc(Cl)cc3c3c(-c4ccccc4)ncnc32)[C@H](F)[C@@H]1O,50000.0,
CHEMBL4456436,Cc1ccc(S(=O)(=O)NCC(=O)Nc2nc3cc(O)c(O)cc3s2)cc1,23000.0,
CHEMBL4515653,Cc1ccc(S(=O)(=O)N2CCCC[C@@H]2C(=O)Nc2nc3cc(O)c(O)cc3s2)cc1,29000.0,
CHEMBL3741422,N=C(N)NCCC[C@H](NC(=O)c1ccccc1)C(=O)N[C@@H](CCCCN)C(=O)N[C@@H](C(N)=O)c1ccc(OCc2ccccc2)cc1,7940.0,
CHEMBL3628599,CN1CCN(C(=O)c2cccc(Cn3nnc4c3C(=O)c3ccccc3C4=O)c2)CC1,10000.0,
CHEMBL4469492,N=C(N)NCCC[C@H](NC(=O)c1ccccc1)C(=O)N[C@@H](CCCCN)CC(=O)N[C@@H](C(N)=O)c1ccccc1,,
CHEMBL4638781,N=C(N)Nc1ccc(CNC(=O)[C@@H](NC(=O)CC2CCCCC2)c2ccc(OCc3ccccc3)cc2)cc1.O=C(O)C(F)(F)F,,
CHEMBL4640021,N=C(N)Nc1ccc(CNC(=O)[C@@H](NC(=O)Cc2ccc(-c3ccccc3)cc2)c2ccc(OCc3ccccc3)cc2)cc1.O=C(O)C(F)(F)F,20000.0,
CHEMBL3765560,Brc1ccc(-c2nnc(/C=C/c3ccc(Br)s3)o2)cc1,,
CHEMBL3764674,Brc1cccc(-c2nnc(/C=C/c3ccc(Br)s3)o2)c1,4900.0,
CHEMBL3765487,Clc1cccc(-c2nnc(/C=C/c3ccc(Br)s3)o2)c1,,
CHEMBL3765469,Clc1ccc(-c2nnc(/C=C/c3ccc(Br)s3)o2)cc1Cl,,
CHEMBL3763774,FC(F)(F)c1ccc(-c2noc(/C=C/c3ccc(Br)s3)n2)cc1,21000.0,
CHEMBL3765487,Clc1cccc(-c2nnc(/C=C/c3ccc(Br)s3)o2)c1,,
CHEMBL4638250,O=C(O)CCNC(=O)c1cc(-c2ccccc2)c(=O)n2c1sc1ccc(OC3CCCCC3)cc12,23700.0,
CHEMBL4644102,O=C(NCc1ccccc1)c1cc(-c2ccccc2)c(=O)n2c1sc1ccc(OC3CCCCC3)cc12,,
CHEMBL4638250,O=C(O)CCNC(=O)c1cc(-c2ccccc2)c(=O)n2c1sc1ccc(OC3CCCCC3)cc12,11400.0,
CHEMBL4644051,CCCCCC(=O)N[C@H](C(=O)Nc1ccc(CN)cc1)c1ccc(OCc2ccccc2)cc1.O=C(O)C(F)(F)F,,
CHEMBL4638202,CCCCCC(=O)N[C@H](C(=O)NCc1cccc(CN)c1)c1ccc(OCc2ccccc2)cc1,30000.0,
CHEMBL4640040,CCCCCC(=O)N[C@H](C(=O)NCc1ccc(NC(N)=O)cc1)c1ccc(OCc2ccccc2)cc1,,
CHEMBL3335490,N=C(N)NCCC[C@H](NC(=O)c1ccccc1)C(=O)N[C@@H](CCCCN)C(=O)NCC(N)=O,23000.0,
CHEMBL4649657,CCCCCCCCCC(=O)N[C@H](C(=O)NCc1ccc(NC(=N)N)cc1)c1ccc(OCc2ccccc2)cc1.O=C(O)C(F)(F)F,2300.0,
CHEMBL4644972,CCCCCC(=O)N[C@H](C(=O)NCc1ccc(NC(=O)CN)cc1)c1ccc(OCc2ccccc2)cc1,,
CHEMBL4632939,N=C(N)Nc1ccc(CNC(=O)[C@@H](NC(=O)c2ccccc2)c2ccc(OCc3ccccc3)cc2)cc1.O=C(O)C(F)(F)F,,
CHEMBL4634331,N=C(N)Nc1ccc(CNC(=O)[C@@H](NC(=O)c2ccc(Oc3ccccc3)cc2)c2ccc(OCc3ccccc3)cc2)cc1.O=C(O)C(F)(F)F,3000.0,
CHEMBL202885,O=C(c1ccccc1)N1N=C(c2cccs2)CC1c1ccc(Cl)cc1,17000.0,
CHEMBL599013,O=C(O)c1ccccc1/C=N/NC(=O)c1cc(-c2ccco2)nc2ccccc12,4340.0,
CHEMBL4531719,CCCCc1cn(-c2ccc(NC(=O)Nc3ccccc3C)cc2)nn1,2550.0,
CHEMBL4472690,Cc1cc(N2C(=O)C(O)=C(C(=O)c3ccc(C)o3)C2c2cc(Cl)cc(Cl)c2)no1,36000.0,
CHEMBL4641686,CCCCCC(=O)N[C@H](C(=O)Nc1ccc(NC(=N)N)cc1)c1ccc(OCc2ccccc2)cc1.O=C(O)C(F)(F)F,,
CHEMBL4642885,CCCCCC(=O)N[C@@H](C(=O)NCc1ccc(CN)cc1)c1ccc(OCc2ccc(Cl)c(Cl)c2)cc1.O=C(O)C(F)(F)F,,
CHEMBL4646895,COc1cc(-c2cnc3c(N4C[C@@H](C)O[C@@H](C)C4)snc3c2)ccc1C(N)=O,10050.0,
CHEMBL289277,Cc1cc(O)c2c(c1)C(=O)c1cc(O)cc(O)c1C2=O,16870.0,
CHEMBL2440157,CCCC[C@H](NC(=O)[C@H](CCCCN)NC(=O)[C@H](CCCNC(=N)N)NC(=O)c1ccc(/C=C2\SC(=S)N(Cc3ccccc3)C2=O)cc1)C(N)=O,10900.0,
CHEMBL2440173,CCCC[C@H](NC(=O)[C@H](CCCCN)NC(=O)[C@H](CCCNC(=N)N)NC(=O)c1ccc(/C=C2\SC(=S)N(C3CCCCC3)C2=O)cc1)C(N)=O,6100.0,
CHEMBL521487,C[C@@]1(O)[C@H](O)[C@@H](COP(=O)(O)OP(=O)(O)OP(=O)(O)O)O[C@H]1n1ccc(=O)[nH]c1=O,5000.0,
CHEMBL2440166,CCCC[C@H](NC(=O)[C@H](CCCCN)NC(=O)[C@H](CCCNC(=N)N)NC(=O)c1ccc(/C=C2\SC(=S)NC2=O)cc1)C(N)=O,50000.0,
CHEMBL5183196,COc1cc2nc(NC(=O)c3ccccc3Sc3ccc(C(F)(F)F)cc3)sc2cc1OC,2500.0,
CHEMBL4522006,O=C(Nc1nc2cc(O)c(O)cc2s1)c1ccccc1Sc1ccc(C(F)(F)F)cc1,3000.0,
CHEMBL1458891,Cc1ccc(C2=NC(=O)/C(=C/c3cc(O)c(O)c(Br)c3)S2)cc1,6900.0,
CHEMBL4521110,C[C@@H](c1ccc(Cl)cc1)n1nnc2c1NC(=O)C[C@]21C(=O)N(CC2CC2)c2ccc(Cl)cc21,17.0,
CHEMBL4476758,C[C@@H](c1ccc(Cl)cc1)n1nnc2c1NC(=O)C[C@]21C(=O)N(Cc2ccc(Cl)cc2)c2ccc(Cl)cc21,6500.0,
CHEMBL4292112,OC[C@H]1O[C@@H](n2c3ccc(Cl)cc3c3c(-c4ccco4)ncnc32)[C@@H](F)[C@@H]1O,10500.0,
CHEMBL4277791,OC[C@H]1O[C@@H](n2c3ccc(Cl)cc3c3c(Cl)ncnc32)[C@H](F)[C@@H]1O,50000.0,
CHEMBL3765487,Clc1cccc(-c2nnc(/C=C/c3ccc(Br)s3)o2)c1,5900.0,
CHEMBL3765002,FC(F)(F)c1ccc(-c2nnc(/C=C/c3ccc(Br)s3)o2)cc1,4800.0,
CHEMBL3765002,FC(F)(F)c1ccc(-c2nnc(/C=C/c3ccc(Br)s3)o2)cc1,,
CHEMBL3765487,Clc1cccc(-c2nnc(/C=C/c3ccc(Br)s3)o2)c1,,
CHEMBL3764653,Clc1ccc(-c2nnc(/C=C/c3ccc(Br)s3)o2)cc1,7000.0,
CHEMBL4456709,CCCCCOCc1c(Nc2cccc(O)c2)nc(N2CCOCC2)nc1C(=O)NCc1ccc(C(F)(F)F)cc1,10900.0,
CHEMBL4574516,O=C1c2nc(N3CCOCC3)nc(Nc3cccc(O)c3)c2CN1Cc1ccccc1,100000.0,
CHEMBL4437334,O=C1C=C/C(=N/Nc2ccc([N+](=O)[O-])cc2Cl)C=C1C(=O)Nc1cccc(Cl)c1,810.0,
CHEMBL4470346,C[C@@H](c1ccc(Cl)cc1)n1nnc2c1NC(=O)C[C@]21C(=O)N(CCCN2CCCCC2)c2ccc(Cl)cc21,5000.0,
CHEMBL4555617,COc1ccc(C[C@H]2C(=O)N[C@@H](Cc3ccccc3)C(=O)N[C@H](C(N)=O)CSCC(=O)N[C@@H](Cc3ccc(O)cc3)C(=O)N[C@@H]([C@@H](C)O)C(=O)N[C@@H](CC(N)=O)C(=O)N[C@@H](Cc3ccccc3)C(=O)N[C@@H](Cc3ccc(O)cc3)C(=O)N[C@@H](CC(C)C)C(=O)N[C@@H](Cc3ccc(O)cc3)C(=O)N3CCC[C@H]3C(=O)N[C@@H](Cc3ccc(O)cc3)C(=O)N2C)cc1,20000.0,
CHEMBL1442185,Cc1ccccc1Cn1nnc2c1C(=O)c1ccccc1C2=O,10000.0,
CHEMBL134204,CO[C@@H]1[C@H](O)[C@@H](CO)O[C@H]1n1cnc2c(=O)[nH][nH]c(=O)c21,30000.0,
CHEMBL516312,N#Cc1ccc(-c2cnc3[nH]cc(NC(=O)c4cccnc4)c3c2)cc1,8370.0,
CHEMBL4515873,COc1ccc(-c2cnc3[nH]cc(NC(=O)c4ccncc4)c3c2)cc1OC,12600.0,
CHEMBL4634164,CCCCCC(=O)N[C@H](C(=O)NCc1ccccc1)c1ccc(OCc2ccccc2)cc1,,
CHEMBL1449264,CCCCC(=O)Nc1cccc(NC(=O)c2ccccc2Br)c1,500000.0,
CHEMBL5092408,CN1C[C@H]2C[C@@H](C1)c1ccc(NCc3ccc(O)cc3)c(=O)n1C2,100.0,
CHEMBL3765280,Fc1cccc(-c2nnc(/C=C/c3ccc(Br)s3)o2)c1,16300.0,
CHEMBL3764461,COc1cccc(-c2nnc(/C=C/c3ccc(Br)s3)o2)c1,20000.0,
CHEMBL3764484,Clc1cccc(-c2noc(/C=C/c3ccc(Br)s3)n2)c1,2500.0,
CHEMBL3335490,N=C(N)NCCC[C@H](NC(=O)c1ccccc1)C(=O)N[C@@H](CCCCN)C(=O)NCC(N)=O,,
CHEMBL4638743,CCCCCC(=O)N[C@@H](C(=O)NCc1ccc(NC(=N)N)cc1)c1ccc(OCc2ccc(Cl)c(Cl)c2)cc1.O=C(O)C(F)(F)F,16000.0,
CHEMBL4646812,N=C(N)Nc1ccc(CNC(=O)[C@@H](NC(=O)c2ccc(OCc3ccccc3)cc2)c2ccc(OCc3ccccc3)cc2)cc1.O=C(O)C(F)(F)F,2100.0,
CHEMBL4646913,CCCCCC(=O)N[C@H](C(=O)Nc1ccc(N)cc1)c1ccc(OCc2ccccc2)cc1.O=C(O)C(F)(F)F,,
CHEMBL4633565,CCCCc1cn(-c2ccc(NC(=O)Nc3ccccc3NS(C)(=O)=O)cc2)nn1,2500.0,
CHEMBL4633761,CCOCc1cn(-c2cccc(S(=O)(=O)Nc3cccc(C(=O)OCC)c3)c2)nn1,4300.0,
CHEMBL3335515,C[C@@H](O)[C@H](NC(=O)[C@H](CCCCN)NC(=O)[C@H](CCCNC(=N)N)NC(=O)c1ccccc1)C(N)=O,98600.0,
CHEMBL3765813,Clc1cccc(-c2nnc(/C=C/c3ccc(-c4ccccc4)s3)o2)c1,,
CHEMBL3763981,O=C(/C=C/c1ccc(-c2ccccc2)s1)Nc1cccc(Cl)c1,400.0,
CHEMBL3810161,O=C(O)Cc1cc(CC(=O)O)cc(-c2ccc(C#CCO)s2)c1,1700.0,
CHEMBL3810405,O=C(O)Cc1cc(CC(=O)O)cc(-c2ccco2)c1,211000.0,
CHEMBL4591917,CCCCc1cn(-c2cccc(S(=O)(=O)Nc3cccc4cnccc34)c2)nn1,2300.0,
CHEMBL4637885,CCOCc1cn(-c2ccc(NC(=O)Nc3cccc(F)c3)cc2)nn1,145000.0,
CHEMBL506569,CC(=O)O[C@H]1C[C@H](O[C@H]2[C@@H](O)C[C@H](O[C@H]3[C@@H](O)C[C@H](O[C@H]4CC[C@@]5(C)[C@H](CC[C@@H]6[C@@H]5C[C@@H](O)[C@]5(C)[C@@H](C7=CC(=O)OC7)CC[C@]65O)C4)O[C@@H]3C)O[C@@H]2C)O[C@H](C)[C@H]1O[C@@H]1O[C@H](CO)[C@@H](O)[C@H](O)[C@H]1O,500.0,
CHEMBL1901079,NC(=O)C1(N2CCCCC2)CCN(C(=O)CSc2nc3ccccc3o2)CC1,203.0,
CHEMBL4575020,C[C@@H](c1ccc(Cl)cc1)n1nnc2c1NC(=O)C[C@]21C(=O)N(Cc2cccnc2)c2ccc(Cl)cc21,5000.0,
CHEMBL4536890,C[C@@H](c1ccc(Cl)cc1)n1nnc2c1NC(=O)C[C@]21C(=O)N(CCF)c2ccc(Cl)cc21,5000.0,
CHEMBL4648145,CC(C)CCc1cn(-c2ccc(NC(=O)Nc3cccc(F)c3)cc2)nn1,2500.0,
CHEMBL4640027,CCCCc1cn(-c2ccc(NC(=O)Nc3cccc(F)c3)cc2)nn1,10500.0,
CHEMBL2348372,CC(C)(C)C(=O)N(CCCCCCN1C[C@H](O)[C@@H](O)[C@H](O)[C@H]1CO)C1CCCCCCC1,800.0,
CHEMBL1173475,O.O=c1c(O)c(-c2ccc(O)c(O)c2)oc2cc(O)cc(O)c12,35200.0,
CHEMBL2348484,CC1CCCCC1N(CCCCCCN1C[C@H](O)[C@@H](O)[C@H](O)[C@H]1CO)C(=O)OC(C)(C)C,300.0,
CHEMBL2440154,CCCC[C@H](NC(=O)[C@H](CCCCN)NC(=O)[C@H](CCCNC(=N)N)NC(=O)c1ccc(/C=C2\SC(=S)N(c3ccc(OC)cc3)C2=O)cc1)C(N)=O,42500.0,
CHEMBL2440356,CCCC[C@H](NC(=O)[C@H](CCCCN)NC(=O)[C@H](CCCNC(=N)N)NC(=O)c1ccc(/C=C2\SC(=O)N(CCO)C2=O)cc1)C(N)=O,50000.0,
CHEMBL4640656,CCCCCC(=O)N[C@H](C(=O)Nc1ccc2[nH]ncc2c1)c1ccc(OCc2ccccc2)cc1,,
CHEMBL4634206,CCCCCC(=O)N[C@H](C(=O)NCc1ccc(N)cc1)c1ccc(OCc2ccccc2)cc1.O=C(O)C(F)(F)F,,
CHEMBL4640386,CCCCCC(=O)N[C@H](C(=O)NCc1ccc(CN)cc1)c1ccc(OCc2ccccc2)cc1.O=C(O)C(F)(F)F,4900.0,
CHEMBL4642710,N=C(N)Nc1ccc(CNC(=O)[C@@H](NC(=O)c2ccccc2-c2ccccc2)c2ccc(OCc3ccccc3)cc2)cc1.O=C(O)C(F)(F)F,24000.0,
CHEMBL5202407,O=C(Nc1nc2ccc([N+](=O)[O-])cc2s1)c1cccc(Sc2ccc([N+](=O)[O-])cc2)c1,300.0,
CHEMBL3765560,Brc1ccc(-c2nnc(/C=C/c3ccc(Br)s3)o2)cc1,10900.0,
CHEMBL4636692,O=C(N[C@@H](CO)C(=O)O)c1cc(-c2ccccc2)c(=O)n2c1sc1ccc(OC3CCCCC3)cc12,19810.0,
CHEMBL4641720,O=C(N[C@@H](Cc1cccc(O)c1)C(=O)O)c1cc(-c2ccccc2)c(=O)n2c1sc1ccc(OC3CCCCC3)cc12,14470.0,
CHEMBL4645844,O=C(NCCO)c1cc(-c2ccccc2)c(=O)n2c1sc1ccc(OC3CCCCC3)cc12,,
CHEMBL4635939,CCCCCC(=O)N[C@H](C(=O)NCCCCCCNC(=N)N)c1ccc(OCc2ccccc2)cc1,7700.0,
CHEMBL4640965,CCCCCC(=O)N[C@H](C(=O)NCCCCCCN)c1ccc(OCc2ccccc2)cc1,,
CHEMBL4860444,N=C(N)NCCC[C@H](NC(=O)c1ccccc1)C(=O)N[C@@H](CCCCN)C(=O)N[C@@H](C(=O)NCc1ccc(CN)cc1)c1ccc(OCc2ccccc2)cc1,300.0,
CHEMBL3741422,N=C(N)NCCC[C@H](NC(=O)c1ccccc1)C(=O)N[C@@H](CCCCN)C(=O)N[C@@H](C(N)=O)c1ccc(OCc2ccccc2)cc1,400.0,
CHEMBL4858851,N/C(=N\O)c1cccc(-c2ccc3c(c2)c2cc(-c4cccc(/C(N)=N/O)c4)ccc2n3Cc2cc(F)cc(Br)c2)c1,1500.0,
CHEMBL3628263,N=C(N)c1ccc([C@H](NC(=O)c2ccccc2)C(=O)N[C@@H](CCCCN)C(=O)N[C@H](C(N)=O)c2ccccc2)cc1,,
CHEMBL3628265,CC(=O)Nc1ccc(C[C@H](NC(=O)c2ccccc2)C(=O)N[C@@H](CCCCN)C(=O)N[C@H](C(N)=O)c2ccccc2)cc1,,
CHEMBL3628266,NCCCC[C@H](NC(=O)[C@H](Cc1cccnc1)NC(=O)c1ccccc1)C(=O)N[C@H](C(N)=O)c1ccccc1,,
CHEMBL3628270,N=C(N)c1cccc(C[C@H](NC(=O)c2ccccc2)C(=O)N[C@@H](CCCCN)C(=O)N[C@H](C(N)=O)c2ccccc2)c1,3070.0,
CHEMBL3628278,N=C(N)c1ccc(C[C@H](NC(=O)CCc2ccccc2)C(=O)N[C@@H](CCCCN)C(=O)N[C@H](C(N)=O)c2ccccc2)cc1,260.0,
CHEMBL3628279,N=C(N)c1cccc(C[C@H](NC(=O)CCc2ccccc2)C(=O)N[C@@H](CCCCN)C(=O)N[C@H](C(N)=O)c2ccccc2)c1,4110.0,
CHEMBL5080811,CN1C[C@H]2C[C@@H](C1)c1ccc([N+](=O)[O-])c(=O)n1C2,837.0,
CHEMBL5092408,CN1C[C@H]2C[C@@H](C1)c1ccc(NCc3ccc(O)cc3)c(=O)n1C2,10000.0,
CHEMBL3920696,N=C(N)NCCC[C@H](NC(=O)[C@H](Cc1cccc(NC(=N)N)c1)NC(=O)c1ccccc1)C(N)=O,211000.0,
CHEMBL866,COc1c(C)c2c(c(O)c1C/C=C(\C)CCC(=O)O)C(=O)OC2,0.1,
CHEMBL215226,CN[C@@H]1[C@@H](O)[C@@H](O[C@@H]2[C@@H](O)[C@H](O[C@H]3O[C@H]([C@@H](C)O)[C@@H](O)[C@H](O)[C@H]3N)[C@@H](N)C[C@H]2N)OC[C@]1(C)O,6000.0,
CHEMBL1411333,CCCC(=O)Nc1cccc(NC(=O)c2ccccc2Br)c1,4873.0,
CHEMBL5271217,Cl.NNc1ccn([C@@H]2O[C@H](CO)[C@@H](O)[C@H]2O)c(=O)n1,100000.0,
CHEMBL3764484,Clc1cccc(-c2noc(/C=C/c3ccc(Br)s3)n2)c1,9100.0,
CHEMBL3764002,Clc1cc(Cl)cc(-c2nnc(/C=C/c3ccc(Br)s3)o2)c1,12000.0,
CHEMBL3764522,FC(F)(F)c1ccc(-c2nnc(/C=C/c3ccc(-c4ccccc4)s3)o2)cc1,,
CHEMBL3765453,COc1ccc(-c2nnc(/C=C/c3ccc(Br)s3)o2)cc1,,
CHEMBL3764002,Clc1cc(Cl)cc(-c2nnc(/C=C/c3ccc(Br)s3)o2)c1,10000.0,
CHEMBL3764522,FC(F)(F)c1ccc(-c2nnc(/C=C/c3ccc(-c4ccccc4)s3)o2)cc1,,
CHEMBL4854604,FC(F)(F)c1cc(NNc2nc(NCCOc3ccccc3)nc3[nH]cnc23)cc(C(F)(F)F)c1,,
CHEMBL220175,O=C(O)c1ccc(S(=O)(=O)c2ccc(C(=O)O)cc2)cc1,29900.0,
CHEMBL603880,O=C(c1cccc([N+](=O)[O-])c1)c1no[n+]([O-])c1C(=O)c1cccc([N+](=O)[O-])c1,31430.0,
CHEMBL604091,O=C1C(=O)N(Cc2cccnc2)[C@H](c2cccc(Oc3ccccc3)c2)/C1=C(/O)c1ccco1,12840.0,
CHEMBL599598,O=C(N/N=C\c1ccccc1C(=O)O)c1ccc(COc2ccc3ccccc3c2)cc1,100000.0,
CHEMBL598785,Cc1c(CC(=O)N[C@@H](Cc2c[nH]c3ccc(O)cc23)C(=O)O)c(=O)oc2cc3occ(C(C)(C)C)c3cc12,100000.0,
CHEMBL4859071,N/C(=N\O)c1cccc(-c2ccc3c(c2)c2cc(-c4cccc(/C(N)=N/O)c4)ccc2n3CCCCOc2ccc3ccc(=O)[nH]c3c2)c1,8900.0,
CHEMBL5080811,CN1C[C@H]2C[C@@H](C1)c1ccc([N+](=O)[O-])c(=O)n1C2,1126.0,
CHEMBL1454850,Cc1ccc(C2CCN(C(=O)Nc3ccccc3)C2)cc1,112219.0,
CHEMBL1611182,O=[N+]([O-])c1c(Nc2cccc(O)c2)cc(Cl)c2nonc12,4141.0,
CHEMBL1464775,COc1ccc(C2NC(c3ccc(OC)cc3)C([N+](=O)[O-])C(C)(C)C2[N+](=O)[O-])cc1,112219.0,
CHEMBL1404084,Cc1ccc(NC(=O)COc2ccc(C(=O)NCCc3ccccc3)cc2)cc1,112219.0,
CHEMBL1416364,CCc1ccc(C(=O)COC(=O)CNC(=O)c2ccco2)cc1,112219.0,
CHEMBL1347071,CCCCCCCCC[n+]1cccc2c3ccccc3ccc21.[Br-],64722.0,
CHEMBL1337066,CC(Oc1cccc(Cl)c1)C(=O)Nc1ccccc1N1CCCC1,112219.0,
CHEMBL1573883,CCNC(S)=NNC(=O)c1cc(-c2ccc(OCC)cc2)nc2ccccc12,1076.0,
CHEMBL1486494,CCOc1cc2c(cc1C(C)(C)C)NC(=O)CS2,112219.0,
CHEMBL1300067,COc1ccc(CN2CCCC(C(=O)c3cccc(OC(C)C)c3)C2)cc1Cn1cccn1,112219.0,
CHEMBL1509175,Cn1c(=O)[nH]c(=O)c2c1nc(N1CCCCCC1)n2CC(N)=O,112219.0,
CHEMBL1471391,CCN(CC(=O)NCc1ccc(Cl)cc1)C(=O)CSc1ccc(Br)cc1,112219.0,
CHEMBL1314349,CN(C(=O)c1cc(S(=O)(=O)N2CCc3ccccc32)cn1C)C1CCCCC1,112219.0,
CHEMBL1511023,COC(=O)c1c(C)[nH]c(C(=O)OCC(=O)N2c3ccccc3NC(=O)C2(C)C)c1C,112219.0,
CHEMBL3121562,CC(C)(O)[C@@H]1CC[C@](C)([C@H]2[C@@H](O)C[C@@]3(C)[C@@H]4C[C@H](O[C@@H]5O[C@H](CO)[C@@H](O)[C@H](O)[C@H]5O)[C@H]5C(C)(C)[C@@H](O[C@@H]6OC[C@@H](O)[C@H](O)[C@H]6O)CC[C@@]56C[C@@]46CC[C@]23C)O1,1.56,
CHEMBL1438419,CCCC(=O)C1=C(N2CCCCC2)CC(C)(C)C(C(=O)OC)C1=O,112219.0,
CHEMBL1497777,CCOC(=O)N1CCC(NC(=O)CCc2nc(C3=CCN(C)CC3)no2)CC1,112219.0,
CHEMBL1488007,O=C(CSc1nc(-c2ccccc2)cs1)NCc1ccco1,112219.0,
CHEMBL1528032,CCC(C)C(=O)Nc1ncc2c(n1)CC(c1cccs1)CC2=O,112219.0,
CHEMBL1553470,COc1ccc(NC(=O)C2CCCN(c3nn4c(=O)cc(C)nc4s3)C2)cc1,112219.0,
CHEMBL1558162,COc1cccc(OCCNC(=O)c2cccc(OC)c2)c1,112219.0,
CHEMBL1491862,Cc1cc(NC(=O)/C=C/c2cccc(Cl)c2)n(-c2nc3ccccc3[nH]2)n1,49697.0,
CHEMBL1383281,COC(=O)c1sccc1NC(=O)Nc1ccc(OC)cc1,1327.0,
CHEMBL1343565,Cc1ccc(C(=O)ONc2ccc(N=O)cc2)cc1,2687.0,
CHEMBL1459024,COc1ccc(-c2nnc3n(CCc4ccccc4)c(=O)c4ccccc4n23)c(OC)c1,112219.0,
CHEMBL1498744,O=C(Cn1cnc2c(cnn2-c2ccccc2)c1=O)OCc1ccccc1,112219.0,
CHEMBL1989090,C(=N/Nc1nc2ccccc2[nH]1)\c1ccccn1,4150.0,
CHEMBL1595734,CC(C)Oc1ccc(N2CC(C(=O)Nc3ccc(N4CCOCC4)cc3)CC2=O)cc1,112219.0,
CHEMBL1411369,COc1cccc(N/C=C/C(=O)c2ccc(OC)c(OC)c2)c1,22828.0,
CHEMBL4871800,COc1cc(Nc2nc(NCCOc3ccccc3)nc3[nH]cnc23)cc(OC)c1OC,,
CHEMBL3335487,N=C(N)NCCC[C@H](NC(=O)c1ccccc1)C(=O)N[C@@H](CCCCN)C(=O)N[C@@H](CO)C(N)=O,30100.0,
CHEMBL4874402,COc1cccc(Cn2c3ccc(-c4cccc(/C(N)=N/O)c4)cc3c3cc(-c4cccc(/C(N)=N/O)c4)ccc32)c1,1800.0,
CHEMBL4854366,N=C(N)c1cccc(-c2ccc3c(c2)c2cc(-c4cccc(C(=N)N)c4)ccc2n3S(=O)(=O)c2cccc(C(F)(F)F)c2)c1,7300.0,
CHEMBL4854672,N/C(=N\O)c1cccc(-c2ccc3c(c2)c2cc(-c4cccc(/C(N)=N/O)c4)ccc2n3S(=O)(=O)c2ccc(Br)c(F)c2)c1,7800.0,
CHEMBL4854249,N/C(=N\O)c1cccc(-c2ccc3c(c2)c2cc(-c4cccc(/C(N)=N/O)c4)ccc2n3Cc2cccc(Br)c2)c1,1100.0,
CHEMBL3339398,O=C(NCc1ccc(-c2cccnc2)cc1)c1nccnc1C(=O)Nc1ccc(F)cc1,2990.0,
CHEMBL3339408,Cc1ccc(NC(=O)c2nccnc2C(=O)NCc2ccccc2-c2ccncc2)cc1,57860.0,
CHEMBL3765813,Clc1cccc(-c2nnc(/C=C/c3ccc(-c4ccccc4)s3)o2)c1,,
CHEMBL3765469,Clc1ccc(-c2nnc(/C=C/c3ccc(Br)s3)o2)cc1Cl,,
CHEMBL3764674,Brc1cccc(-c2nnc(/C=C/c3ccc(Br)s3)o2)c1,,
CHEMBL3763180,O=C(/C=C/c1ccc(Br)s1)Nc1ccc(Cl)c(Cl)c1,40.0,
CHEMBL3809880,COc1cccc(S(=O)(=O)NC(=O)c2cc(-c3ccc(C#CCO)s3)c(Cl)cc2OC)c1,6800.0,
CHEMBL2164630,O=C(O)c1cccc(N/N=C/c2cc(C(=O)NCCCc3ccccc3)c3ccccc3n2)c1,30900.0,
CHEMBL2164641,O=C(N/N=C\Cc1ccccc1)c1cc(/C=N/Nc2cccc(C(F)(F)F)c2)nc2ccccc12,73400.0,
CHEMBL2164631,O=C(O)c1cccc(N/N=C/c2cc(C(=O)NCCCCc3ccccc3)c3ccccc3n2)c1,35280.0,
CHEMBL2164653,CCOC(=O)c1cc(/C=N/NC(=O)Nc2ccccc2)c(O)c(/C=N/NC(=O)Nc2ccccc2)c1,100000.0,
CHEMBL3903339,N=C(N)NCCC[C@H](NC(=O)[C@H](Cc1ccc(NC(=N)N)cc1)NC(=O)c1ccccc1)B(O)O,36.0,
CHEMBL2146844,OC[C@H]1O[C@@H](n2c3ccc(Cl)cc3c3c(-c4ccco4)ncnc32)[C@H](O)[C@@H]1O,238.0,
CHEMBL3335489,C[C@H](NC(=O)[C@H](CCCCN)NC(=O)[C@H](CCCNC(=N)N)NC(=O)c1ccccc1)C(N)=O,35600.0,
CHEMBL3335518,N=C(N)NCCC[C@H](NC(=O)c1ccc(/C=C2\SC(=O)N(C3CCCC3)C2=O)cc1)C(=O)N[C@@H](CCCCN)C(=O)N[C@H](C(N)=O)c1ccccc1,600.0,
CHEMBL3578033,Cc1cn([C@H]2C[C@H](n3nncc3-c3ccccc3)[C@@H](CO[Si](C)(C)C(C)(C)C)O2)c(=O)[nH]c1=O,14000.0,
CHEMBL3578039,Cc1cn([C@H]2C[C@H](n3nncc3C3CCCCC3)[C@@H](CO[Si](C)(C)C(C)(C)C)O2)c(=O)[nH]c1=O,7500.0,
CHEMBL3628268,N#Cc1cccc(C[C@H](NC(=O)c2ccccc2)C(=O)N[C@@H](CCCCN)C(=O)N[C@H](C(N)=O)c2ccccc2)c1,,
CHEMBL3628271,N=C(N)Nc1cccc(C[C@H](NC(=O)c2ccccc2)C(=O)N[C@@H](CCCCN)C(=O)N[C@H](C(N)=O)c2ccccc2)c1,1920.0,
CHEMBL487798,O=C1N[C@@H]2C(=C[C@H](O)[C@@H](O)[C@H]2O)c2cc3c(cc21)OCO3,0.059,
CHEMBL4283000,OC[C@H]1O[C@@H](n2c3ccc(Cl)cc3c3c(Cl)ncnc32)[C@@H](O)[C@@H]1O,17400.0,
CHEMBL4279588,OC[C@H]1O[C@@H](n2c3ccc(Cl)cc3c3c(-c4ccsc4)ncnc32)[C@H](F)[C@@H]1O,50000.0,
CHEMBL3339392,Cc1ccc(NC(=O)c2[nH]cnc2C(=O)Nc2ccc(C)cc2-c2ccco2)cc1,3470.0,
CHEMBL3764867,Cc1ccc2nc(-c3ccc(NC(=O)c4c(O)c5c(n(Cc6ccco6)c4=O)CCCC5)cc3)sc2c1,608230.0,
CHEMBL4474078,COc1ccc(-c2cnc3[nH]cc(C(=O)c4ccccc4)c3c2)cc1OC,1070.0,
CHEMBL3578063,Cc1cn([C@H]2C[C@H](NS(=O)(=O)c3ccc4ccccc4c3)[C@@H](CO[Si](C)(C)C(C)(C)C)O2)c(=O)[nH]c1=O,7400.0,
CHEMBL3810161,O=C(O)Cc1cc(CC(=O)O)cc(-c2ccc(C#CCO)s2)c1,300.0,
CHEMBL3808633,COc1cccc(S(=O)(=O)NC(=O)c2cc(-c3ccc(C#CCO)s3)c(OC)cc2OC)c1,1800.0,
CHEMBL3628267,NCCCC[C@H](NC(=O)[C@H](Cc1cccc(N)c1)NC(=O)c1ccccc1)C(=O)N[C@H](C(N)=O)c1ccccc1,,
CHEMBL3793486,CC(C)CC[C@@H](O)[C@](C)(O)[C@H]1CC[C@@]2(O)C3=CC(=O)[C@@H]4C[C@@H](O)[C@@H](O)C[C@]4(C)[C@H]3[C@H](O)C[C@]12C,9480.0,
CHEMBL3764461,COc1cccc(-c2nnc(/C=C/c3ccc(Br)s3)o2)c1,,
CHEMBL3765002,FC(F)(F)c1ccc(-c2nnc(/C=C/c3ccc(Br)s3)o2)cc1,,
CHEMBL3765453,COc1ccc(-c2nnc(/C=C/c3ccc(Br)s3)o2)cc1,15000.0,
CHEMBL3765813,Clc1cccc(-c2nnc(/C=C/c3ccc(-c4ccccc4)s3)o2)c1,20000.0,
CHEMBL3764175,FC(F)(F)Oc1ccc(-c2noc(/C=C/c3ccc(Br)s3)n2)cc1,32600.0,
CHEMBL3764461,COc1cccc(-c2nnc(/C=C/c3ccc(Br)s3)o2)c1,11100.0,
CHEMBL1458891,Cc1ccc(C2=NC(=O)/C(=C/c3cc(O)c(O)c(Br)c3)S2)cc1,2940.0,
CHEMBL3809130,COc1cc(C)c(S(=O)(=O)NC(C)=O)cc1-c1ccc(C#CCO)s1,2500.0,
CHEMBL3809892,COc1cc(C)c(C(=O)O)cc1-c1ccc(C#CCO)s1,530.0,
CHEMBL3809179,O=C(O)Cc1cc(CC(=O)O)cc(-c2ccc(C#CCCO)s2)c1,29000.0,
CHEMBL597975,O=C(O)c1cccc(NC(=O)c2ccc(CSc3ccc(Br)cc3)cc2)c1,7990.0,
CHEMBL597979,O=S(=O)(O)c1cccc(NNc2ccc(Nc3ccccc3)cc2)c1,100000.0,
CHEMBL597979,O=S(=O)(O)c1cccc(NNc2ccc(Nc3ccccc3)cc2)c1,10240.0,
CHEMBL506247,O=C(OC[C@H]1O[C@@H](OC(=O)c2cc(O)c(O)c(OC(=O)c3cc(O)c(O)c(O)c3)c2)[C@H](OC(=O)c2cc(O)c(O)c(OC(=O)c3cc(O)c(O)c(O)c3)c2)[C@@H](OC(=O)c2cc(O)c(O)c(OC(=O)c3cc(O)c(O)c(O)c3)c2)[C@@H]1OC(=O)c1cc(O)c(O)c(OC(=O)c2cc(O)c(O)c(O)c2)c1)c1cc(O)c(O)c(OC(=O)c2cc(O)c(O)c(O)c2)c1,130.0,
CHEMBL4642379,CCOCc1cn(-c2cccc(S(=O)(=O)Nc3cccc(C(=O)O)c3)c2)nn1,7000.0,
CHEMBL4644986,O=C1OC2(c3ccc(O)cc3Oc3cc(O)ccc32)c2cc(NC(=S)NCCOCc3cn(-c4cccc(S(=O)(=O)Nc5ccccc5C(F)(F)F)c4)nn3)ccc21,28200.0,
CHEMBL477382,C=C1C(=O)OC(CCCCCCCC)C1C(=O)O,5700.0,
CHEMBL2110737,CCCC(=O)O[C@H]1CN2CC[C@H](O)[C@@H]2[C@@H](O)[C@@H]1O,220.0,
CHEMBL1789789,Cc1cc(NCCCN(C)C)c2ccc3c(ccc4c(NCCCN(C)C)cc(C)nc43)c2n1,400.0,
CHEMBL4569882,COc1ccc(/C=C\c2cc(OC)c(OC)c(OC)c2)cc1NC(=O)[C@H](CCCNC(=N)N)NC(=O)[C@@H](N)CCCNC(=N)N,6300.0,
CHEMBL4635939,CCCCCC(=O)N[C@H](C(=O)NCCCCCCNC(=N)N)c1ccc(OCc2ccccc2)cc1,,
CHEMBL4644972,CCCCCC(=O)N[C@H](C(=O)NCc1ccc(NC(=O)CN)cc1)c1ccc(OCc2ccccc2)cc1,,
CHEMBL4632524,CCCCCCC(=O)N[C@H](C(=O)NCc1ccc(NC(=N)N)cc1)c1ccc(OCc2ccccc2)cc1.O=C(O)C(F)(F)F,6800.0,
CHEMBL4638781,N=C(N)Nc1ccc(CNC(=O)[C@@H](NC(=O)CC2CCCCC2)c2ccc(OCc3ccccc3)cc2)cc1.O=C(O)C(F)(F)F,9000.0,
CHEMBL285819,Nc1nc(Cl)nc2c1ncn2[C@@H]1O[C@H](CO)[C@@H](O)[C@H]1O,701.0,
CHEMBL1332325,CCC(=O)Nc1cccc(NC(=O)c2ccccc2Br)c1,4324.0,
CHEMBL4534709,COCOCCN1C(=O)[C@]2(CC(=O)Nc3c2nnn3[C@@H](C)c2ccc(Cl)cc2)c2cc(Cl)ccc21,92.0,
CHEMBL4454595,COC(=O)CN1C(=O)C[C@]2(C(=O)Nc3ccc(Cl)cc32)c2nnn([C@@H](C)c3ccc(Cl)cc3)c21,10000.0,
CHEMBL4531468,C[C@@H](c1ccc(Cl)cc1)n1nnc2c1NC(=O)C[C@]21C(=O)N(CCCCCCCCBr)c2ccc(Cl)cc21,5000.0,
CHEMBL4475296,C[C@@H](c1ccc(Cl)cc1)n1nnc2c1NC(=O)C[C@]21C(=O)N(CCN2CCCC2)c2ccc(Cl)cc21,38.0,
CHEMBL4465052,CCCCCCCCCCN1C(=O)[C@]2(CC(=O)Nc3c2nnn3[C@@H](C)c2ccc(Cl)cc2)c2cc(Cl)ccc21,1200.0,
CHEMBL4447223,C[C@@H](c1ccc(Cl)cc1)n1nnc2c1NC(=O)C[C@]21C(=O)N(CCN2CCCCC2)c2ccc(Cl)cc21,5.0,
CHEMBL4483405,CCN1C(=O)[C@]2(CC(=O)Nc3c2nnn3[C@@H](C)c2ccc(Cl)cc2)c2cc(Cl)ccc21,5000.0,
CHEMBL4593413,C[C@@H](c1ccc(Cl)cc1)n1nnc2c1NC(=O)C[C@]21C(=O)N(CCCCCCCCCCN(C)C)c2ccc(Cl)cc21,3500.0,
CHEMBL3765487,Clc1cccc(-c2nnc(/C=C/c3ccc(Br)s3)o2)c1,6000.0,
CHEMBL3764289,O=C(/C=C/c1ccc([N+](=O)[O-])s1)Nc1ccc([N+](=O)[O-])cc1O,1300.0,
CHEMBL3763966,Clc1ccc(-c2noc(/C=C/c3ccc(Br)s3)n2)cc1,2000.0,
CHEMBL3765487,Clc1cccc(-c2nnc(/C=C/c3ccc(Br)s3)o2)c1,4700.0,
CHEMBL3764674,Brc1cccc(-c2nnc(/C=C/c3ccc(Br)s3)o2)c1,5800.0,
CHEMBL3764484,Clc1cccc(-c2noc(/C=C/c3ccc(Br)s3)n2)c1,2600.0,
CHEMBL3763981,O=C(/C=C/c1ccc(-c2ccccc2)s1)Nc1cccc(Cl)c1,400.0,
CHEMBL3809079,COc1cc(C)c(C(=O)NS(=O)(=O)c2ccccc2)cc1-c1ccc(C#CCO)s1,18000.0,
CHEMBL3809880,COc1cccc(S(=O)(=O)NC(=O)c2cc(-c3ccc(C#CCO)s3)c(Cl)cc2OC)c1,7000.0,
CHEMBL4450261,COc1ccc(-c2cnc3[nH]cc(NC(=O)c4cccnc4)c3c2)cc1,4390.0,
CHEMBL226335,C[C@@H]1O[C@@H](OC[C@H]2O[C@@H](Oc3c(-c4ccc(O)c(O)c4)oc4cc(O)cc(O)c4c3=O)[C@H](O)[C@@H](O)[C@@H]2O)[C@H](O)[C@H](O)[C@H]1O,1700.0,
CHEMBL250450,O=c1c(O[C@@H]2O[C@H](CO)[C@@H](O)[C@H](O)[C@H]2O)c(-c2ccc(O)c(O)c2)oc2cc(O)cc(O)c12,42400.0,
CHEMBL3740524,N#Cc1ccc(COc2ccc([C@@H](NC(=O)[C@H](CCCCN)NC(=O)[C@H](CCCNC(=N)N)NC(=O)c3ccccc3)C(N)=O)cc2)cc1,399.0,
CHEMBL3740444,N=C(N)NCCC[C@H](NC(=O)c1ccccc1)C(=O)N[C@@H](CCCCN)C(=O)N[C@@H](C(N)=O)c1ccc(OCc2ccccc2C(F)(F)F)cc1,181.0,
CHEMBL3740226,N=C(N)NCCC[C@H](NC(=O)c1ccccc1)C(=O)N[C@@H](CCCCN)C(=O)N[C@@H](C(N)=O)c1ccc(OCc2c(Cl)cccc2Cl)cc1,151.0,
CHEMBL3739705,N=C(N)NCCC[C@H](NC(=O)c1ccsc1)C(=O)N[C@@H](CCCCN)C(=O)N[C@@H](C(N)=O)c1ccc(OCc2ccccc2)cc1,179.0,
CHEMBL3739737,N=C(N)NCCC[C@H](NC(=O)c1nccs1)C(=O)N[C@@H](CCCCN)C(=O)N[C@@H](C(N)=O)c1ccc(OCc2ccccc2)cc1,99.0,
CHEMBL3740985,N=C(N)NCCC[C@H](NC(=O)c1sccc1Cl)C(=O)N[C@@H](CCCCN)C(=O)N[C@@H](C(N)=O)c1ccc(OCc2ccccc2)cc1,194.0,
CHEMBL3740727,N=C(N)NCCC[C@H](NC(=O)c1nccs1)C(=O)N[C@@H](CCCCN)C(=O)N[C@@H](C(N)=O)c1ccc(OCc2ccc(C(F)(F)F)cc2)cc1,18.0,
CHEMBL3740745,COc1cccc(COc2ccc([C@@H](NC(=O)[C@H](CCCCN)NC(=O)[C@H](CCCNC(=N)N)NC(=O)c3cccs3)C(N)=O)cc2)c1,68.0,
CHEMBL3739888,CC(C)(C)c1ccc(COc2ccc([C@@H](NC(=O)[C@H](CCCCN)NC(=O)[C@H](CCCNC(=N)N)NC(=O)c3cc4sccc4s3)C(N)=O)cc2)cc1,157.0,
CHEMBL3740868,N=C(N)NCCC[C@H](NC(=O)c1cc2ccccc2s1)C(=O)N[C@@H](CCCCN)C(=O)N[C@@H](C(N)=O)c1ccc(OCc2ccc(C(F)(F)F)cc2)cc1,199.0,
CHEMBL3739978,N=C(N)NCCC[C@H](NC(=O)c1cc(-c2ccccc2)cs1)C(=O)N[C@@H](CCCCN)C(=O)N[C@@H](C(N)=O)c1ccc(OCc2c(Cl)cccc2Cl)cc1,129.0,
CHEMBL4635643,CCCCCC(=O)N[C@H](C(=O)NCc1ccc(NC(=N)N)cc1)c1ccc(OCc2ccc(C#N)cc2)cc1.O=C(O)C(F)(F)F,40000.0,
CHEMBL4638581,CCCCCC(=O)N[C@H](C(=O)NCc1ccc(NC(=N)N)cc1)c1ccc(OCc2ccc(C(C)(C)C)cc2)cc1.O=C(O)C(F)(F)F,13000.0,
CHEMBL4642885,CCCCCC(=O)N[C@@H](C(=O)NCc1ccc(CN)cc1)c1ccc(OCc2ccc(Cl)c(Cl)c2)cc1.O=C(O)C(F)(F)F,3100.0,
CHEMBL4648935,CCCCCC(=O)N[C@H](C(=O)NCc1ccc(CN(C)C)cc1)c1ccc(OCc2ccccc2)cc1,6700.0,
CHEMBL4644051,CCCCCC(=O)N[C@H](C(=O)Nc1ccc(CN)cc1)c1ccc(OCc2ccccc2)cc1.O=C(O)C(F)(F)F,,
CHEMBL4638202,CCCCCC(=O)N[C@H](C(=O)NCc1cccc(CN)c1)c1ccc(OCc2ccccc2)cc1,4200.0,
CHEMBL4634101,CCCCCC(=O)N[C@H](C(=O)NCc1ccc(C(=N)N)cc1)c1ccc(OCc2ccccc2)cc1.O=C(O)C(F)(F)F,,
CHEMBL393857,[N-]=[N+]=N[C@]1(CO)O[C@@H](n2ccc(N)nc2=O)[C@H](O)[C@@H]1O,250.0,
CHEMBL3740043,N=C(N)NCCC[C@H](NC(=O)c1cc2ccccc2s1)C(=O)N[C@@H](CCCCN)C(=O)N[C@@H](C(N)=O)c1ccc(OCc2ccccc2)cc1,20450.0,
CHEMBL4289528,Cc1ncnc2c1c1cc(Cl)ccc1n2[C@@H]1O[C@H](CO)[C@@H](O)[C@H]1F,50000.0,
CHEMBL4288155,OC[C@H]1O[C@@H](n2c3ccc(Cl)cc3c3c(-c4cccs4)ncnc32)[C@H](F)[C@@H]1O,50000.0,
CHEMBL4785284,CC(C)(CC(=O)O)NC(=O)c1cc(-c2ccccc2)c(=O)n2c1sc1ccc(OC3CCCCC3)cc12,23200.0,
CHEMBL1214186,Nc1ncnc2c1ncn2[C@@H]1O[C@H](C[C@@H](N)CC[C@H](N)C(=O)O)[C@@H](O)[C@H]1O,41.0,
CHEMBL1214186,Nc1ncnc2c1ncn2[C@@H]1O[C@H](C[C@@H](N)CC[C@H](N)C(=O)O)[C@@H](O)[C@H]1O,30.0,
CHEMBL3339390,Cc1ccc(NC(=O)c2nc[nH]c2C(=O)Nc2ccc(F)cc2)c(-c2ccco2)c1,123600.0,
CHEMBL3339395,Cc1cnc(NC(=O)c2[nH]cnc2C(=O)Nc2ccccc2)c(-c2ccc(C)s2)c1,120000.0,
CHEMBL3764002,Clc1cc(Cl)cc(-c2nnc(/C=C/c3ccc(Br)s3)o2)c1,5000.0,
CHEMBL4576745,N=C(N)NCCC[C@H](NC(=O)c1ccccc1)C(=O)N[C@@H](CCCCN)C(=O)N[C@@H](C(=O)N[C@H]1CN(c2ccc(F)cc2)C1=O)c1ccc(OCc2ccccc2)cc1,2500.0,
CHEMBL4538323,C[C@@H](c1ccc(Cl)cc1)n1nnc2c1NC(=O)C[C@]21C(=O)N(CCN(C)C)c2ccc(Cl)cc21,48.0,
CHEMBL4446551,CC(C)CCN1C(=O)[C@]2(CC(=O)Nc3c2nnn3[C@@H](C)c2ccc(Cl)cc2)c2cc(Cl)ccc21,100.0,
CHEMBL3741422,N=C(N)NCCC[C@H](NC(=O)c1ccccc1)C(=O)N[C@@H](CCCCN)C(=O)N[C@@H](C(N)=O)c1ccc(OCc2ccccc2)cc1,680.0,
CHEMBL4634101,CCCCCC(=O)N[C@H](C(=O)NCc1ccc(C(=N)N)cc1)c1ccc(OCc2ccccc2)cc1.O=C(O)C(F)(F)F,,
CHEMBL4637376,CCCCCC(=O)N[C@@H](C(=O)NCc1ccc(NC(=N)N)cc1)c1ccc(OCc2ccccc2)cc1.O=C(O)C(F)(F)F,,
CHEMBL4636972,CCCCCC(=O)N[C@H](C(=O)NCc1ccc(NC(=N)N)cc1)c1ccc(OCc2cccc(OC)c2)cc1.O=C(O)C(F)(F)F,,
CHEMBL1535,CCN(CCO)CCCC(C)Nc1ccnc2cc(Cl)ccc12,9700.0,
CHEMBL398463,NC(=O)c1ncn([C@@H]2O[C@H](COP(=O)(O)OP(=O)(O)OP(=O)(O)O)[C@@H](O)[C@H]2O)n1,100000.0,
CHEMBL3741088,N=C(N)NCCC[C@H](NC(=O)c1ccccc1)C(=O)N[C@@H](CCCCN)C(=O)N[C@H](C(N)=O)c1ccc(O)cc1,9695.0,
CHEMBL3741620,N=C(N)NCCC[C@H](NC(=O)c1cccc(C=O)c1)C(=O)N[C@@H](CCCCN)C(=O)N[C@@H](C(N)=O)c1ccc(OCc2ccccc2)cc1,164.0,
CHEMBL4635612,CCCCCC(=O)N[C@H](C(=O)NCc1ccncc1)c1ccc(OCc2ccccc2)cc1,,
CHEMBL4643221,N=C(N)Nc1ccc(CNC(=O)[C@@H](NC(=O)c2cccc(Oc3ccccc3)c2)c2ccc(OCc3ccccc3)cc2)cc1.O=C(O)C(F)(F)F,7300.0,
CHEMBL4644102,O=C(NCc1ccccc1)c1cc(-c2ccccc2)c(=O)n2c1sc1ccc(OC3CCCCC3)cc12,,
CHEMBL4641308,O=c1c(-c2ccccc2)ccc2sc3ccc(OC4CCCCC4)cc3n12,,
CHEMBL4633789,O=C(N[C@@H](Cc1ccc(O)cc1)C(=O)O)c1cc(-c2ccccc2)c(=O)n(-c2cccc(OC3CCCCC3)c2)c1,81290.0,
CHEMBL4638250,O=C(O)CCNC(=O)c1cc(-c2ccccc2)c(=O)n2c1sc1ccc(OC3CCCCC3)cc12,6900.0,
CHEMBL4637376,CCCCCC(=O)N[C@@H](C(=O)NCc1ccc(NC(=N)N)cc1)c1ccc(OCc2ccccc2)cc1.O=C(O)C(F)(F)F,9900.0,
CHEMBL4642710,N=C(N)Nc1ccc(CNC(=O)[C@@H](NC(=O)c2ccccc2-c2ccccc2)c2ccc(OCc3ccccc3)cc2)cc1.O=C(O)C(F)(F)F,,
CHEMBL4851607,CC(C)(C)C(=O)OCc1ccc(-c2ncc(OCC3CCNCC3)nc2-c2ccc(COC(=O)C(C)(C)C)cc2)cc1,13400.0,
CHEMBL4877376,Cc1cc(CN)ccc1-c1ncc(OCC2CCNCC2)nc1-c1ccc(CN)cc1C,6300.0,
CHEMBL4860908,CN(C)CCCn1c2ccc(-c3cccc(/C(N)=N/O)c3)cc2c2cc(-c3cccc(/C(N)=N/O)c3)ccc21,,
CHEMBL3808633,COc1cccc(S(=O)(=O)NC(=O)c2cc(-c3ccc(C#CCO)s3)c(OC)cc2OC)c1,48.0,
CHEMBL3810119,COc1cc(OC)c(-c2ccc(C#CCO)s2)cc1C(=O)NS(=O)(=O)c1ccccc1,15000.0,
CHEMBL4865004,O=C(NCC1CCNCC1)c1c[nH]c2cc(-c3ccoc3)c(-c3ccoc3)cc12,3100.0,
CHEMBL1535689,O=C1c2c(O)ccc([N+](=O)[O-])c2C(=O)c2c([N+](=O)[O-])ccc(O)c21,3080.0,
CHEMBL82242,C[C@@H]1O[C@@H](Oc2c(-c3ccc(O)c(O)c3)oc3cc(O)cc(O)c3c2=O)[C@H](O)[C@H](O)[C@H]1O,32000.0,
CHEMBL1429218,c1ccc2[nH]c(-c3nc4ccccc4[nH]3)nc2c1,3245.0,
CHEMBL2440353,CCCC[C@H](NC(=O)[C@H](CCCCN)NC(=O)[C@H](CCCNC(=N)N)NC(=O)c1ccc(/C=C2\SC(=O)N(C3CCCC3)C2=O)cc1)C(N)=O,2500.0,
CHEMBL506569,CC(=O)O[C@H]1C[C@H](O[C@H]2[C@@H](O)C[C@H](O[C@H]3[C@@H](O)C[C@H](O[C@H]4CC[C@@]5(C)[C@H](CC[C@@H]6[C@@H]5C[C@@H](O)[C@]5(C)[C@@H](C7=CC(=O)OC7)CC[C@]65O)C4)O[C@@H]3C)O[C@@H]2C)O[C@H](C)[C@H]1O[C@@H]1O[C@H](CO)[C@@H](O)[C@H](O)[C@H]1O,500.0,
CHEMBL4440832,O=C(Nc1nc2cc(O)c(O)cc2s1)c1ccccc1Oc1ccc2cc(O)ccc2c1,990.0,
CHEMBL1259059,CC(C)OC(=O)[C@H](C)N[P@](=O)(OC[C@H]1O[C@@H](n2ccc(=O)[nH]c2=O)[C@](C)(F)[C@@H]1O)Oc1ccccc1,3800.0,
CHEMBL4646482,CCCCCC(=O)N[C@H](C(=O)NCCCCN)c1ccc(OCc2ccccc2)cc1,,
CHEMBL4640682,CCCCCC(=O)N[C@H](C(=O)NCc1ccc(C#N)cc1)c1ccc(OCc2ccccc2)cc1,,
CHEMBL4848934,NC(=O)c1ccc(-c2ncc(OCC3CCNCC3)nc2-c2ccc(-c3ccoc3)cc2)cc1,980.0,
CHEMBL400092,O[C@H]1[C@H]2c3cc4c(cc3CN3CCC(=C[C@@H]1O)[C@H]23)OCO4,0.24,
CHEMBL4469272,C[C@](NC(=O)[C@H](CCCCN)NC(=O)[C@H](CCCNC(=N)N)NC(=O)c1ccccc1)(C(N)=O)c1ccccc1,600.0,
CHEMBL4847477,COc1ccc(S(=O)(=O)n2c3ccc(-c4cccc(/C(N)=N/O)c4)cc3c3cc(-c4cccc(/C(N)=N/O)c4)ccc32)cc1Br,2400.0,
CHEMBL3763966,Clc1ccc(-c2noc(/C=C/c3ccc(Br)s3)n2)cc1,3000.0,
CHEMBL3809079,COc1cc(C)c(C(=O)NS(=O)(=O)c2ccccc2)cc1-c1ccc(C#CCO)s1,170.0,
CHEMBL4640172,CCCCCC(=O)N[C@H](C(=O)NCc1ccc(NC(=N)N)cc1)c1ccccc1.O=C(O)C(F)(F)F,,
CHEMBL4645091,CCCCCC(=O)N[C@@H](C(=O)NCc1ccc(NC(=N)N)cc1)c1ccc(OCc2ccc(C(F)(F)F)cc2)cc1.O=C(O)C(F)(F)F,6600.0,
CHEMBL4526128,O=C(N[C@@H](Cc1ccc(O)cc1)C(=O)O)c1cc(-c2ccccc2)c(=O)n2c1sc1ccc(OC3CCCCC3)cc12,9164.0,
CHEMBL1877532,Cc1ccc(S(=O)(=O)Nc2cc(SCC(=O)O)c(O)c3ccccc23)cc1[N+](=O)[O-],740.0,
CHEMBL4440832,O=C(Nc1nc2cc(O)c(O)cc2s1)c1ccccc1Oc1ccc2cc(O)ccc2c1,12600.0,
CHEMBL4647929,Cn1cc(C(=O)N[C@@H](Cc2ccc(O)cc2)C(=O)O)cc(-c2ccccc2)c1=O,,
CHEMBL4647929,Cn1cc(C(=O)N[C@@H](Cc2ccc(O)cc2)C(=O)O)cc(-c2ccccc2)c1=O,,
CHEMBL4641720,O=C(N[C@@H](Cc1cccc(O)c1)C(=O)O)c1cc(-c2ccccc2)c(=O)n2c1sc1ccc(OC3CCCCC3)cc12,18100.0,
CHEMBL607863,COc1ccc2c(c1)C(CC(=O)O)CN2Cc1ccccc1,27530.0,
CHEMBL598785,Cc1c(CC(=O)N[C@@H](Cc2c[nH]c3ccc(O)cc23)C(=O)O)c(=O)oc2cc3occ(C(C)(C)C)c3cc12,11920.0,
CHEMBL597965,Cc1ccc(C23CC4CC(CC(C(=O)Nc5cccc(C(=O)O)c5)(C4)C2)C3)cc1,37460.0,
CHEMBL1877532,Cc1ccc(S(=O)(=O)Nc2cc(SCC(=O)O)c(O)c3ccccc23)cc1[N+](=O)[O-],2430.0,
CHEMBL4440832,O=C(Nc1nc2cc(O)c(O)cc2s1)c1ccccc1Oc1ccc2cc(O)ccc2c1,4200.0,
CHEMBL4449100,C[C@@H](c1ccc(Cl)cc1)n1nnc2c1NC(=O)C[C@]21C(=O)N(C)c2ccc(Cl)cc21,19.0,
CHEMBL4538323,C[C@@H](c1ccc(Cl)cc1)n1nnc2c1NC(=O)C[C@]21C(=O)N(CCN(C)C)c2ccc(Cl)cc21,25.0,
CHEMBL4446551,CC(C)CCN1C(=O)[C@]2(CC(=O)Nc3c2nnn3[C@@H](C)c2ccc(Cl)cc2)c2cc(Cl)ccc21,35.0,
CHEMBL4451009,CC#CCN1C(=O)[C@]2(CC(=O)Nc3c2nnn3[C@@H](C)c2ccc(Cl)cc2)c2cc(Cl)ccc21,20.0,
CHEMBL4434650,COc1cccc(CN2C(=O)[C@]3(CC(=O)Nc4c3nnn4[C@@H](C)c3ccc(Cl)cc3)c3cc(Cl)ccc32)c1,87.0,
CHEMBL4572212,C[C@@H](c1ccc(Cl)cc1)n1nnc2c1NC(=O)C[C@]21C(=O)N(CCO)c2ccc(Cl)cc21,10.0,
CHEMBL4536890,C[C@@H](c1ccc(Cl)cc1)n1nnc2c1NC(=O)C[C@]21C(=O)N(CCF)c2ccc(Cl)cc21,9.0,
CHEMBL4555033,C[C@@H](c1ccc(Cl)cc1)n1nnc2c1NC(=O)C[C@]21C(=O)N(CCC(C)(C)C)c2ccc(Cl)cc21,3900.0,
CHEMBL4435899,CC(C)N1C(=O)[C@]2(CC(=O)N(C(C)C)c3c2nnn3[C@@H](C)c2ccc(Cl)cc2)c2cc(Cl)ccc21,3000.0,
CHEMBL4569686,C[C@@H](c1ccc(Cl)cc1)n1nnc2c1NC(=O)C[C@]21C(=O)N(CCc2ccccc2)c2ccc(Cl)cc21,5000.0,
CHEMBL506092,N=C(N)NCCC[C@@H](C=O)NC(=O)[C@H](CCCCN)NC(=O)[C@H](CCCCN)NC(=O)Cc1ccc(-c2ccccc2)cc1,12200.0,
CHEMBL4177143,Cc1cccc(C2CC(c3ccc(Oc4ccccc4)cc3)=NN2c2ccc(S(N)(=O)=O)cc2)c1,9000.0,
CHEMBL4169590,Cc1ccccc1C1CC(c2ccc(OCc3ccccc3)cc2)=NN1c1ccc(S(N)(=O)=O)cc1,22000.0,
CHEMBL5284778,CC(C)C(=O)ONc1ccn([C@@H]2O[C@H](CO)[C@@H](O)[C@H]2O)c(=O)n1,3950.0,
CHEMBL4452870,Cc1cccc(N2C[C@@H](NC(=O)[C@H](NC(=O)[C@H](CCCCN)NC(=O)[C@H](CCCNC(=N)N)NC(=O)c3ccccc3)c3ccc(OCc4ccccc4)cc3)C2=O)c1,16400.0,
CHEMBL5284051,CCOC(=O)[C@H](CC(C)C)Nc1ccn([C@@H]2O[C@H](CO)[C@@H](O)[C@H]2O)c(=O)n1,100000.0,
CHEMBL4518162,COc1ccc(/C=C\c2cc(OC)c(OC)c(OC)c2)cc1NC(=O)[C@H](CO)NC(=O)[C@H](CCCNC(=N)N)NC(=O)[C@H](CCCNC(=N)N)NC(=O)c1ccccc1,25000.0,
CHEMBL3339384,O=C(NCc1ccccc1-c1ccncc1)c1nc[nH]c1C(=O)Nc1ccc(F)cc1,1930.0,
CHEMBL1181020,N#Cc1ccc(OC(=O)c2ccc(NC(=N)N)cc2)cc1,37900.0,
CHEMBL4858938,NCc1ccc(-c2ncc(OCC3CCNCC3)nc2-c2ccc(-c3ccncc3)cc2)cc1,50000.0,
CHEMBL467903,CC(=O)N1c2ccccc2NC2=C(C(=O)CC(C)(C)C2)C1c1ccc(Cl)cc1Cl,100000.0,
CHEMBL251077,CC(=O)O[C@H]1[C@H]2c3cc4c(cc3CN3CCC(=C[C@@H]1O)[C@H]23)OCO4,400.0,
CHEMBL3628275,N=C(N)c1cccc(C[C@H](NC(=O)c2ccc(C(F)(F)F)cc2)C(=O)N[C@@H](CCCCN)C(=O)N[C@H](C(N)=O)c2ccccc2)c1,5810.0,
CHEMBL3628486,N=C(N)c1ccc(C[C@H](NC(=O)c2ccc(N)cc2)C(=O)N[C@@H](CCCCN)C(=O)N[C@H](C(N)=O)c2ccccc2)cc1,1800.0,
CHEMBL5401772,COc1cccc(/C=C/c2nc3ccc(N4CCCCC4)cc3c(=O)n2-c2cccc(C(C)(C)C)c2)n1,160.0,
CHEMBL1535689,O=C1c2c(O)ccc([N+](=O)[O-])c2C(=O)c2c([N+](=O)[O-])ccc(O)c21,880.0,
CHEMBL5077292,Cn1cc(CNc2ccc3n(c2=O)C[C@@H]2C[C@H]3CN(C(=O)Nc3ccccc3)C2)c(=O)n(C)c1=O,844.0,
CHEMBL4212403,COc1cc(NC(C(=O)c2c[nH]c3ccccc23)c2ccccc2)cc(OC)c1,348.0,
CHEMBL83598,O=C1C(=Cc2ccc(O)c(O)c2)C(=O)c2ccccc21,7970.0,
CHEMBL3741227,N=C(N)NCCC[C@H](NC(=O)c1ccccc1)C(=O)N[C@@H](CCCCN)C(=O)N[C@@H](C(N)=O)c1ccc(OCc2ccc(Cl)cc2)cc1,143.0,
CHEMBL3742195,N=C(N)NCCC[C@H](NC(=O)c1ccccc1)C(=O)N[C@@H](CCCCN)C(=O)N[C@@H](C(N)=O)c1ccc(OCc2ccccc2Cl)cc1,321.0,
CHEMBL3742057,N=C(N)NCCC[C@H](NC(=O)c1ccccc1)C(=O)N[C@@H](CCCCN)C(=O)N[C@@H](C(N)=O)c1ccc(OCc2ccc3ccccc3c2)cc1,192.0,
CHEMBL3740519,CC(C)(C)c1ccc(COc2ccc([C@@H](NC(=O)[C@H](CCCCN)NC(=O)[C@H](CCCNC(=N)N)NC(=O)c3ccc(Cl)s3)C(N)=O)cc2)cc1,130.0,
CHEMBL3739622,CC(C)(C)c1ccc(COc2ccc([C@@H](NC(=O)[C@H](CCCCN)NC(=O)[C@H](CCCNC(=N)N)NC(=O)c3sccc3Cl)C(N)=O)cc2)cc1,121.0,
CHEMBL3741034,N=C(N)NCCC[C@H](NC(=O)c1cc2sccc2s1)C(=O)N[C@@H](CCCCN)C(=O)N[C@@H](C(N)=O)c1ccc(OCc2c(Cl)cccc2Cl)cc1,158.0,
CHEMBL115145,O=C(O)c1cc(Cc2ccc(O)c(C(=O)O)c2)ccc1O,1520.0,
CHEMBL606193,Cc1ccc(C)c(C(=O)C2=C(O)C(=O)N(CCc3ccccc3)[C@@H]2c2ccc(O)cc2)c1,100000.0,
CHEMBL98778,C#C[C@@]1(O)[C@H](O)[C@@H](CO)O[C@H]1n1ccc(N)nc1=O,100000.0,
CHEMBL4067852,CN1CC2CCC(C1)N2C(=O)[C@]12C[C@H]1c1cc(F)ccc1-c1c(C3CCCCC3)c3ccc(C(=O)NS(=O)(=O)C4(C)CC4)cc3n1C2,7000.0,
CHEMBL4458661,CC(C)N1C(=O)[C@]2(CC(=O)Nc3c2nnn3[C@@H](C)c2ccc(Cl)cc2)c2cc(Cl)ccc21,5700.0,
CHEMBL4459948,C[C@@H](c1ccc(Cl)cc1)n1nnc2c1NC(=O)C[C@]21C(=O)N(Cc2ccc(Cl)nc2)c2ccc(Cl)cc21,5000.0,
CHEMBL4471937,C[C@@H](c1ccc(Cl)cc1)n1nnc2c1NC(=O)C[C@]21C(=O)N(CCCCCl)c2ccc(Cl)cc21,5000.0,
CHEMBL4470440,CCCCN1C(=O)[C@]2(CC(=O)Nc3c2nnn3[C@@H](C)c2ccc(Cl)cc2)c2cc(Cl)ccc21,75.0,
CHEMBL4437627,C=CCN1C(=O)[C@]2(CC(=O)Nc3c2nnn3[C@@H](C)c2ccc(Cl)cc2)c2cc(Cl)ccc21,38.0,
CHEMBL4452557,C[C@@H](c1ccc(Cl)cc1)n1nnc2c1NC(=O)C[C@]21C(=O)N(Cc2ccc(Cl)c(F)c2)c2ccc(Cl)cc21,4000.0,
CHEMBL4453707,C[C@@H](c1ccc(Cl)cc1)n1nnc2c1NC(=O)C[C@]21C(=O)Nc2ccc(Cl)cc21,10.0,
CHEMBL3237625,Cc1cc(N)c(N)cc1Cl,9300000.0,
CHEMBL1630221,C#C[C@@]1(O)[C@H](O)[C@@H](CO)O[C@H]1n1ccc2c(N)ncnc21,820.0,
CHEMBL418899,C[C@@]1(O)[C@H](O)[C@@H](CO)O[C@H]1n1cnc2c(=O)[nH]c(N)nc21,1700.0,
CHEMBL267099,Nc1ncnc2c1ccn2[C@@H]1O[C@H](CO)[C@@H](O)[C@H]1O,,
CHEMBL4170341,NS(=O)(=O)c1ccc(N2N=C(c3ccc(Oc4ccccc4)cc3)CC2c2ccccc2Cl)cc1,9000.0,
CHEMBL4177444,Cc1cccc(C2CC(c3ccc(OCc4ccccc4)cc3)=NN2c2ccc(S(N)(=O)=O)cc2)c1,9000.0,
CHEMBL4576745,N=C(N)NCCC[C@H](NC(=O)c1ccccc1)C(=O)N[C@@H](CCCCN)C(=O)N[C@@H](C(=O)N[C@H]1CN(c2ccc(F)cc2)C1=O)c1ccc(OCc2ccccc2)cc1,4100.0,
CHEMBL73809,C[C@@]1(O)[C@H](O)[C@@H](CO)O[C@H]1n1cnc2c(N)ncnc21,4000.0,
CHEMBL3220045,COc1cc(/C(C#N)=C\c2cc3ccccc3s2)cc(OC)c1OC,7.22,
CHEMBL160,C/C=C/C[C@@H](C)[C@@H](O)[C@H]1C(=O)N[C@@H](CC)C(=O)N(C)CC(=O)N(C)[C@@H](CC(C)C)C(=O)N[C@@H](C(C)C)C(=O)N(C)[C@@H](CC(C)C)C(=O)N[C@@H](C)C(=O)N[C@H](C)C(=O)N(C)[C@@H](CC(C)C)C(=O)N(C)[C@@H](CC(C)C)C(=O)N(C)[C@@H](C(C)C)C(=O)N1C,500.0,
CHEMBL4470440,CCCCN1C(=O)[C@]2(CC(=O)Nc3c2nnn3[C@@H](C)c2ccc(Cl)cc2)c2cc(Cl)ccc21,1300.0,
CHEMBL4521110,C[C@@H](c1ccc(Cl)cc1)n1nnc2c1NC(=O)C[C@]21C(=O)N(CC2CC2)c2ccc(Cl)cc21,3100.0,
CHEMBL4569686,C[C@@H](c1ccc(Cl)cc1)n1nnc2c1NC(=O)C[C@]21C(=O)N(CCc2ccccc2)c2ccc(Cl)cc21,1100.0,
CHEMBL4447223,C[C@@H](c1ccc(Cl)cc1)n1nnc2c1NC(=O)C[C@]21C(=O)N(CCN2CCCCC2)c2ccc(Cl)cc21,5000.0,
CHEMBL4467064,C[C@@H](c1ccc(Cl)cc1)n1nnc2c1NC(=O)C[C@]21C(=O)N(CCN2CCN(C)CC2)c2ccc(Cl)cc21,5000.0,
CHEMBL4455078,C[C@@H](c1ccc(Cl)cc1)n1nnc2c1NC(=O)C[C@]21C(=O)N(CCN2CCC2)c2ccc(Cl)cc21,5000.0,
CHEMBL4593413,C[C@@H](c1ccc(Cl)cc1)n1nnc2c1NC(=O)C[C@]21C(=O)N(CCCCCCCCCCN(C)C)c2ccc(Cl)cc21,2700.0,
CHEMBL4475139,C[C@@H](c1ccc(Cl)cc1)n1nnc2c1NC(=O)C[C@]21C(=O)N(Cc2ccccc2)c2ccc(Cl)cc21,150.0,
CHEMBL4470681,C[C@@H](c1ccc(Cl)cc1)n1nnc2c1NC(=O)C[C@]21C(=O)N(Cc2ccc(F)cc2)c2ccc(Cl)cc21,160.0,
CHEMBL4575020,C[C@@H](c1ccc(Cl)cc1)n1nnc2c1NC(=O)C[C@]21C(=O)N(Cc2cccnc2)c2ccc(Cl)cc21,29.0,
CHEMBL4538647,COC(=O)CN1C(=O)[C@]2(CC(=O)Nc3c2nnn3[C@@H](C)c2ccc(Cl)cc2)c2cc(Cl)ccc21,77.0,
CHEMBL4471937,C[C@@H](c1ccc(Cl)cc1)n1nnc2c1NC(=O)C[C@]21C(=O)N(CCCCCl)c2ccc(Cl)cc21,73.0,
CHEMBL4565698,C[C@@H](c1ccc(Cl)cc1)n1nnc2c1NC(=O)C[C@]21C(=O)N(CCCCCCBr)c2ccc(Cl)cc21,3000.0,
CHEMBL4569686,C[C@@H](c1ccc(Cl)cc1)n1nnc2c1NC(=O)C[C@]21C(=O)N(CCc2ccccc2)c2ccc(Cl)cc21,190.0,
CHEMBL4452845,C[C@@H](c1ccc(Cl)cc1)n1nnc2c1NC(=O)C[C@]21C(=O)N(Cc2ccncc2)c2ccc(Cl)cc21,25.0,
CHEMBL4472422,C[C@@H](c1ccc(Cl)cc1)n1nnc2c1NC(=O)C[C@]21C(=O)N(CCCCN(C)C)c2ccc(Cl)cc21,38.0,
CHEMBL4593413,C[C@@H](c1ccc(Cl)cc1)n1nnc2c1NC(=O)C[C@]21C(=O)N(CCCCCCCCCCN(C)C)c2ccc(Cl)cc21,98.0,
CHEMBL4521110,C[C@@H](c1ccc(Cl)cc1)n1nnc2c1NC(=O)C[C@]21C(=O)N(CC2CC2)c2ccc(Cl)cc21,5000.0,
CHEMBL4440652,C[C@@H](c1ccc(Cl)cc1)n1nnc2c1N(C)C(=O)C(C)(C)[C@]21C(=O)N(C)c2ccc(Cl)cc21,5000.0,
CHEMBL4475139,C[C@@H](c1ccc(Cl)cc1)n1nnc2c1NC(=O)C[C@]21C(=O)N(Cc2ccccc2)c2ccc(Cl)cc21,5000.0,
CHEMBL4538323,C[C@@H](c1ccc(Cl)cc1)n1nnc2c1NC(=O)C[C@]21C(=O)N(CCN(C)C)c2ccc(Cl)cc21,56.0,
CHEMBL605959,N#Cc1c(NC(=O)c2cccc(S(=O)(=O)Nc3ccc(C(=O)O)cc3)c2)sc2c1CCCC2,100000.0,
CHEMBL289277,Cc1cc(O)c2c(c1)C(=O)c1cc(O)cc(O)c1C2=O,10900.0,
CHEMBL4633204,N=C(N)Nc1ccc(CNC(=O)[C@@H](NC(=O)c2ccc(-c3ccccc3)cc2)c2ccc(OCc3ccccc3)cc2)cc1.O=C(O)C(F)(F)F,7600.0,
CHEMBL4802111,CCCCCC(=O)N[C@H](C(=O)NCc1ccc(CNC(=N)N)cc1)c1ccc(OCc2ccccc2)cc1.O=C(O)C(F)(F)F,6300.0,
CHEMBL4636972,CCCCCC(=O)N[C@H](C(=O)NCc1ccc(NC(=N)N)cc1)c1ccc(OCc2cccc(OC)c2)cc1.O=C(O)C(F)(F)F,,
CHEMBL4649657,CCCCCCCCCC(=O)N[C@H](C(=O)NCc1ccc(NC(=N)N)cc1)c1ccc(OCc2ccccc2)cc1.O=C(O)C(F)(F)F,2300.0,
CHEMBL4634164,CCCCCC(=O)N[C@H](C(=O)NCc1ccccc1)c1ccc(OCc2ccccc2)cc1,,
CHEMBL4640682,CCCCCC(=O)N[C@H](C(=O)NCc1ccc(C#N)cc1)c1ccc(OCc2ccccc2)cc1,,
CHEMBL1373740,Cc1ccc(-c2c(C#N)c(N)n(-c3ccc(C)cc3)c(=O)c2C#N)cc1,2299.0,
CHEMBL1381197,Clc1ccc(CNc2ccc3nnc(-c4ccccc4)n3n2)cc1,112219.0,
CHEMBL4441526,Oc1cccc(Nc2nc(N3CCOCC3)nc3[nH]cnc23)c1,40600.0,
CHEMBL5094408,CN1C[C@H]2C[C@@H](C1)c1ccc(NCc3cn(C)c(=O)n(C)c3=O)c(=O)n1C2,9303.0,
CHEMBL2016758,C[C@@]1(c2ccc3c(N)ncnn23)O[C@H](CO)[C@@H](O)[C@H]1O,30000.0,
CHEMBL1630221,C#C[C@@]1(O)[C@H](O)[C@@H](CO)O[C@H]1n1ccc2c(N)ncnc21,860.0,
CHEMBL131037,COc1ccc(OC)c2c1C(=O)C(Cl)=C(Cl)C2=O,11746.0,
CHEMBL597781,O=C(Cn1ccc(=O)[nH]c1=O)Nc1ccc(O)c([N+](=O)[O-])c1,29030.0,
CHEMBL176599,O=C(O)c1cnc2c([N+](=O)[O-])cccc2c1O,43400.0,
CHEMBL3808396,COc1cc(C)c(C(=O)NS(C)(=O)=O)cc1-c1ccc(C#CCO)s1,50000.0,
CHEMBL3103515,COC(=O)c1cccc2oc(-c3ccc4ccc(OCc5ccccc5)cc4c3O)nc12,700000.0,
CHEMBL98745,O=C1N[C@@H]2C(=C[C@H](O)[C@@H](O)[C@H]2O)c2cc3c(c(O)c21)OCO3,0.015,
CHEMBL464432,O=C1N[C@H]2[C@H](O)[C@H](O)[C@@H](O)C[C@@H]2c2cc3c(c(O)c21)OCO3,0.015,
CHEMBL4163087,NS(=O)(=O)c1ccc(N2N=C(c3ccc(Oc4ccccc4)cc3)CC2c2cccc(Cl)c2)cc1,10000.0,
CHEMBL4169949,Cc1ccc(C2CC(c3ccc(Oc4ccccc4)cc3)=NN2c2ccc(S(N)(=O)=O)cc2)cc1,9000.0,
CHEMBL4172978,Cc1ccc(C2CC(c3ccc(OCc4ccccc4)cc3)=NN2c2ccc(S(N)(=O)=O)cc2)cc1,36000.0,
CHEMBL599830,O=C(O)c1ccccc1C(=O)Nc1nc(-c2ccc3ccccc3c2)cs1,100000.0,
CHEMBL599830,O=C(O)c1ccccc1C(=O)Nc1nc(-c2ccc3ccccc3c2)cs1,14500.0,
CHEMBL115145,O=C(O)c1cc(Cc2ccc(O)c(C(=O)O)c2)ccc1O,7140.0,
CHEMBL599013,O=C(O)c1ccccc1/C=N/NC(=O)c1cc(-c2ccco2)nc2ccccc12,4910.0,
CHEMBL4534211,COCCCCCCCCCN1C[C@H](O)[C@@H](O)[C@H](O)[C@H]1CO,17000.0,
CHEMBL4454990,CCCCCOCc1c(Nc2ccc(S(N)(=O)=O)cc2)nc(N2CCOCC2)nc1C(=O)NCCOc1ccccc1,1820.0,
CHEMBL5192980,O=C(Nc1nc2ccc([N+](=O)[O-])cc2s1)c1ccccc1Sc1ccc([N+](=O)[O-])cc1,,
CHEMBL251077,CC(=O)O[C@H]1[C@H]2c3cc4c(cc3CN3CCC(=C[C@@H]1O)[C@H]23)OCO4,400.0,
CHEMBL888,Nc1ccn([C@@H]2O[C@H](CO)[C@@H](O)C2(F)F)c(=O)n1,47.0,
CHEMBL3810161,O=C(O)Cc1cc(CC(=O)O)cc(-c2ccc(C#CCO)s2)c1,2200.0,
CHEMBL1489157,Cc1ccc(-n2c(N)c(C#N)c(-c3ccccc3)c(C#N)c2=O)cc1,360.5,
CHEMBL3959384,Nc1cc(Cl)ccc1NC(=O)Nc1cccc(S(=O)(=O)Oc2ccc(C(=O)O)cc2)c1,369000.0,
CHEMBL3919119,N=C(N)NCCC[C@H](NC(=O)[C@H](Cc1ccc(CN)cc1)NC(=O)c1ccccc1)B(O)O,30000.0,
CHEMBL3903339,N=C(N)NCCC[C@H](NC(=O)[C@H](Cc1ccc(NC(=N)N)cc1)NC(=O)c1ccccc1)B(O)O,18000.0,
CHEMBL4521186,CCOC(CN1C(=O)[C@]2(CC(=O)Nc3c2nnn3[C@@H](C)c2ccc(Cl)cc2)c2cc(Cl)ccc21)OCC,5000.0,
CHEMBL4554332,C[C@@H](c1ccc(Cl)cc1)n1nnc2c1NC(=O)C[C@]21C(=O)N(CCCBr)c2ccc(Cl)cc21,2400.0,
CHEMBL1173475,O.O=c1c(O)c(-c2ccc(O)c(O)c2)oc2cc(O)cc(O)c12,22700.0,
CHEMBL4459657,Cc1ccc(S(=O)(=O)Nc2ccccc2C(=O)Nc2nc3cc(O)c(O)cc3s2)cc1,15300.0,
CHEMBL4531974,O=C(Nc1nc2cc(O)c(O)cc2s1)[C@@H]1CCCN1S(=O)(=O)c1ccc(-c2ccccc2)cc1,13500.0,
CHEMBL1399039,O=C(NCc1ccco1)c1nn2c(C(F)(F)F)cc(-c3cccs3)nc2c1Br,112219.0,
CHEMBL15063,CCNc1nc(Cl)nc(NC(C)C)n1,112219.0,
CHEMBL269277,C=C(C)[C@@H]1CC[C@]2(C(=O)O)CC[C@]3(C)[C@H](CC[C@@H]4[C@@]5(C)CC[C@H](O)C(C)(C)[C@@H]5CC[C@]43C)[C@@H]12,1700.0,
CHEMBL1437407,CC(=O)Oc1ccc(-c2cc3ccc(OC(C)=O)cc3oc2=O)cc1,14044.0,
CHEMBL4281239,Cc1ncnc2c1c1cc(Cl)ccc1n2[C@@H]1O[C@H](CO)[C@@H](O)[C@@H]1O,50000.0,
CHEMBL4753505,O=C(O)CC(NC(=O)c1cc(-c2ccccc2)c(=O)n2c1sc1ccc(OC3CCCCC3)cc12)c1ccccc1,10400.0,
CHEMBL4455964,CC[C@](C)(O)CCCCC[C@H]1C=CC(=O)O1,11200.0,
CHEMBL1458891,Cc1ccc(C2=NC(=O)/C(=C/c3cc(O)c(O)c(Br)c3)S2)cc1,2940.0,
CHEMBL189,Cc1[nH]c(=O)c(C#N)cc1-c1ccncc1,634.0,
CHEMBL4637516,CC(=O)CCc1cn(-c2ccc(NC(=O)Nc3cccc(F)c3)cc2)nn1,300.0,
CHEMBL4636314,COc1cc(-c2cnc3c(N4C[C@@H](C)O[C@@H](C)C4)snc3c2)ccc1C(=O)NCc1ccccc1,5830.0,
CHEMBL4648830,O=C(NCc1ccc(O)cc1)c1cc(-c2ccccc2)c(=O)n2c1sc1ccc(OC3CCCCC3)cc12,1800.0,
CHEMBL4645844,O=C(NCCO)c1cc(-c2ccccc2)c(=O)n2c1sc1ccc(OC3CCCCC3)cc12,1900.0,
CHEMBL4641720,O=C(N[C@@H](Cc1cccc(O)c1)C(=O)O)c1cc(-c2ccccc2)c(=O)n2c1sc1ccc(OC3CCCCC3)cc12,3200.0,
CHEMBL4641816,CCCCCC(=O)N[C@H](C(=O)NCc1ccc(NC(=N)N)cc1)c1ccc(OCc2ccc(C(F)(F)F)cc2)cc1.O=C(O)C(F)(F)F,7400.0,
CHEMBL4639241,COc1cccc(COc2ccc(C(=O)N[C@H](C(=O)NCc3ccc(NC(=N)N)cc3)c3ccc(OCc4ccccc4)cc3)cc2)c1.O=C(O)C(F)(F)F,4700.0,
CHEMBL4633204,N=C(N)Nc1ccc(CNC(=O)[C@@H](NC(=O)c2ccc(-c3ccccc3)cc2)c2ccc(OCc3ccccc3)cc2)cc1.O=C(O)C(F)(F)F,1800.0,
CHEMBL4451009,CC#CCN1C(=O)[C@]2(CC(=O)Nc3c2nnn3[C@@H](C)c2ccc(Cl)cc2)c2cc(Cl)ccc21,63.0,
CHEMBL4470440,CCCCN1C(=O)[C@]2(CC(=O)Nc3c2nnn3[C@@H](C)c2ccc(Cl)cc2)c2cc(Cl)ccc21,18.0,
CHEMBL4521186,CCOC(CN1C(=O)[C@]2(CC(=O)Nc3c2nnn3[C@@H](C)c2ccc(Cl)cc2)c2cc(Cl)ccc21)OCC,76.0,
CHEMBL3741422,N=C(N)NCCC[C@H](NC(=O)c1ccccc1)C(=O)N[C@@H](CCCCN)C(=O)N[C@@H](C(N)=O)c1ccc(OCc2ccccc2)cc1,367.0,
CHEMBL4444150,O=C1c2nc(N3CCOCC3)nc(Nc3cccc(O)c3)c2CN1CCc1ccccc1,70700.0,
CHEMBL1643,NC(=O)c1ncn([C@@H]2O[C@H](CO)[C@@H](O)[C@H]2O)n1,4100.0,
CHEMBL1713790,COc1ccc(C(=O)Nc2cccc(NC(C)=O)c2)cc1,3965.0,
CHEMBL1378078,O=C(OCCCCN1C(=O)c2ccccc2C1=O)c1ccc(S(=O)(=O)N2CCCC2)cc1,112219.0,
CHEMBL1643,NC(=O)c1ncn([C@@H]2O[C@H](CO)[C@@H](O)[C@H]2O)n1,12600.0,
CHEMBL471282,O=c1c(O[C@@H]2O[C@@H](CO)[C@H](O)[C@H]2O)c(-c2ccc(O)c(O)c2)oc2cc(O)cc(O)c12,1700.0,
CHEMBL4848338,FC(F)(F)c1cccc(Nc2nc(NCCOc3ccccc3)nc3[nH]cnc23)c1,,
CHEMBL4872472,OCCNc1nc(Nc2cccc(F)c2)c2nc[nH]c2n1,29800.0,
CHEMBL4867349,Fc1cc(F)cc(/N=N/c2nc(NCCOc3ccccc3)nc3[nH]cnc23)c1,,
CHEMBL4870507,O=C(O)c1cccc(Nc2nc(NCCOc3ccccc3)nc3[nH]cnc23)c1,28200.0,
CHEMBL4644016,CCOCc1cn(-c2cccc(S(=O)(=O)Nc3ccccc3NS(C)(=O)=O)c2)nn1,8300.0,
CHEMBL4849531,N=C(N)NCCC[C@H](NC(=O)c1ccccc1)C(=O)N[C@@H](CCCCN)C(=O)N[C@@H](C(=O)N[C@H](C(N)=O)C1CCCCC1)c1ccc(OCc2ccccc2)cc1,13700.0,
CHEMBL1630221,C#C[C@@]1(O)[C@H](O)[C@@H](CO)O[C@H]1n1ccc2c(N)ncnc21,460.0,
CHEMBL1630221,C#C[C@@]1(O)[C@H](O)[C@@H](CO)O[C@H]1n1ccc2c(N)ncnc21,700.0,
CHEMBL4568250,CC(C)N1C(=O)C[C@]2(C(=O)Nc3ccc(Cl)cc32)c2nnn([C@@H](C)c3ccc(Cl)cc3)c21,2100.0,
CHEMBL1901079,NC(=O)C1(N2CCCCC2)CCN(C(=O)CSc2nc3ccccc3o2)CC1,203.0,
CHEMBL506569,CC(=O)O[C@H]1C[C@H](O[C@H]2[C@@H](O)C[C@H](O[C@H]3[C@@H](O)C[C@H](O[C@H]4CC[C@@]5(C)[C@H](CC[C@@H]6[C@@H]5C[C@@H](O)[C@]5(C)[C@@H](C7=CC(=O)OC7)CC[C@]65O)C4)O[C@@H]3C)O[C@@H]2C)O[C@H](C)[C@H]1O[C@@H]1O[C@H](CO)[C@@H](O)[C@H](O)[C@H]1O,500.0,
CHEMBL4440832,O=C(Nc1nc2cc(O)c(O)cc2s1)c1ccccc1Oc1ccc2cc(O)ccc2c1,800.0,
CHEMBL1064,CCC(C)(C)C(=O)O[C@H]1C[C@@H](C)C=C2C=C[C@H](C)[C@H](CC[C@@H]3C[C@@H](O)CC(=O)O3)[C@H]21,1820.0,
CHEMBL4555033,C[C@@H](c1ccc(Cl)cc1)n1nnc2c1NC(=O)C[C@]21C(=O)N(CCC(C)(C)C)c2ccc(Cl)cc21,1100.0,
CHEMBL4435899,CC(C)N1C(=O)[C@]2(CC(=O)N(C(C)C)c3c2nnn3[C@@H](C)c2ccc(Cl)cc2)c2cc(Cl)ccc21,3800.0,
CHEMBL4465077,COCCCN1C(=O)[C@]2(CC(=O)Nc3c2nnn3[C@@H](C)c2ccc(Cl)cc2)c2cc(Cl)ccc21,40.0,
CHEMBL4470346,C[C@@H](c1ccc(Cl)cc1)n1nnc2c1NC(=O)C[C@]21C(=O)N(CCCN2CCCCC2)c2ccc(Cl)cc21,130.0,
CHEMBL4571778,C[C@@H](c1ccc(Cl)cc1)n1nnc2c1NC(=O)C[C@]21C(=O)N(CCN2CCOCC2)c2ccc(Cl)cc21,5000.0,
CHEMBL4459642,C[C@@H](c1ccc(Cl)cc1)n1nnc2c1NC(=O)C[C@]21C(=O)N(CCCN2CCOCC2)c2ccc(Cl)cc21,5000.0,
CHEMBL4579860,CC(C)CN1C(=O)[C@]2(CC(=O)Nc3c2nnn3[C@@H](C)c2ccc(Cl)cc2)c2cc(Cl)ccc21,150.0,
CHEMBL4565921,C[C@@H](c1ccc(Cl)cc1)n1nnc2c1NC(=O)C[C@]21C(=O)N(Cc2cccc(F)c2)c2ccc(Cl)cc21,290.0,
CHEMBL4521186,CCOC(CN1C(=O)[C@]2(CC(=O)Nc3c2nnn3[C@@H](C)c2ccc(Cl)cc2)c2cc(Cl)ccc21)OCC,5000.0,
CHEMBL4538647,COC(=O)CN1C(=O)[C@]2(CC(=O)Nc3c2nnn3[C@@H](C)c2ccc(Cl)cc2)c2cc(Cl)ccc21,5000.0,
CHEMBL4467064,C[C@@H](c1ccc(Cl)cc1)n1nnc2c1NC(=O)C[C@]21C(=O)N(CCN2CCN(C)CC2)c2ccc(Cl)cc21,5000.0,
CHEMBL4538323,C[C@@H](c1ccc(Cl)cc1)n1nnc2c1NC(=O)C[C@]21C(=O)N(CCN(C)C)c2ccc(Cl)cc21,6000.0,
CHEMBL5287857,CC(C)Cc1ccc2c(Cl)cc(Cl)c(O)c2n1,490.0,
CHEMBL4472422,C[C@@H](c1ccc(Cl)cc1)n1nnc2c1NC(=O)C[C@]21C(=O)N(CCCCN(C)C)c2ccc(Cl)cc21,5000.0,
CHEMBL4465052,CCCCCCCCCCN1C(=O)[C@]2(CC(=O)Nc3c2nnn3[C@@H](C)c2ccc(Cl)cc2)c2cc(Cl)ccc21,10000.0,
CHEMBL4473559,C[C@@H](c1ccc(Cl)cc1)n1nnc2c1NC(=O)C[C@]21C(=O)N(CCCCN2CCCCC2)c2ccc(Cl)cc21,78.0,
CHEMBL4591166,C[C@@H](c1ccc(Cl)cc1)n1nnc2c1NC(=O)C[C@]21C(=O)N(Cc2cc(C(C)(C)C)cc(C(C)(C)C)c2)c2ccc(Cl)cc21,4900.0,
CHEMBL4534709,COCOCCN1C(=O)[C@]2(CC(=O)Nc3c2nnn3[C@@H](C)c2ccc(Cl)cc2)c2cc(Cl)ccc21,19.0,
CHEMBL4519498,COCCCN1C(=O)C[C@]2(C(=O)Nc3ccc(Cl)cc32)c2nnn([C@@H](C)c3ccc(Cl)cc3)c21,910.0,
CHEMBL3335494,N=C(N)NCCC[C@H](NC(=O)c1ccccc1)C(=O)N[C@@H](CCCCN)C(=O)N[C@H](C(N)=O)c1ccccc1,3300.0,
CHEMBL4587765,N=C(N)NCCC[C@H](NC(=O)c1ccccc1)C(=O)N[C@@H](CCCCN)CC(=O)N(CC(N)=O)c1ccccc1,,
CHEMBL4440832,O=C(Nc1nc2cc(O)c(O)cc2s1)c1ccccc1Oc1ccc2cc(O)ccc2c1,4200.0,
CHEMBL4464214,CC(C)(C)c1ccc(/C=C2\SC(=S)N(CCC(=O)O)C2=O)cc1,7300.0,
CHEMBL4464214,CC(C)(C)c1ccc(/C=C2\SC(=S)N(CCC(=O)O)C2=O)cc1,30800.0,
CHEMBL3542231,CC[C@H](C)[C@H]1O[C@]2(CC[C@@H]1C)C[C@@H]1C[C@@H](C/C=C(\C)[C@@H](O[C@H]3C[C@H](O[C@H]4C[C@H](OC)[C@@H](O)[C@H](C)O4)[C@@H](OC)[C@H](C)O3)[C@@H](C)/C=C/C=C3\CO[C@@H]4[C@H](O)C(C)=C[C@@H](C(=O)O1)[C@]34O)O2,17000.0,
CHEMBL311226,O[C@H]1[C@H](O)[C@@H](O)CN2CC[C@H](O)[C@H]12,1000.0,
CHEMBL1366593,Cc1nnc(N2C(=O)C(O)=C(C(=O)c3ccco3)C2c2ccc(C(C)(C)C)cc2)s1,112219.0,
CHEMBL5400484,COc1cccc(-n2c(/C=C/c3cccc(OC)n3)nc3ccc(N4CCCCC4)cc3c2=O)c1,560.0,
CHEMBL4853799,N/C(=N\O)c1cccc(-c2ccc3c(c2)c2cc(-c4cccc(/C(N)=N/O)c4)ccc2n3S(=O)(=O)c2ccccc2OC(F)(F)F)c1,1900.0,
CHEMBL4854709,Cc1ccccc1S(=O)(=O)n1c2ccc(-c3cccc(/C(N)=N/O)c3)cc2c2cc(-c3cccc(/C(N)=N/O)c3)ccc21,8600.0,
CHEMBL4852712,N/C(=N\O)c1cccc(-c2ccc3c(c2)c2cc(-c4cccc(/C(N)=N/O)c4)ccc2n3S(=O)(=O)c2cccc3cccnc23)c1,8500.0,
CHEMBL4856584,N/C(=N\O)c1cccc(-c2ccc3c(c2)c2cc(-c4cccc(/C(N)=N/O)c4)ccc2n3Cc2ccc3c(c2)OCO3)c1,5000.0,
CHEMBL67,COc1ccc(/C=C\c2cc(OC)c(OC)c(OC)c2)cc1O,870.0,
CHEMBL1486109,COc1ccc(-c2nc(-c3ccccn3)no2)cc1,2150.0,
CHEMBL3740621,CC(C)C[C@@H]1NC(=O)[C@@H]2C[C@@H](O)CN2C1=O,11200.0,
CHEMBL465423,CC1(C)C(=O)C=C[C@]2(C)[C@H]3CC[C@@]4(C)[C@H](c5ccoc5)OC(=O)[C@H]5O[C@]54[C@]3(C)[C@H](O)C[C@@H]12,12500.0,
CHEMBL399910,O=C1C[C@@H](c2ccccc2)Oc2cc(O)cc(O)c21,,
CHEMBL508326,CC(C)C[C@@H]1NC(=O)[C@@H]2CCCN2C1=O,11200.0,
CHEMBL4868257,CC(C)(C)c1ccc(-c2ncc(OCC3CCNCC3)nc2-c2ccc(C(C)(C)C)cc2)cc1,8400.0,
CHEMBL408500,CCCCCCCCCN1C[C@H](O)[C@@H](O)[C@H](O)[C@H]1CO,1100.0,
CHEMBL2042321,CC(C)(C)Oc1cccc2nc(N)nc(N)c12,2.8,
CHEMBL3810119,COc1cc(OC)c(-c2ccc(C#CCO)s2)cc1C(=O)NS(=O)(=O)c1ccccc1,250.0,
CHEMBL3808633,COc1cccc(S(=O)(=O)NC(=O)c2cc(-c3ccc(C#CCO)s3)c(OC)cc2OC)c1,110.0,
CHEMBL1324,Cc1ccc(C(=O)c2cc(O)c(O)c([N+](=O)[O-])c2)cc1,640.0,
CHEMBL5425658,COc1cccc(/C=C/c2nc3ccc(N4CCOCC4)cc3c(=O)n2-c2cccc(C(C)(C)C)c2)n1,120.0,
CHEMBL3741714,N=C(N)NCCC[C@H](NC(=O)c1cccnc1)C(=O)N[C@@H](CCCCN)C(=O)N[C@@H](C(N)=O)c1ccc(OCc2ccccc2)cc1,262.0,
CHEMBL2087143,CC(C)(O)CC[C@@H](O)[C@](C)(O)[C@H]1CC[C@@]2(O)C3=CC(=O)[C@@H]4C[C@@H](O)CC[C@]4(C)[C@H]3CC[C@]12C,100000.0,
CHEMBL549300,C[C@H]([C@H](O)CCC(C)(C)O)[C@H]1CC[C@@]2(O)C3=CC(=O)[C@@H]4C[C@@H](O)[C@@H](O)C[C@]4(C)[C@H]3CC[C@]12C,54280.0,
CHEMBL3809551,COc1cc(C)c(S(=O)(=O)NC(=O)c2cccc3cccnc23)cc1-c1ccc(C#CCO)s1,23.0,
CHEMBL1789789,Cc1cc(NCCCN(C)C)c2ccc3c(ccc4c(NCCCN(C)C)cc(C)nc43)c2n1,400.0,
CHEMBL660,NC12CC3CC(CC(C3)C1)C2,,
CHEMBL1236744,Nc1ccc(C(F)(F)F)cc1N,9000000.0,
CHEMBL3934153,Cc1ccc(C(=O)O)c(N)c1,2800000.0,
CHEMBL4452785,O=C(O)c1cc(=O)c2ccc(S[C@@H](/C=C/C=C\CCOc3ccc(Cl)c(Cl)c3)[C@H](O)c3cccc(C(F)(F)F)c3)cc2o1,9800.0,
CHEMBL4074725,COc1ccc(-c2csc(NC(=O)c3cc(C(C)(C)C)cc(C(C)(C)C)c3)n2)cc1,1000.0,
CHEMBL4172550,COc1cc(-c2cnc3c(N4C[C@@H](C)O[C@@H](C)C4)snc3c2)ccc1N,820.0,
CHEMBL553,C#Cc1cccc(Nc2ncnc3cc(OCCOC)c(OCCOC)cc23)c1,1220.0,
CHEMBL265502,Cc1ccc(C(=O)Nc2ccc(S(=O)(=O)O)c3cc(S(=O)(=O)O)cc(S(=O)(=O)O)c23)cc1NC(=O)c1cccc(NC(=O)Nc2cccc(C(=O)Nc3cc(C(=O)Nc4ccc(S(=O)(=O)O)c5cc(S(=O)(=O)O)cc(S(=O)(=O)O)c45)ccc3C)c2)c1,700.0,
CHEMBL4162927,CSCCOP(=O)(NCCc1c[nH]c2ccccc12)OC[C@H]1O[C@@H](n2cnc3c(=O)[nH]c(N)nc32)[C@](C)(O)[C@@H]1O,1590.0,
CHEMBL2016757,N#C[C@@]1(c2ccc3c(N)ncnn23)O[C@H](CO)[C@@H](O)[C@H]1O,9460.0,
CHEMBL236207,C[C@@]1(O)[C@H](O)[C@@H](CO)O[C@H]1n1ccc2c(N)ncnc21,,
CHEMBL4863749,NCCCC[C@H](NC(=O)c1ccccc1)C(=O)N[C@@H](C(=O)N[C@@H](C(N)=O)C1CCCCC1)c1ccc(OCc2ccccc2)cc1,7900.0,
CHEMBL1368422,COc1ccccc1N1CCN(C(=O)c2cc(-c3ccccc3O)on2)CC1,112219.0,
CHEMBL269277,C=C(C)[C@@H]1CC[C@]2(C(=O)O)CC[C@]3(C)[C@H](CC[C@@H]4[C@@]5(C)CC[C@H](O)C(C)(C)[C@@H]5CC[C@]43C)[C@@H]12,1700.0,
CHEMBL5429322,CC(C)(O)[C@H]1CC[C@@](C)([C@H]2[C@@H](O)C[C@]3(C)[C@H]4C[C@@H](O)[C@H]5C(C)(C)[C@H](O[C@H]6OC[C@H](O)[C@@H](O)[C@@H]6O[C@H]6O[C@@H](CO)[C@H](O)[C@@H](O)[C@@H]6O)CC[C@]56C[C@]46CC[C@@]23C)O1,1.56,
CHEMBL1173475,O.O=c1c(O)c(-c2ccc(O)c(O)c2)oc2cc(O)cc(O)c12,35.7,
CHEMBL1501197,Cc1cc(N)n2nc(-c3ccc(C(C)(C)C)cc3)cc2n1,2353.0,
CHEMBL1881501,Cc1ccc(C2CC(c3ccccc3)=NN2c2ccc(S(N)(=O)=O)cc2)cc1,8000.0,
CHEMBL480707,Nc1nc2c(ncn2[C@@H]2O[C@H](COP(=O)(O)OP(=O)(O)OP(=O)(O)O)C[C@H]2O)c(=O)[nH]1,20.0,
CHEMBL4469088,C#Cc1c(C#N)ncn1[C@@H]1S[C@H](CO)[C@@H](O)[C@H]1O,6570.0,
CHEMBL573289,C#Cc1c(C(N)=O)ncn1[C@@H]1O[C@H](CO)[C@@H](O)[C@H]1O,270.0,
CHEMBL4440832,O=C(Nc1nc2cc(O)c(O)cc2s1)c1ccccc1Oc1ccc2cc(O)ccc2c1,8530.0,
CHEMBL4450646,Oc1cccc(Nc2nc(NCCOc3ccccc3)nc3[nH]cnc23)c1,10000.0,
CHEMBL236207,C[C@@]1(O)[C@H](O)[C@@H](CO)O[C@H]1n1ccc2c(N)ncnc21,15000.0,
CHEMBL3810088,COc1cc(C)c(-c2ncc[nH]2)cc1-c1ccc(C#CCO)s1,44000.0,
CHEMBL3809637,COc1ccc(-c2nnn[nH]2)cc1-c1ccc(C#CCO)s1,2400.0,
CHEMBL3809551,COc1cc(C)c(S(=O)(=O)NC(=O)c2cccc3cccnc23)cc1-c1ccc(C#CCO)s1,6300.0,
CHEMBL3808396,COc1cc(C)c(C(=O)NS(C)(=O)=O)cc1-c1ccc(C#CCO)s1,50000.0,
CHEMBL4127030,C[C@]1(O)[C@H](n2ccc(=O)[nH]c2=O)O[C@](F)(COP(=O)(O)OP(=O)(O)OP(=O)(O)O)[C@H]1O,6600.0,
CHEMBL1877532,Cc1ccc(S(=O)(=O)Nc2cc(SCC(=O)O)c(O)c3ccccc23)cc1[N+](=O)[O-],970.0,
CHEMBL408500,CCCCCCCCCN1C[C@H](O)[C@@H](O)[C@H](O)[C@H]1CO,1000.0,
CHEMBL1630221,C#C[C@@]1(O)[C@H](O)[C@@H](CO)O[C@H]1n1ccc2c(N)ncnc21,310.0,
CHEMBL1379740,COc1cccc2nc3cc(C)c(C)cc3nc12,7023.0,
CHEMBL4125970,CC#C[C@@]1(F)[C@H](O)[C@@H](CO[P@@](=O)(N[C@@H](C)C(=O)OC(C)C)Oc2ccccc2)O[C@H]1n1ccc(=O)[nH]c1=O,100000.0,
CHEMBL486231,C[C@@]1(F)[C@H](O)[C@@H](COP(=O)(O)OP(=O)(O)OP(=O)(O)O)O[C@H]1n1ccc(=O)[nH]c1=O,18000.0,
CHEMBL4129313,CC#C[C@@]1(F)[C@H](O)[C@@H](COP(=O)(O)OP(=O)(O)OP(=O)(O)O)O[C@H]1n1ccc(=O)[nH]c1=O,20000.0,
CHEMBL4125966,C#C[C@]1(O)[C@H](n2ccc(=O)[nH]c2=O)O[C@](F)(COP(=O)(O)OP(=O)(O)OP(=O)(O)O)[C@H]1O,650.0,
CHEMBL116438,COc1cc(/C=C/C(=O)/C=C(O)/C=C/c2ccc(O)c(OC)c2)ccc1O,4200.0,
CHEMBL4750908,O=C(NCC1(C(=O)O)CC1)c1cc(-c2ccccc2)c(=O)n2c1sc1ccc(OC3CCCCC3)cc12,7500.0,
CHEMBL4203293,COc1cc(NC(C(=O)c2c[nH]c3ccccc23)c2ccccc2)cc(OCCO)c1,456.0,
CHEMBL1643,NC(=O)c1ncn([C@@H]2O[C@H](CO)[C@@H](O)[C@H]2O)n1,49.0,
CHEMBL1630221,C#C[C@@]1(O)[C@H](O)[C@@H](CO)O[C@H]1n1ccc2c(N)ncnc21,1100.0,
CHEMBL4212403,COc1cc(NC(C(=O)c2c[nH]c3ccccc23)c2ccccc2)cc(OC)c1,1900.0,
CHEMBL1029,CCCCN1C[C@H](O)[C@@H](O)[C@H](O)[C@H]1CO,100000.0,
CHEMBL1630221,C#C[C@@]1(O)[C@H](O)[C@@H](CO)O[C@H]1n1ccc2c(N)ncnc21,9200.0,
CHEMBL2440341,CCCC[C@H](NC(=O)[C@H](CCCCN)NC(=O)[C@H](CCCNC(=N)N)NC(=O)c1ccc(/C=C(\C#N)C(=O)NC2CC2)cc1)C(N)=O,5300.0,
CHEMBL483006,C=C1[C@@H]2CC[C@@]3(C)[C@H](c4ccoc4)OC(=O)C[C@]13O[C@H]1CC(=O)C(C)(C)[C@H](CC(=O)OC)[C@]12C,4300.0,
CHEMBL12831,O=C1CCC(c2ccc(-n3ccnc3)cc2)=NN1,1356.0,
CHEMBL47875,Oc1ccc(-c2nc3ccccc3s2)cc1,47485.0,
CHEMBL464859,CCNC(=O)[C@H]1O[C@@H](n2cnc3c(N)ncnc32)[C@H](O)[C@@H]1O,88.0,
CHEMBL275938,O=C(O)C1=CC(=C(c2ccc(O)c(C(=O)O)c2)c2ccc(O)c(C(=O)O)c2)C=CC1=O,2300.0,
CHEMBL1877532,Cc1ccc(S(=O)(=O)Nc2cc(SCC(=O)O)c(O)c3ccccc23)cc1[N+](=O)[O-],2430.0,
CHEMBL2354929,CCN(CC)CCO[C@H]1CC[C@@]2(C)C(=CC[C@@H]3[C@@H]2CC[C@]2(C)C(=O)CC[C@@H]32)C1.Cl,2900.0,
CHEMBL477,Nc1ncnc2c1ncn2[C@@H]1O[C@H](CO)[C@@H](O)[C@H]1O,759.0,
CHEMBL1630221,C#C[C@@]1(O)[C@H](O)[C@@H](CO)O[C@H]1n1ccc2c(N)ncnc21,30.0,
CHEMBL3764484,Clc1cccc(-c2noc(/C=C/c3ccc(Br)s3)n2)c1,3000.0,
CHEMBL564971,CC(CO)CC[C@@H](O)[C@](C)(O)[C@H]1CC[C@@]2(O)C3=CC(=O)[C@@H]4C[C@@H](O)[C@@H](O)C[C@]4(C)[C@H]3CC[C@]12C,100000.0,
CHEMBL221722,NC(=O)c1nc(F)cnc1O,,
CHEMBL3938127,N=C(N)NCCC[C@H](NC(=O)[C@@H](NC(=O)c1ccccc1)c1cccc(NC(=N)N)c1)B(O)O,260.0,
CHEMBL1630221,C#C[C@@]1(O)[C@H](O)[C@@H](CO)O[C@H]1n1ccc2c(N)ncnc21,2610.0,
CHEMBL65320,O=c1cc(-c2ccc(O)cc2)oc2cc(O)c(-c3c(O)cc(O)c4c(=O)cc(-c5ccc(O)cc5)oc34)c(O)c12,15100.0,
CHEMBL31574,O=c1c(O)c(-c2ccc(O)c(O)c2)oc2cc(O)ccc12,55.0,
CHEMBL1413557,Cc1ccc(-c2cc(C(=O)NCc3ccco3)c3ccccc3n2)o1,112219.0,
CHEMBL268354,Nc1nc(N)c2ccccc2n1,10000.0,
CHEMBL583412,O=C(O)c1ccccc1NS(=O)(=O)c1cccc(-c2cnn(Cc3ccccc3)c2)c1,700.0,
CHEMBL1643,NC(=O)c1ncn([C@@H]2O[C@H](CO)[C@@H](O)[C@H]2O)n1,49000.0,
CHEMBL599013,O=C(O)c1ccccc1/C=N/NC(=O)c1cc(-c2ccco2)nc2ccccc12,4800.0,
CHEMBL4633691,CCCCCC(=O)N[C@H](C(=O)NCc1ccc(C(=O)NN)cc1)c1ccc(OCc2ccccc2)cc1,,
CHEMBL4642739,CCOCc1cn(-c2cccc(S(=O)(=O)Nc3ccccc3N3CCOCC3)c2)nn1,5300.0,
CHEMBL866,COc1c(C)c2c(c(O)c1C/C=C(\C)CCC(=O)O)C(=O)OC2,700.0,
CHEMBL4440832,O=C(Nc1nc2cc(O)c(O)cc2s1)c1ccccc1Oc1ccc2cc(O)ccc2c1,3200.0,
CHEMBL342269,Nc1nc(N)c2c(F)cccc2n1,10000.0,
CHEMBL506247,O=C(OC[C@H]1O[C@@H](OC(=O)c2cc(O)c(O)c(OC(=O)c3cc(O)c(O)c(O)c3)c2)[C@H](OC(=O)c2cc(O)c(O)c(OC(=O)c3cc(O)c(O)c(O)c3)c2)[C@@H](OC(=O)c2cc(O)c(O)c(OC(=O)c3cc(O)c(O)c(O)c3)c2)[C@@H]1OC(=O)c1cc(O)c(O)c(OC(=O)c2cc(O)c(O)c(O)c2)c1)c1cc(O)c(O)c(OC(=O)c2cc(O)c(O)c(O)c2)c1,130.0,
CHEMBL5274990,COc1cc(/C(C)=C/c2cc3ccccc3[nH]2)cc(OC)c1OC,8.12,
CHEMBL82242,C[C@@H]1O[C@@H](Oc2c(-c3ccc(O)c(O)c3)oc3cc(O)cc(O)c3c2=O)[C@H](O)[C@H](O)[C@H]1O,1700.0,
CHEMBL1643,NC(=O)c1ncn([C@@H]2O[C@H](CO)[C@@H](O)[C@H]2O)n1,4000.0,
CHEMBL1256672,Nc1nc(Nc2ccccc2)nc2c1ncn2[C@@H]1O[C@H](CO)[C@@H](O)[C@H]1O,224.0,
CHEMBL1449264,CCCCC(=O)Nc1cccc(NC(=O)c2ccccc2Br)c1,6898.0,
CHEMBL11909,Nc1ncnc2c1ncn2C1OC(CO)C(O)C1O,1553.0,
CHEMBL572497,O=C1C=C2CCN3Cc4cc5c(cc4[C@H]([C@@H]1O)[C@@H]23)OCO5,400.0,
CHEMBL1484038,COc1cc(C2c3c(-c4cc(Cl)c(C)cc4O)n[nH]c3C(=O)N2Cc2cccnc2)ccc1O,85005.0,
CHEMBL1643,NC(=O)c1ncn([C@@H]2O[C@H](CO)[C@@H](O)[C@H]2O)n1,1160.0,
CHEMBL2440339,CCCC[C@H](NC(=O)[C@H](CCCCN)NC(=O)[C@H](CCCNC(=N)N)NC(=O)c1ccccc1)C(N)=O,13300.0,
CHEMBL4638299,N=C(N)Nc1ccc(CNC(=O)[C@@H](NC(=O)c2ccc(-c3ccc(Cl)cc3)cc2)c2ccc(OCc3ccccc3)cc2)cc1.O=C(O)C(F)(F)F,2000.0,
CHEMBL4636584,N=C(N)NCc1ccc(CNC(=O)[C@H](NC(=O)c2ccc(Oc3ccccc3)cc2)c2ccc(OCc3ccc(Cl)c(Cl)c3)cc2)cc1.O=C(O)C(F)(F)F,,
CHEMBL3344303,N=C(N)Nc1ccc(OC(=O)c2ccc(NC(=N)N)cc2)cc1,14400.0,
CHEMBL4446364,COc1cccc(Cn2c3ccc(-c4cccc(C(=N)N)c4)cc3c3cc(-c4cccc(C(=N)N)c4)ccc32)c1,6600.0,
CHEMBL4640386,CCCCCC(=O)N[C@H](C(=O)NCc1ccc(CN)cc1)c1ccc(OCc2ccccc2)cc1.O=C(O)C(F)(F)F,,
CHEMBL4639241,COc1cccc(COc2ccc(C(=O)N[C@H](C(=O)NCc3ccc(NC(=N)N)cc3)c3ccc(OCc4ccccc4)cc3)cc2)c1.O=C(O)C(F)(F)F,2900.0,
CHEMBL4638250,O=C(O)CCNC(=O)c1cc(-c2ccccc2)c(=O)n2c1sc1ccc(OC3CCCCC3)cc12,37770.0,
CHEMBL1630221,C#C[C@@]1(O)[C@H](O)[C@@H](CO)O[C@H]1n1ccc2c(N)ncnc21,1000.0,
CHEMBL4849553,CC(C)(C)c1ccc(-c2ccc3cc(C(=O)NCC4CCNCC4)[nH]c3c2)cc1,15000.0,
CHEMBL4856452,O=C(NCC1CCNCC1)c1c[nH]c2cc(-c3ccc(CN4CCCCC4)cc3)ccc12,49700.0,
CHEMBL4867842,O=C(NCC1CCNCC1)c1cc2ccc(-c3ccc(Oc4ccccc4)cc3)cc2[nH]1,6500.0,
CHEMBL73809,C[C@@]1(O)[C@H](O)[C@@H](CO)O[C@H]1n1cnc2c(N)ncnc21,1120.0,
CHEMBL5290304,O=c1nc(NCCO)ccn1[C@@H]1O[C@H](CO)[C@@H](O)[C@H]1O,100000.0,
CHEMBL3740277,N=C(N)NCCC[C@H](NC(=O)c1ccccc1)C(=O)N[C@@H](CCCCN)C(=O)N[C@@H](C(N)=O)c1ccccc1,3790.0,
CHEMBL72135,O=C1Nc2ccccc2Nc2ncccc21,112219.0,
CHEMBL3899268,Nc1cc(C(F)(F)F)ccc1NC(=O)Nc1cccc(S(=O)(=O)Nc2ccc(C(=O)O)cc2)c1,91000.0,
CHEMBL1612044,O=c1c2ccccc2cnn1-c1nc2ccccc2[nH]1,144.0,
CHEMBL125044,COc1ccc(-c2cc3c(nn2)-c2ccccc2C3=O)cc1,6870.0,
CHEMBL1200759,Cl.O=C1CN2Cc3c(ccc(Cl)c3Cl)N=C2N1,722.0,
CHEMBL150,O=c1c(O)c(-c2ccc(O)cc2)oc2cc(O)cc(O)c12,27700.0,
CHEMBL419335,O=C1N[C@H]2[C@H](O)[C@H](O)[C@@H](O)[C@H](O)[C@@H]2c2cc3c(c(O)c21)OCO3,0.063,
CHEMBL1259059,CC(C)OC(=O)[C@H](C)N[P@](=O)(OC[C@H]1O[C@@H](n2ccc(=O)[nH]c2=O)[C@](C)(F)[C@@H]1O)Oc1ccccc1,3800.0,
CHEMBL289277,Cc1cc(O)c2c(c1)C(=O)c1cc(O)cc(O)c1C2=O,79800.0,
CHEMBL4212403,COc1cc(NC(C(=O)c2c[nH]c3ccccc23)c2ccccc2)cc(OC)c1,92.0,
CHEMBL4526128,O=C(N[C@@H](Cc1ccc(O)cc1)C(=O)O)c1cc(-c2ccccc2)c(=O)n2c1sc1ccc(OC3CCCCC3)cc12,1700.0,
CHEMBL1324,Cc1ccc(C(=O)c2cc(O)c(O)c([N+](=O)[O-])c2)cc1,640.0,
CHEMBL4440832,O=C(Nc1nc2cc(O)c(O)cc2s1)c1ccccc1Oc1ccc2cc(O)ccc2c1,7060.0,
CHEMBL4440832,O=C(Nc1nc2cc(O)c(O)cc2s1)c1ccccc1Oc1ccc2cc(O)ccc2c1,15800.0,
CHEMBL4203293,COc1cc(NC(C(=O)c2c[nH]c3ccccc23)c2ccccc2)cc(OCCO)c1,12.0,
CHEMBL4203293,COc1cc(NC(C(=O)c2c[nH]c3ccccc23)c2ccccc2)cc(OCCO)c1,59.0,
CHEMBL4440832,O=C(Nc1nc2cc(O)c(O)cc2s1)c1ccccc1Oc1ccc2cc(O)ccc2c1,1000.0,
CHEMBL4440832,O=C(Nc1nc2cc(O)c(O)cc2s1)c1ccccc1Oc1ccc2cc(O)ccc2c1,2670.0,
CHEMBL1630221,C#C[C@@]1(O)[C@H](O)[C@@H](CO)O[C@H]1n1ccc2c(N)ncnc21,1000.0,
CHEMBL4212403,COc1cc(NC(C(=O)c2c[nH]c3ccccc23)c2ccccc2)cc(OC)c1,7.0,
CHEMBL1630221,C#C[C@@]1(O)[C@H](O)[C@@H](CO)O[C@H]1n1ccc2c(N)ncnc21,80.0,
CHEMBL5278639,COC(=O)[C@@]12C(=O)[C@](C)(Cc3c(O)c(C)cc(C(C)=O)c3O)C(=O)[C@]1(C)C(C)=C[C@H]1[C@]3(C=O)CC[C@H](OC(C)=O)C(C)(C)[C@H]3CC[C@@]12C,100.0,
CHEMBL4439128,COc1ccc(-c2cnc3[nH]cc(C#Cc4cccnc4)c3c2)cc1OC,42.8,
CHEMBL4632524,CCCCCCC(=O)N[C@H](C(=O)NCc1ccc(NC(=N)N)cc1)c1ccc(OCc2ccccc2)cc1.O=C(O)C(F)(F)F,520.0,
CHEMBL406845,CC(C)(C)n1nc(-c2ccc(Cl)cc2)c2c(N)ncnc21,5581.0,
CHEMBL1269812,Cc1ncnc2c1ccn2[C@@H]1O[C@H](CO)[C@@H](O)[C@H]1O,877.0,
CHEMBL4440832,O=C(Nc1nc2cc(O)c(O)cc2s1)c1ccccc1Oc1ccc2cc(O)ccc2c1,4960.0,
CHEMBL4440832,O=C(Nc1nc2cc(O)c(O)cc2s1)c1ccccc1Oc1ccc2cc(O)ccc2c1,4110.0,
CHEMBL4650320,CC(C)C(=O)OC[C@H]1O[C@@H](n2cc/c(=N\O)[nH]c2=O)[C@H](O)[C@@H]1O,23380.0,
CHEMBL1535689,O=C1c2c(O)ccc([N+](=O)[O-])c2C(=O)c2c([N+](=O)[O-])ccc(O)c21,4200.0,
CHEMBL1259059,CC(C)OC(=O)[C@H](C)N[P@](=O)(OC[C@H]1O[C@@H](n2ccc(=O)[nH]c2=O)[C@](C)(F)[C@@H]1O)Oc1ccccc1,4700.0,
CHEMBL1269736,Cc1ncnc2c1ncn2[C@@H]1O[C@H](CO)[C@@H](O)[C@H]1O,5460.0,
CHEMBL4862682,NCc1ccc(-c2ncc(OCC3CCNCC3)nc2-c2ccc(-c3cn[nH]c3)cc2)cc1,210.0,
CHEMBL1259059,CC(C)OC(=O)[C@H](C)N[P@](=O)(OC[C@H]1O[C@@H](n2ccc(=O)[nH]c2=O)[C@](C)(F)[C@@H]1O)Oc1ccccc1,4600.0,
CHEMBL4556306,COc1ccc(S(=O)(=O)N(CCCC(=O)C2CCCCCC2)c2ccccc2)cc1,1520.0,
CHEMBL3976785,Nc1cc(Cl)ccc1NC(=O)Nc1ccc(S(=O)(=O)Nc2ccc(C(=O)O)cc2)cc1,1000000.0,
CHEMBL3971531,Nc1cc(Cl)ccc1NC(=O)Nc1ccc(S(=O)(=O)Oc2ccc(C(=O)O)cc2)cc1,368000.0,
CHEMBL3740025,O=C1N[C@@H](Cc2ccccc2)C(=O)N2C[C@H](O)C[C@@H]12,11200.0,
CHEMBL866,COc1c(C)c2c(c(O)c1C/C=C(\C)CCC(=O)O)C(=O)OC2,1900.0,
CHEMBL503,CC[C@H](C)C(=O)O[C@H]1C[C@@H](C)C=C2C=C[C@H](C)[C@H](CC[C@@H]3C[C@@H](O)CC(=O)O3)[C@H]21,1820.0,
CHEMBL1877532,Cc1ccc(S(=O)(=O)Nc2cc(SCC(=O)O)c(O)c3ccccc23)cc1[N+](=O)[O-],980.0,
CHEMBL1901079,NC(=O)C1(N2CCCCC2)CCN(C(=O)CSc2nc3ccccc3o2)CC1,203.0,
CHEMBL4533598,O=C(Nc1cccs1)c1ccccc1Sc1ccc([N+](=O)[O-])cc1,3500.0,
CHEMBL4556306,COc1ccc(S(=O)(=O)N(CCCC(=O)C2CCCCCC2)c2ccccc2)cc1,1520.0,
CHEMBL4642467,COc1ccc(-c2ccc3nsc(N4C[C@@H](C)O[C@@H](C)C4)c3n2)cc1OC,1049.0,
CHEMBL4440832,O=C(Nc1nc2cc(O)c(O)cc2s1)c1ccccc1Oc1ccc2cc(O)ccc2c1,1970.0,
CHEMBL3758664,Brc1ccc(-c2ncc(OCC3CCNCC3)nc2-c2ccc(Br)cc2)cc1,35000.0,
CHEMBL1643,NC(=O)c1ncn([C@@H]2O[C@H](CO)[C@@H](O)[C@H]2O)n1,7600.0,
CHEMBL4568823,COc1cccc(S(=O)(=O)n2c3ccc(-c4cccc(C(=N)N)c4)cc3c3cc(-c4cccc(C(=N)N)c4)ccc32)c1,26200.0,
CHEMBL3890313,Nc1cc(Cl)ccc1NC(=O)Nc1cccc(S(=O)(=O)Nc2ccc(C(=O)O)cc2)c1,1000000.0,
CHEMBL3890313,Nc1cc(Cl)ccc1NC(=O)Nc1cccc(S(=O)(=O)Nc2ccc(C(=O)O)cc2)c1,452000.0,
CHEMBL1332325,CCC(=O)Nc1cccc(NC(=O)c2ccccc2Br)c1,13970.0,
CHEMBL1980535,CC(=O)O[C@H]1CC(C)(C)C(=C=C/C(C)=C/C=C/C=C/C=C(C)/C=C2/C=C(/C=C/[C@@]34O[C@]3(C)C[C@@H](O)CC4(C)C)C(=O)O2)[C@](C)(O)C1,8500.0,
CHEMBL1901079,NC(=O)C1(N2CCCCC2)CCN(C(=O)CSc2nc3ccccc3o2)CC1,203.0,
CHEMBL1259059,CC(C)OC(=O)[C@H](C)N[P@](=O)(OC[C@H]1O[C@@H](n2ccc(=O)[nH]c2=O)[C@](C)(F)[C@@H]1O)Oc1ccccc1,14700.0,
CHEMBL4437334,O=C1C=C/C(=N/Nc2ccc([N+](=O)[O-])cc2Cl)C=C1C(=O)Nc1cccc(Cl)c1,810.0,
CHEMBL565657,CN(C)c1ccc(/C=C/c2nc3ccccc3s2)cc1,4647.0,
CHEMBL1324,Cc1ccc(C(=O)c2cc(O)c(O)c([N+](=O)[O-])c2)cc1,640.0,
CHEMBL1324,Cc1ccc(C(=O)c2cc(O)c(O)c([N+](=O)[O-])c2)cc1,640.0,
CHEMBL1466997,c1ccc2nc(-c3nc4ccccc4o3)ccc2c1,4377.0,
CHEMBL1347985,COc1ccc(C2CC(=O)N3CN(c4ccc(C)c(Cl)c4)CSC3=C2C#N)cc1OC,112219.0,
CHEMBL4526128,O=C(N[C@@H](Cc1ccc(O)cc1)C(=O)O)c1cc(-c2ccccc2)c(=O)n2c1sc1ccc(OC3CCCCC3)cc12,2800.0,
CHEMBL5417314,CCC(/C(C)=C/c1cc(OC)c(OC)cc1OC)c1cc(OC)c(OC)cc1OC,4270.0,
CHEMBL1214186,Nc1ncnc2c1ncn2[C@@H]1O[C@H](C[C@@H](N)CC[C@H](N)C(=O)O)[C@@H](O)[C@H]1O,1180.0,
CHEMBL1643,NC(=O)c1ncn([C@@H]2O[C@H](CO)[C@@H](O)[C@H]2O)n1,40000.0,
CHEMBL4440832,O=C(Nc1nc2cc(O)c(O)cc2s1)c1ccccc1Oc1ccc2cc(O)ccc2c1,800.0,
CHEMBL4562509,COC(=O)c1c(-c2c(Cl)cccc2Cl)noc1-c1cnn(-c2cccc(Cl)c2)c1C(F)(F)F,2.4,
CHEMBL4450646,Oc1cccc(Nc2nc(NCCOc3ccccc3)nc3[nH]cnc23)c1,10000.0,
CHEMBL1643,NC(=O)c1ncn([C@@H]2O[C@H](CO)[C@@H](O)[C@H]2O)n1,11900.0,
CHEMBL4439128,COc1ccc(-c2cnc3[nH]cc(C#Cc4cccnc4)c3c2)cc1OC,720.0,
CHEMBL4526128,O=C(N[C@@H](Cc1ccc(O)cc1)C(=O)O)c1cc(-c2ccccc2)c(=O)n2c1sc1ccc(OC3CCCCC3)cc12,2800.0,
CHEMBL4526128,O=C(N[C@@H](Cc1ccc(O)cc1)C(=O)O)c1cc(-c2ccccc2)c(=O)n2c1sc1ccc(OC3CCCCC3)cc12,42400.0,
CHEMBL1324,Cc1ccc(C(=O)c2cc(O)c(O)c([N+](=O)[O-])c2)cc1,2290.0,
CHEMBL3040216,CC1=CCC(C(=O)/N=C2\CC=C(S(=O)(=O)O)c3cc(S(=O)(=O)O)cc(S(=O)(=O)O)c32)=C/C1=N/C(=O)C1=CC=C/C(=N\C(=O)/N=C2\C=CC=C(C(=O)/N=C3/CC(C(=O)/N=C4\CC=C(S(=O)(=O)O)c5cc(S(=O)(=O)O)cc(S(=O)(=O)O)c54)=CC=C3C)C2)C1,40000.0,
CHEMBL470269,CC(=C\C(=O)O)/C=C(\C)C[C@H](C)CCCC[C@H]1OC(=O)[C@@H]1CO,4500.0,
CHEMBL5417314,CCC(/C(C)=C/c1cc(OC)c(OC)cc1OC)c1cc(OC)c(OC)cc1OC,4500.0,
CHEMBL5417314,CCC(/C(C)=C/c1cc(OC)c(OC)cc1OC)c1cc(OC)c(OC)cc1OC,4540.0,
CHEMBL2178720,O=c1nc(NO)ccn1[C@@H]1O[C@H](CO)[C@@H](O)[C@H]1O,2840.0,
CHEMBL418052,Nc1ncnc2c1ncn2[C@@H]1O[C@H](CSCC[C@H](N)C(=O)O)[C@@H](O)[C@H]1O,1770.0,
CHEMBL4577103,CC[C@H](C)[C@H](NC(=O)[C@H](CC(C)C)NC(=O)[C@@H](NC(=O)[C@H](Cc1ccccc1)NC(=O)[C@H](Cc1c[nH]c2ccccc12)NC(=O)[C@@H](N)Cc1ccccc1)[C@@H](C)O)C(=O)N[C@@H](CCCCN)C(=O)N[C@H](C(=O)N[C@@H](CCC(N)=O)C(=O)N[C@@H](C)C(=O)N[C@@H](CCCCN)C(=O)N[C@@H](CCC(N)=O)C(=O)N1CCC[C@H]1C(=O)N[C@@H](C)C(=O)N[C@@H](CCCNC(=N)N)C(=O)N[C@@H](Cc1ccc(O)cc1)C(=O)N[C@@H](CCCNC(=N)N)C(=O)N[C@@H](CCCNC(=N)N)C(=O)N[C@@H](Cc1ccccc1)C(=O)N[C@@H](CS)C(=O)O)[C@@H](C)O,7000.0,
CHEMBL4441561,N#C/C(=C\c1ccc(-c2ccc(C(=O)O)cc2)s1)c1nc2cc(Cl)ccc2[nH]1,5950.0,
CHEMBL7301,CC1=C(/C=C/C(C)=C/C=C/C(C)=C/C(=O)Nc2ccc(O)cc2)C(C)(C)CCC1,1000.0,
CHEMBL54440,CC[C@H](C)C(=O)O[C@H]1CCC=C2C=C[C@H](C)[C@H](CC[C@@H]3C[C@@H](O)CC(=O)O3)[C@H]21,1820.0,
CHEMBL4463936,C#Cc1c(C#N)ncn1[C@@H]1O[C@H](CO)[C@@H](O)[C@H]1O,550.0,
CHEMBL506569,CC(=O)O[C@H]1C[C@H](O[C@H]2[C@@H](O)C[C@H](O[C@H]3[C@@H](O)C[C@H](O[C@H]4CC[C@@]5(C)[C@H](CC[C@@H]6[C@@H]5C[C@@H](O)[C@]5(C)[C@@H](C7=CC(=O)OC7)CC[C@]65O)C4)O[C@@H]3C)O[C@@H]2C)O[C@H](C)[C@H]1O[C@@H]1O[C@H](CO)[C@@H](O)[C@H](O)[C@H]1O,500.0,

﻿inactive compounds_1754_無活性抑制物,,
ChEMBL ID,Smiles,標籤均為0
CHEMBL48361,Cn1c(CNc2ccc(C(=N)N)cc2)nc2cc(C(=O)N(CCC(=O)O)c3ccccn3)ccc21,
CHEMBL1088752,Cc1c(F)cc(C(=O)NC2CC2)cc1-c1ccc(C(=O)NCC(C)(C)C)cn1,
CHEMBL13608,Cc1[nH]c(/C=C2\C(=O)Nc3ccc(F)cc32)c(C)c1C(=O)NCCN1CCCC1,
CHEMBL2103797,Cc1cn([C@H]2C[C@H](OP(=O)([O-])OC[C@H]3O[C@@H](n4cc(C)c(=O)[nH]c4=O)C[C@@H]3O)[C@@H](COP(=O)([O-])O[C@H]3[C@@H](O)[C@H](n4ccc(N)nc4=O)O[C@@H]3COP(=O)([O-])O[C@H]3[C@@H](O)[C@H](n4cnc5c(N)ncnc54)O[C@@H]3COP(=O)([O-])O[C@H]3[C@@H](O)[C@H](n4ccc(N)nc4=O)O[C@@H]3COP(=O)([O-])O[C@H]3[C@@H](O)[C@H](n4cnc5c(=O)[nH]c(N)nc54)O[C@@H]3COP(=O)([O-])O[C@H]3[C@@H](O)[C@H](n4cnc5c(N)ncnc54)O[C@@H]3COP(=O)([O-])O[C@H]3[C@@H](O)[C@H](n4ccc(N)nc4=O)O[C@@H]3COP(=O)([O-])O[C@H]3[C@@H](O)[C@H](n4ccc(N)nc4=O)O[C@@H]3COP(=O)([O-])O[C@H]3[C@@H](O)[C@H](n4cnc5c(=O)[nH]c(N)nc54)O[C@@H]3COP(=O)([O-])O[C@H]3[C@@H](O)[C@H](n4cnc5c(=O)[nH]c(N)nc54)O[C@@H]3COP(=O)([O-])O[C@H]3[C@@H](O)[C@H](n4cnc5c(N)ncnc54)O[C@@H]3COP(=O)([O-])O[C@H]3[C@@H](O)[C@H](n4cnc5c(N)ncnc54)O[C@@H]3COP(=O)([O-])O[C@H]3[C@@H](O)[C@H](n4ccc(N)nc4=O)O[C@@H]3COP(=O)([O-])O[C@H]3[C@@H](O)[C@H](n4ccc(N)nc4=O)O[C@@H]3COP(=O)([O-])O[C@H]3[C@@H](O)[C@H](n4cnc5c(N)ncnc54)O[C@@H]3COP(=O)([O-])O[C@H]3[C@@H](O)[C@H](n4ccc(N)nc4=O)O[C@@H]3COP(=O)([O-])O[C@H]3[C@@H](O)[C@H](n4ccc(=O)[nH]c4=O)O[C@@H]3COP(=O)([O-])O[C@H]3[C@@H](O)[C@H](n4ccc(N)nc4=O)O[C@@H]3COP(=O)([O-])O[C@H]3[C@@H](O)[C@H](n4ccc(N)nc4=O)O[C@@H]3COP(=O)([O-])O[C@H]3[C@@H](O)[C@H](n4cnc5c(N)ncnc54)O[C@@H]3CO)O2)c(=O)[nH]c1=O.[Na+].[Na+].[Na+].[Na+].[Na+].[Na+].[Na+].[Na+].[Na+].[Na+].[Na+].[Na+].[Na+].[Na+].[Na+].[Na+].[Na+].[Na+].[Na+].[Na+],
CHEMBL5315060,NS(=O)(=O)c1ccc(N2N=C(C(F)(F)F)CC2c2ccc(F)cc2F)cc1,
CHEMBL3989866,O=C(NCc1c(F)cc(F)cc1F)c1cn2c(c(O)c1=O)C(=O)N1[C@H]3CC[C@H](C3)O[C@@H]1C2,
CHEMBL2110367,COc1cc(Cc2cnc(N)nc2N)cc(OC)c1OC.COc1cc(Cc2cnc(N)nc2N)cc(OC)c1OC.O=S(=O)(O)O,
CHEMBL4594271,N#Cc1cccc(C(NCC2CC2)c2ccc(F)c(NC(=O)c3cc(C(F)(F)F)nn3-c3cccc(CN)c3)c2)c1,
CHEMBL5095241,O=C(NOCCO)c1cc2scnc2c(F)c1Nc1ccc(I)cc1F,
CHEMBL3188267,CNC(=O)c1ccc(-c2cnc3ncc(Cc4ccc5ncccc5c4)n3n2)cc1F,
CHEMBL5314585,CCOCc1cnc(Cl)nc1Oc1ccc2c(ccc3sc4c(c32)NC[C@@H](C)NC4=O)n1,
CHEMBL2108163,,
CHEMBL2220442,CC(C)n1c(/C=C/C(O)CC(O)CC(=O)O)c(-c2ccc(F)cc2)c2ccccc21,
CHEMBL3969876,COCCCCn1c(C(=O)N(CC(C)C)[C@@H]2CNC[C@H](C(=O)N3CCOCC3)C2)nc2ccccc21.Cl,
CHEMBL2104975,CC[C@@H](C)n1ncn(-c2ccc(N3CCN(c4ccc(OC[C@@H]5CO[C@@](CSc6nncn6C)(c6ccc(Cl)cc6)O5)cc4)CC3)cc2)c1=O,
CHEMBL297884,COc1ccc2c(O[C@@H]3C[C@H]4C(=O)N[C@]5(C(=O)O)C[C@H]5/C=C\CCCCC[C@H](NC(=O)OC5CCCC5)C(=O)N4C3)cc(-c3csc(NC(C)C)n3)nc2c1,
CHEMBL5315122,CC(C)C[C@H](NC(=O)[C@H](Cc1ccccc1)NC(=O)c1cnccn1)B1O[C@H]([C@H](O)CO)[C@@H]([C@H](O)CO)O1,
CHEMBL23293,CC(C)=CCC/C(C)=C/CC/C(C)=C/CSc1ccccc1C(=O)O,
CHEMBL2107774,CCc1ccc(Nc2c(F)c(F)cc(F)c2F)c(CC(=O)O)c1,
CHEMBL2104954,COc1cc2c(Nc3ccc(Sc4nccn4C)c(Cl)c3)c(C#N)cnc2cc1N1CCC(N2CCCC2)CC1,
CHEMBL4297190,Cc1cc2cc(Oc3ccnc(Nc4cccc(CS(=O)(=O)NCCN(C)C)c4)n3)ccc2[nH]1,
CHEMBL4297477,Cn1cc(Nc2nccc(N3C[C@H]4CC[C@@H](C3)N4C(=O)[C@@H]3CC3(F)F)n2)cn1,
CHEMBL231813,CCC[C@H](NC(=O)[C@@H]1[C@H]2CCC[C@H]2CN1C(=O)[C@@H](NC(=O)[C@@H](NC(=O)c1cnccn1)C1CCCCC1)C(C)(C)C)C(=O)C(=O)NC1CC1,
CHEMBL2103772,CC(=O)SCC(Cc1ccccc1)C(=O)NCC(=O)OCc1ccccc1,
CHEMBL5314411,C#Cc1cccc(Nc2ncnc3cc(OC)c(NC(=O)N4CCN(CC)CC4)cc23)c1,
CHEMBL1200678,COC(=O)N[C@H](C(=O)N[C@@H](Cc1ccccc1)[C@@H](O)CN(Cc1ccc(-c2ccccn2)cc1)NC(=O)[C@@H](NC(=O)OC)C(C)(C)C)C(C)(C)C.O=S(=O)(O)O,
CHEMBL5314497,CCn1ncc2c1-c1cnc(N)c(c1)O[C@H](C)c1cc(F)ccc1-c1nn(C)nc1C2,
CHEMBL4650323,C=CC(=O)N1CCC[C@@H](n2c(=O)n(-c3ccc(Oc4ccccc4)cc3)c3c(N)nccc32)C1,
CHEMBL1678,COc1cc2c(cc1OC)C(=O)C(CC1CCN(Cc3ccccc3)CC1)C2.Cl,
CHEMBL2105671,O=C(O)C(O)C(O)C(=O)O.OC[C@H]1CNC[C@@H](O)[C@@H]1O,
CHEMBL3707235,N[C@@H](CC(=O)N1CCc2c(nc(C(F)(F)F)nc2C(F)(F)F)C1)CN1CC(F)(F)CCC1=O,
CHEMBL2387080,Cc1nc(-c2cn3c(n2)-c2ccc(-c4cnn(C(C)(C)C(N)=O)c4)cc2OCC3)n(C(C)C)n1,
CHEMBL4085457,C=CC(=O)N1C[C@H](Nc2ncnc3[nH]ccc23)CC[C@@H]1C,
CHEMBL3991932,Cc1ccc(-n2nc(C(C)(C)C)cc2NC(=O)NCc2cc(F)ccc2Oc2ccc3c(cnn3CCO)c2)cc1,
CHEMBL3348963,CCOC(=O)[C@@H](N)Cc1ccc(-c2cc(O[C@H](c3ccc(Cl)cc3-n3ccc(C)n3)C(F)(F)F)nc(N)n2)cc1.O=C(O)CNC(=O)c1ccccc1,
CHEMBL436,COc1ccc2c(C(=S)N(C)CC(=O)O)cccc2c1C(F)(F)F,
CHEMBL5095384,,
CHEMBL4297638,Cn1cc(-c2ccc(S(=O)(=O)[C@@H]3C[C@@H](C(=O)NC4(C#N)CC4)N(C(=O)C4(C(F)(F)F)CC4)C3)c(C(F)(F)F)c2)cn1,
CHEMBL4298156,COCCNCCc1cccc(Nc2ncc3c(n2)-c2ccccc2[C@H](c2ccccc2F)C3)c1.Cl.Cl,
CHEMBL5095080,O=C1CCc2c(OC[C@]3(O)CCN(c4c(F)cc(Cl)cc4F)C[C@H]3O)ccc(F)c2N1,
CHEMBL1201162,CCN[C@H]1C[C@H](C)S(=O)(=O)c2sc(S(N)(=O)=O)cc21.Cl,
CHEMBL5314476,COC(=O)N1c2ccc3c(nc([C@H](O)c4cc(F)ccc4OC)n3[C@@H]3CCC[C@@H](C(=O)O)C3)c2CC[C@@H]1C,
CHEMBL4594290,NCCNC1CCC(CC(=O)N[C@H]2Cc3cccc(C(=O)O)c3OB2O)CC1,
CHEMBL160038,O=C(Cc1ccccc1)c1cc(O)c(O)c([N+](=O)[O-])c1,
CHEMBL2403238,C[C@H]1CO[C@@H]2Cn3cc(C(=O)NCc4ccc(F)cc4F)c(=O)c(O)c3C(=O)N12,
CHEMBL3218576,COc1c(OCCCN2CCOCC2)ccc2c1N=C(NC(=O)c1cnc(N)nc1)N1CCN=C21,
CHEMBL3545154,C=CC(=O)N1CCC(Oc2cc3c(Nc4ccc(Cl)c(Cl)c4F)ncnc3cc2OC)CC1,
CHEMBL4216467,CCn1c(=O)c(-c2cc(NC(=O)Nc3ccccc3)c(F)cc2Br)cc2cnc(NC)cc21,
CHEMBL2108356,,
CHEMBL4785363,CO[C@H]1CC[C@H](n2c([C@@H]3CCCC(=O)N3c3ccc(F)c(F)c3)nc3cc(-c4c(C)noc4C)ccc32)CC1,
CHEMBL4297504,CO[C@@H]1[C@H](OC(=O)/C=C/c2ccc(OCCN(C)C)cc2)CC[C@]2(CO2)[C@H]1[C@@]1(C)O[C@@H]1CC=C(C)C,
CHEMBL227875,O=[N+]([O-])c1cn2c(n1)OC[C@@H](OCc1ccc(OC(F)(F)F)cc1)C2,
CHEMBL4802156,CC(=O)N(C)C1CCN(c2cccc(-c3ccc4nc(-c5cccnc5N)n(-c5ccc(C6(N)CCC6)cc5)c4n3)c2)CC1,
CHEMBL4114766,CC(C)(C)/C=C(\C#N)C(=O)N1CCC[C@@H](n2nc(-c3ccc(Oc4ccccc4)cc3F)c3c(N)ncnc32)C1,
CHEMBL1201743,Cl.N#C[C@@H]1C[C@@H]2C[C@@H]2N1C(=O)[C@@H](N)C12CC3CC(CC(O)(C3)C1)C2,
CHEMBL2105733,CNCc1ccc(-c2[nH]c3cc(F)cc4c3c2CCNC4=O)cc1.O=P(O)(O)O,
CHEMBL2387408,CCCC[C@]1(CC)CS(=O)(=O)c2cc(CNC(CC(=O)O)CC(=O)O)c(OC)cc2[C@@H](c2ccccc2)N1,
CHEMBL5315125,C[C@H](Nc1ncnc2nc[nH]c12)c1cc2cccc(Cl)c2c(=O)n1-c1ccccc1.O,
CHEMBL1168,CCOC(=O)[C@H](CCc1ccccc1)N[C@@H](C)C(=O)N1[C@H](C(=O)O)C[C@@H]2CCC[C@@H]21,
CHEMBL5095099,Cc1ccc(NC(=O)N2CC[C@@H](CC(F)(F)F)C2)cc1-c1cc(N[C@H](C)CO)nc(N2CCOCC2)c1,
CHEMBL2104981,COCCN1CCC(N(Cc2ccc(-c3ccc(C(F)(F)F)cc3)cc2)C(=O)Cn2c(SCc3cccc(F)c3F)cc(=O)c3ccccc32)CC1,
CHEMBL22,COc1cc(Cc2cnc(N)nc2N)cc(OC)c1OC,
CHEMBL4067549,CCN1CCN(Cc2ccc(Nc3ncc(F)c(-c4sc(NC5CCCC5)nc4C)n3)nc2)CC1,
CHEMBL5316156,,
CHEMBL3786343,C=CC(=O)Nc1cccc(Oc2nc(Nc3ccc(N4CCN(C)CC4)cc3)nc3ccsc23)c1,
CHEMBL2105754,Cn1c(=O)cc(N2CCC[C@@H](N)C2)n(Cc2cc(F)ccc2C#N)c1=O.O=C(O)CCC(=O)O,
CHEMBL5095036,C=CCn1c(=O)c2cnc(Nc3ccc(N4CCN(C)CC4)cc3)nc2n1-c1ccc2c(n1)[C@@](O)(CC)CC2,
CHEMBL4298151,CS(=O)(=O)O.CS(=O)(=O)O.Nc1ncccc1-c1nc2ccc(-c3ccccc3)nc2n1-c1ccc(C2(N)CCC2)cc1,
CHEMBL4594378,C[C@@H](Nc1nc(N[C@H](C)C(F)(F)F)nc(-c2cccc(Cl)n2)n1)C(F)(F)F.C[C@@H](Nc1nc(N[C@H](C)C(F)(F)F)nc(-c2cccc(Cl)n2)n1)C(F)(F)F.O.O=C(O)CC(O)(CC(=O)O)C(=O)O,
CHEMBL2219422,Cn1ncc(Cl)c1-c1cc(C(=O)N[C@H](CN)Cc2cccc(F)c2)sc1Cl,
CHEMBL2105659,CCc1c(C(=O)C(N)=O)c2c(OCC(=O)OC)cccc2n1Cc1ccccc1,
CHEMBL3701238,C=CC(=O)N1CC[C@H](n2nc(C#Cc3cc(OC)cc(OC)c3)c3c(N)ncnc32)C1,
CHEMBL4297598,C[C@@H](C(=O)Nc1ccc(Cl)cc1)C1CCC(c2ccnc3ccc(F)cc23)CC1,
CHEMBL553,C#Cc1cccc(Nc2ncnc3cc(OCCOC)c(OCCOC)cc23)c1,
CHEMBL1165,CCOC(=O)[C@H](CCc1ccccc1)N[C@@H](C)C(=O)N1Cc2cc(OC)c(OC)cc2C[C@H]1C(=O)O,
CHEMBL2103852,COc1cc([C@H]2C(C#N)=C(N)Oc3c2ccc(N)c3N)cc(Br)c1OC,
CHEMBL5095405,CN1CCN(C(=O)[C@H](CCCN[C@@H]2C[C@H]2c2ccc(F)cc2)NC(=O)c2ccc(-n3ccnn3)cc2)CC1.Cc1ccc(S(=O)(=O)O)cc1.Cc1ccc(S(=O)(=O)O)cc1,
CHEMBL3039503,CC(C)(C)C#Cc1cc(N(C(=O)[C@H]2CC[C@H](C)CC2)[C@H]2CC[C@H](O)CC2)c(C(=O)O)s1,
CHEMBL2403108,Cc1cc(Nc2ncc(Cl)c(Nc3ccccc3S(=O)(=O)C(C)C)n2)c(OC(C)C)cc1C1CCNCC1,
CHEMBL198362,O=C(NC[C@H]1CN(c2ccc(N3CCOCC3=O)cc2)C(=O)O1)c1ccc(Cl)s1,
CHEMBL3704901,Cc1cnc(-c2ccnc(C(C)(C)O)n2)cc1-n1c(C)cc(OCc2ncc(F)cc2F)c(Cl)c1=O,
CHEMBL2103810,CCOC(=O)[C@@H](N)CCC(=O)N[C@@H](CSCc1ccccc1)C(=O)N[C@@H](C(=O)OCC)c1ccccc1.Cl,
CHEMBL1205,CS(=O)(=O)O.Cc1c(O)cccc1C(=O)N[C@@H](CSc1ccccc1)[C@H](O)CN1C[C@H]2CCCC[C@H]2C[C@H]1C(=O)NC(C)(C)C,
CHEMBL3137312,COc1c(-c2ccc3cc(NS(C)(=O)=O)ccc3c2)cc(-n2ccc(=O)[nH]c2=O)cc1C(C)(C)C,
CHEMBL1922660,CCOc1ccc(-c2ccc(Cn3c(CC(C)(C)C(=O)O)c(SC(C)(C)C)c4cc(OCc5ccc(C)cn5)ccc43)cc2)cn1,
CHEMBL5095204,COC(=O)N[C@H](C(=O)N1CCC[C@H]1c1ncc(-c2ccc(-c3ccc(-c4ccc5nc([C@@H]6CCCN6C(=O)[C@@H](NC(=O)OC)C(C)C)[nH]c5c4)c4c3[C@@H]3CC[C@H]4C3)cc2)[nH]1)C(C)C.O=P(O)(O)O.O=P(O)(O)O,
CHEMBL2095208,CC(C)c1nc(CN(C)C(=O)N[C@@H](CCN2CCOCC2)C(=O)N[C@H](CC[C@H](Cc2ccccc2)NC(=O)OCc2cncs2)Cc2ccccc2)cs1,
CHEMBL3707294,,
CHEMBL4297377,CCC(=O)[N-]S(=O)(=O)c1ccc(NC(=O)Cc2ccc(Br)c(Oc3cc(Cl)cc(C#N)c3)c2F)c(Cl)c1.[Na+],
CHEMBL4650285,Cn1nccc1Nc1nccc(-c2cc3c(s2)C(C)(C)N(CCN2CCOCC2)C3=O)n1,
CHEMBL4442620,C[C@@H](O)[C@@H](C)Oc1nc(Nc2ccc(S(=N)(=O)C3CC3)cc2)ncc1C(F)(F)F,
CHEMBL5095088,COCCN1C[C@@H](NC(=O)Nc2c(C)c(-c3cnc(C)nc3)nn2-c2ccccc2)[C@H](c2cccc(F)c2)C1,
CHEMBL2137530,c1ccc2c(CCNc3ccc(Nc4ccncc4)cc3)c[nH]c2c1,
CHEMBL690,CC[C@H](C)C(=O)O[C@H]1C[C@H](O)C=C2C=C[C@H](C)[C@H](CC[C@@H](O)C[C@@H](O)CC(=O)[O-])[C@H]21.[Na+],
CHEMBL945,N=C(N)NC(=O)c1nc(Cl)c(N)nc1N,
CHEMBL1422,N[C@@H](CC(=O)N1CCn2c(nnc2C(F)(F)F)C1)Cc1cc(F)c(F)cc1F,
CHEMBL4650827,CCN(C(=O)c1cc(F)ccc1Oc1cncnc1N1CC2(CCN(C[C@H]3CC[C@H](NS(=O)(=O)CC)CC3)CC2)C1)C(C)C,
CHEMBL2107823,Cc1cc(Nc2cc(CN3CCOCC3)c3nc(C)c(Cc4ccc(Cl)cc4F)n3n2)n[nH]1,
CHEMBL1650595,NCC(=O)Nc1ccc(-n2nc(C(F)(F)F)cc2-c2ccc3c(ccc4ccccc43)c2)cc1,
CHEMBL4594350,C=C(F)C(=O)N1CCN(c2nc(OC[C@@H]3CCCN3C)nc3c2CCN(c2cccc4cccc(Cl)c24)C3)C[C@@H]1CC#N,
CHEMBL2017974,Nc1cc(C(F)(F)F)c(-c2cc(N3CCOCC3)nc(N3CCOCC3)n2)cn1,
CHEMBL1944698,CN1C/C=C/CCOc2cccc(c2)-c2ccnc(n2)Nc2cccc(c2)C1,
CHEMBL3287255,O=C(CCCCNC(=O)c1nc(-c2nccs2)sc1C1CC1)NO,
CHEMBL116,CC(C)CN(C[C@@H](O)[C@H](Cc1ccccc1)NC(=O)O[C@H]1CCOC1)S(=O)(=O)c1ccc(N)cc1,
CHEMBL2103790,COC(=O)N1CC2(CC2)C[C@H](C(=O)NO)[C@H]1C(=O)N1CCN(c2ccccc2)CC1,
CHEMBL2074689,Cl.Cl.Cl.O[C@@H](COc1cccc2ncccc12)CN1CCN([C@@H]2c3ccccc3[C@@H]3[C@H](c4ccccc42)C3(F)F)CC1,
CHEMBL3304485,CN1Cc2c(Cl)cc(Cl)cc2[C@H](c2cccc(S(=O)(=O)NCCOCCOCCNC(=O)NCCCCNC(=O)NCCOCCOCCNS(=O)(=O)c3cccc([C@@H]4CN(C)Cc5c(Cl)cc(Cl)cc54)c3)c2)C1,
CHEMBL4559134,COc1ccc(CN2C3CC2CN(c2ccc(-c4cc(OCC(C)(C)O)cn5ncc(C#N)c45)cn2)C3)cn1,
CHEMBL363387,O=C(O)Cn1cc(Cc2nc3c(F)c(F)cc(F)c3s2)c2ccccc21,
CHEMBL5095031,CCCCCCN(CCOc1ccc(CCCCNC(=N)NC(=O)c2nc(Cl)c(N)nc2N)cc1)C[C@H](O)C(O)[C@H](O)[C@H](O)CO,
CHEMBL3989970,C=CC(=O)N[C@@H]1CN(c2nc(Nc3cn(C)nc3OC)c3ncn(C)c3n2)C[C@H]1F,
CHEMBL200022,O=C(O)CCN1C(=O)/C(=C/c2ccc(-c3ccc(Cl)cc3)o2)SC1=S,
CHEMBL3931971,COC(=O)N[C@@H](Cc1ccccc1)C(=O)N[C@@H](Cc1ccc(NS(=O)(=O)O)cc1)c1csc(-c2cccs2)n1,
CHEMBL3039504,CCS(=O)(=O)O.COC(=O)c1ccc2c(c1)NC(=O)/C2=C(\Nc1ccc(N(C)C(=O)CN2CCN(C)CC2)cc1)c1ccccc1,
CHEMBL4298211,,
CHEMBL2141296,CC(C)C[C@H](NC(=O)CNC(=O)c1cc(Cl)ccc1Cl)B(O)O,
CHEMBL2104969,O=C(O)c1ccc(CCCc2c(CCNS(=O)(=O)Cc3ccccc3C(F)(F)F)n(C(c3ccccc3)c3ccccc3)c3ccc(Cl)cc23)cc1,
CHEMBL4297639,CC(C)CC(=O)Nc1cncc(-c2ccc3[nH]nc(-c4nc5cncc(-c6cccc(F)c6)c5[nH]4)c3c2)c1,
CHEMBL5314801,CO[C@H]1O[C@H](COS(=O)(=O)O)[C@@H](O[C@@H]2O[C@@H](C(=O)O)[C@@H](O[C@H]3O[C@H](COS(=O)(=O)O)[C@@H](O[C@@H]4O[C@H](C(=O)O)[C@@H](O[C@H]5O[C@H](COS(=O)(=O)O)[C@@H](OC)[C@H](OC)[C@H]5OC)[C@H](OC)[C@H]4OC)[C@H](OS(=O)(=O)O)[C@H]3OS(=O)(=O)O)[C@H](OC)[C@H]2OC)[C@H](OS(=O)(=O)O)[C@H]1OS(=O)(=O)O,
CHEMBL5314862,,
CHEMBL4594281,CN1CCN(Cc2ccc(Nc3ncc(Cl)c(Nc4ccccc4S(=O)(=O)N(C)C)n3)cc2)CC1.O=C(O)C(O)C(O)C(=O)O.O=C(O)C(O)C(O)C(=O)O,
CHEMBL5095167,C=CC(=O)Nc1cc(Nc2nccc(-c3cn(CC(F)(F)F)c4ccccc34)n2)c(OC)cc1N(C)CCN(C)C,
CHEMBL4297629,COc1ccc([C@@H](O)c2cc(-c3ncnc4cc(N5CCOCC5)ccc34)c(F)cc2Cl)nn1,
CHEMBL317094,CCOC(=O)[C@H](CCc1ccccc1)N[C@@H](C)C(=O)N1C(=O)N(C)C[C@H]1C(=O)O,
CHEMBL571546,O=C(Cc1ccc(-c2ccc(OCCN3CCOCC3)cc2)cn1)NCc1ccccc1,
CHEMBL2103884,COC[C@H](NC(=O)c1cnc(C)s1)C(=O)N[C@@H](COC)C(=O)N[C@@H](Cc1ccccc1)C(=O)[C@@]1(C)CO1,
CHEMBL3545432,CC(C)C[C@H](NC(=O)CNC(=O)c1cc(Cl)ccc1Cl)B1OC(=O)C(CC(=O)O)(CC(=O)O)O1,
CHEMBL4297497,NCc1ccc2c(c1)nc(CN1C(=O)C3(CC3)c3ccc(F)cc31)n2CCCC(F)(F)F,
CHEMBL4533605,O=C(NNC(=O)[C@@H]1CC[C@@H]2CN1C(=O)N2OS(=O)(=O)O)[C@@H]1CCCNC1,
CHEMBL65067,O=C(C(c1ccccc1)c1ccccc1)N1CCN(CC(O)COc2cccc3ncccc23)CC1,
CHEMBL521686,O=C(c1cc(Cc2n[nH]c(=O)c3ccccc23)ccc1F)N1CCN(C(=O)C2CC2)CC1,
CHEMBL4650366,Cn1cc(-c2cc(S(C)(=O)=O)ccc2OCC2CC2)c2ccccc2c1=O,
CHEMBL4298174,Nc1cncc(-c2cn3ccnc3c(Nc3ccc(N4CCN(C5COC5)CC4)cc3)n2)n1.Nc1cncc(-c2cn3ccnc3c(Nc3ccc(N4CCN(C5COC5)CC4)cc3)n2)n1.O=C(O)CCC(=O)O.O=C(O)CCC(=O)O.O=C(O)CCC(=O)O,
CHEMBL4594405,Cc1cc(C)c(CNC(=O)c2cc(Cl)c3c(c2C)O[C@@](C)([C@H]2CC[C@H](N(C)C)CC2)O3)c(=O)[nH]1.Cc1ccc(S(=O)(=O)O)cc1,
CHEMBL218394,CC(C)(C)NC(=O)N[C@H](C(=O)N1C[C@H]2[C@@H]([C@H]1C(=O)NC(CC1CCC1)C(=O)C(N)=O)C2(C)C)C(C)(C)C,
CHEMBL4800252,COC(=O)Nc1cc(C(F)(F)F)c(-c2nc(N3CCOCC3)c3cc(CN4CCN(S(C)(=O)=O)CC4)cn3n2)cn1,
CHEMBL5314515,CC(C)C[C@H](NC(=O)CNC(=O)[C@@H]1CCN1c1ccc(F)cc1F)B1OC(=O)[C@H](CC(=O)O)O1,
CHEMBL4802155,Nc1nnc(CN[C@@H]2C[C@H]2c2ccc(OCc3ccccc3)cc2)o1,
CHEMBL4650338,CC#CC(=O)N1CC[C@@H](n2cc(-c3ccc(Oc4c(F)cccc4F)cc3)c3c(N)n[nH]c(=O)c32)C1,
CHEMBL3137317,Cc1c(C(=O)Nc2ccc(N3C[C@@H](C)O[C@@H](C)C3)nc2)cccc1-c1ccc(OC(F)(F)F)cc1.O=P(O)(O)O.O=P(O)(O)O,
CHEMBL273575,CN1Cc2c(N)cccc2C(c2ccccc2)C1,
CHEMBL1592,CCOC(=O)[C@H](CCc1ccccc1)N[C@@H](C)C(=O)N1Cc2ccccc2C[C@H]1C(=O)O,
CHEMBL1241855,COc1cc(OC)c(/C=C/S(=O)(=O)Cc2ccc(OC)c(NCC(=O)O)c2)c(OC)c1,
CHEMBL887,C#CCN[C@@H]1CCc2ccccc21,
CHEMBL2364614,CN1Cc2cc(-c3ccc(N)nn3)ccc2[C@H](c2ccc3ccccc3c2)C1,
CHEMBL4594270,CC(C)(NC(=O)O[C@@H]1CN2CCC1CC2)c1csc(-c2ccc(F)cc2)n1.O=C(O)CC(O)C(=O)O,
CHEMBL5201870,COCc1cc(C(=O)Nc2cc([C@H]3CC[C@@H](OC(=O)NC(C)C)C3)[nH]n2)n(C)n1,
CHEMBL1738797,CCc1cc2c(cc1N1CCC(N3CCOCC3)CC1)C(C)(C)c1[nH]c3cc(C#N)ccc3c1C2=O,
CHEMBL334830,O=C1C[C@@]2(C(=O)N1)C(=O)N(Cc1ccc(Br)cc1F)C(=O)c1cccn12,
CHEMBL4651002,Cc1cn(C(=O)c2c(-c3c(Cl)cc(Cl)cc3Cl)noc2C(C)(C)F)c2cccc(/C=C/C(=O)O)c12,
CHEMBL4297642,CC(=O)N(CCCCNCCCn1c(=O)[nH]c2ccccc2c1=O)CCCn1c(=O)[nH]c2ccccc2c1=O,
CHEMBL1201773,CC(=O)Oc1cc2c(s1)CCN(C(C(=O)C1CC1)c1ccccc1F)C2.Cl,
CHEMBL5314472,Cc1cc2n(c1)S(=O)(=O)c1ccc(C(=O)NCC[C@H]3COCCO3)cc1NC2=O,
CHEMBL4802195,,
CHEMBL110458,OC[C@H]1NC[C@H](O)[C@@H](O)[C@H]1O,
CHEMBL1082354,O=C(Nc1ncc([N+](=O)[O-])s1)c1cccs1,
CHEMBL4081711,CC[C@@H]1[C@H](F)C(=O)N[C@@H]1COc1nccc2cc(C(N)=O)c(OC)cc12,
CHEMBL1664,CC(C)CN(C[C@@H](OP(=O)(O)O)[C@H](Cc1ccccc1)NC(=O)O[C@H]1CCOC1)S(=O)(=O)c1ccc(N)cc1,
CHEMBL25263,O=C(O)[C@H]1CCCN1C(=O)CCCCC(=O)N1CCC[C@@H]1C(=O)O,
CHEMBL1206245,COc1cc(OC)c(/C=C/S(=O)(=O)Cc2ccc(OC)c(OP(=O)(O)O)c2)c(OC)c1,
CHEMBL504535,CCCN1CC(c2ccc(S(C)(=O)=O)cc2)=C(c2ccc(C)cc2)C1=O,
CHEMBL3545354,,
CHEMBL1339,CCCc1nc(C)c2c(O)nc(-c3cc(S(=O)(=O)N4CCN(CC)CC4)ccc3OCC)nn12.Cl,
CHEMBL3301603,CCc1nc(C(N)=O)c(Nc2ccc(N3CCC(N4CCN(C)CC4)CC3)c(OC)c2)nc1NC1CCOCC1.CCc1nc(C(N)=O)c(Nc2ccc(N3CCC(N4CCN(C)CC4)CC3)c(OC)c2)nc1NC1CCOCC1.O=C(O)/C=C/C(=O)O,
CHEMBL3693786,O=C(CCCCCCNC(=O)c1cnc(N(c2ccccc2)c2ccccc2Cl)nc1)NO,
CHEMBL1200969,C[C@]12C=CC(=O)N[C@@H]1CC[C@@H]1[C@@H]2CC[C@]2(C)[C@@H](C(=O)Nc3cc(C(F)(F)F)ccc3C(F)(F)F)CC[C@@H]12,
CHEMBL5095256,Cc1c(Nc2c(F)ccc(NS(=O)(=O)CCCF)c2Cl)ccc2ncn(C)c(=O)c12,
CHEMBL5314569,COc1cc(C(=O)c2cnc(-c3c[nH]c4ccccc34)[nH]2)cc(OC)c1OC.Cl,
CHEMBL180022,CCOc1cc2ncc(C#N)c(Nc3ccc(OCc4ccccn4)c(Cl)c3)c2cc1NC(=O)/C=C/CN(C)C,
CHEMBL3674570,CC1(C)CC=C(c2nc(C3CC(C)(C)OC(C)(C)C3)ccc2NC(=O)c2nc(C#N)c[nH]2)CC1,
CHEMBL67279,CC(C)[C@H](N)C(=O)N1CCC[C@H]1B(O)O,
CHEMBL5314591,COCc1nn(Cc2ccc(Cn3cc(F)ccc3=O)cc2)cc1C(=O)NCc1nccc(OC)c1F.Cl,
CHEMBL70611,Nc1ccc(SC[C@@H]2CO[C@](CCc3ccc(Cl)cc3)(Cn3ccnc3)O2)cc1,
CHEMBL2104947,CCOC(=O)Cn1cccc1-c1nc(-c2ccc(OC)cc2)c(-c2ccc(OC)cc2)s1,
CHEMBL2111119,COc1ccc(Cl)c2c1CCCC2N(C)C,
CHEMBL2347651,CS(=O)(=O)O.Cc1ccc(C(=O)N(CCCN)[C@@H](c2nc3cc(Cl)ccc3c(=O)n2Cc2ccccc2)C(C)C)cc1,
CHEMBL3115298,CC(C)(C)OC(=O)N1CCN(Cc2ccn(Cc3ccc(Cl)cc3)c(=O)c2O)CC1,
CHEMBL115653,CN1C(=O)N(C[C@H](C(=O)NO)[C@@H](CC2CCCC2)C(=O)N2CCCCC2)C(=O)C1(C)C,
CHEMBL48092,O=C(O)CCCCCc1cccc2cncn12,
CHEMBL1192519,O=C(O)CN1C(=O)[C@@H](N[C@@H](CCc2ccccc2)C(=O)O)CCc2ccccc21,
CHEMBL293299,COc1cc(Cc2cnc(N)nc2N)cc(OC)c1N(C)C,
CHEMBL579,C[C@H](N[C@@H](CCc1ccccc1)C(=O)O)C(=O)N1CC2(C[C@H]1C(=O)O)SCCS2,
CHEMBL3039506,Cc1ccc(S(=O)(=O)O)cc1.Cn1c(=O)n(-c2ccc(C(C)(C)C#N)cc2)c2c3cc(-c4cnc5ccccc5c4)ccc3ncc21,
CHEMBL2104968,CO[P@](=O)(c1cc(C)cc(/C=C/C#N)c1)c1c(C(N)=O)[nH]c2ccc(Cl)cc12,
CHEMBL5204429,Cc1ncccc1-c1cc2c(n3cnnc13)NCc1c(F)ccc3c1[C@@H](CO3)CO2,
CHEMBL1201391,CCC(C)(C)C(=O)O[C@H]1C[C@@H](C)C=C2C=C[C@H](C)[C@H](CC[C@@H](O)C[C@@H](O)CC(=O)O)[C@H]21,
CHEMBL2105015,Cl.Clc1cccc(C(c2ccc3[nH]cnc3c2)n2ccnc2)c1,
CHEMBL496748,O=C(O)CC[C@H](NC(=O)N[C@@H](CCCCNCc1ccc(I)cc1)C(=O)O)C(=O)O,
CHEMBL2107578,c1cnc2c(c1)C(Cc1ccncc1)(Cc1ccncc1)c1cccnc1-2,
CHEMBL3707221,CCCC[C@]1(CC)CS(=O)(=O)c2ccc(N(C)C)cc2[C@@H](c2cccc(NC(=O)N[C@@H]3O[C@H](COS(=O)(=O)[O-])[C@@H](O)[C@H](OCc4ccccc4)[C@H]3O)c2)[C@H]1O.[K+],
CHEMBL2146090,CC(C)(C)OC(=O)N[C@H]1CCCCC/C=C\[C@@H]2C[C@@]2(C(=O)[N-]S(=O)(=O)C2CC2)NC(=O)[C@@H]2C[C@@H](OC(=O)N3Cc4cccc(F)c4C3)CN2C1=O.[Na+],
CHEMBL2106909,CCCCCC(/C=C/n1ccnc1)OCc1ccccc1,
CHEMBL1201405,COc1cc2c(cc1OC)CN(C(=O)[C@H](C)N[C@@H](CCc1ccccc1)C(=O)O)[C@H](C(=O)O)C2,
CHEMBL325695,CC(=O)SC[C@@H](Cc1ccc2c(c1)OCO2)C(=O)N[C@@H](C)C(=O)OCc1ccccc1,
CHEMBL2219410,O=C([O-])c1ccc(/C=C/S(=O)(=O)Cc2ccc(Cl)cc2)cc1.[Na+],
CHEMBL2074730,COc1cc2c(cc1OC)CN(CCc1ccc(NC(=O)c3cccc4c(=O)c5cccc(OC)c5[nH]c34)cc1)CC2.Cl,
CHEMBL4594621,,
CHEMBL2105690,CC1(C)CCC(c2ccc(Cl)cc2)=C(CN2CCN(c3ccc(C(=O)NS(=O)(=O)c4ccc(N[C@H](CCN5CCOCC5)CSc5ccccc5)c(S(=O)(=O)C(F)(F)F)c4)cc3)CC2)C1.Cl.Cl,
CHEMBL423875,CC(C)(C)C(=O)OCOC(=O)[C@@H]1N2C(=O)C[C@H]2S(=O)(=O)C1(C)C,
CHEMBL4297162,,
CHEMBL2105674,Cc1cc(F)ccc1-c1nc(NC(CO)CO)nc2c1ccc(=O)n2-c1c(F)cccc1F.Cc1ccc(S(=O)(=O)O)cc1,
CHEMBL2105388,CCCC[C@H](N[C@@H](C)C(=O)N1[C@H](C(=O)OCC)C[C@@H]2CCCC[C@@H]21)C(=O)O,
CHEMBL5314442,N[C@@H](Cc1ccccc1)C(=O)N[C@@H](CC(=O)N1CCn2c(nnc2C(F)(F)F)C1)Cc1cc(F)c(F)cc1F,
CHEMBL1201368,CCC[C@H](N[C@@H](C)C(=O)N1[C@H](C(=O)O)C[C@@H]2CCCC[C@@H]21)C(=O)O,
CHEMBL300841,O=C(O)CN1C[C@@H](c2cccs2)SC[C@H](N[C@@H](CCc2ccccc2)C(=O)O)C1=O,
CHEMBL2104622,O=C(O)C1CCc2cc(OCCn3ccnc3)ccc21,
CHEMBL1316321,CN(C)CCCO[C@@H]1[C@H]2OC(C)(C)O[C@H]2O[C@@H]1[C@H](O)CO,
CHEMBL53538,CCCc1nn(C)c2c(=O)[nH]c(-c3cc(S(=O)(=O)N4CCN(CCO)CC4)ccc3OCC)nc12,
CHEMBL38120,CN[C@@H]1CC[C@@H](c2ccccc2)c2ccccc21,
CHEMBL544862,Cc1ccc(C23CNCC2C3)cc1.Cl,
CHEMBL2103936,CCC[C@@]1(CCc2ccccc2)CC([O-])=C([C@H](CC)c2cccc([N-]S(=O)(=O)c3ccc(C(F)(F)F)cn3)c2)C(=O)O1.[Na+].[Na+],
CHEMBL2105197,C[C@H](CSC(=O)[C@@H](C)NC(=O)C1CCCCC1)C(=O)N1CCC[C@H]1C(=O)O,
CHEMBL2364604,Cl.Nc1cc(C(F)(F)F)c(-c2cc(N3CCOCC3)nc(N3CCOCC3)n2)cn1,
CHEMBL3989681,O=C(CCCCCCCCCCNC(=O)[C@H](O)[C@@H](O)[C@H](O)[C@H](O)CO)Nc1ccccc1[C@@H](Nc1ccccn1)[C@H](c1ccccn1)[C@H](O)c1ccccc1,
CHEMBL2107329,COC(=O)Nc1nc2cc(Sc3ccc(NC(=O)[C@H](C)N)cc3)ccc2[nH]1.Cl,
CHEMBL3707361,CCOC(=O)[C@H](CCc1ccccc1)N[C@@H](C)C(=O)N1[C@H](C(=O)O)C[C@@H]2CCCC[C@@H]21.Cl,
CHEMBL331369,CCOC(=O)[C@H](CCc1ccccc1)N[C@@H](C)C(=O)N1[C@H](C(=O)O)C[C@@H]2CCCC[C@@H]21,
CHEMBL2107326,CCn1c(=O)c2c(nc(N[C@@H]3CCC[C@H]3O)n2Cc2ccc(OC)c(Br)c2)n(CCO)c1=O,
CHEMBL2219423,Cl.Cn1ncc(Cl)c1-c1cc(C(=O)N[C@H](CN)Cc2cccc(F)c2)sc1Cl,
CHEMBL3989650,CC1(C)[C@H](C(=O)O)N2C(=O)C[C@H]2S1(=O)=O.CC1(C)[C@H](C(=O)O)N2C(=O)C[C@H]2S1(=O)=O.c1ccc(CNCCNCc2ccccc2)cc1,
CHEMBL3991122,CC[C@H]1CN2CC[C@H]1C[C@H]2[C@H](O)c1cccc2ccc(OCCC(C)C)cc12,
CHEMBL279786,CNC(=O)[C@H](Cc1ccccc1)NC(=O)[C@H](CC(C)C)[C@H](CSc1cccs1)C(=O)NO,
CHEMBL3545124,CN(C)C(C(=O)Nc1ccc2c(=O)[nH]ccc2c1)c1ccsc1.Cl,
CHEMBL10372,O=C(O)Cc1nn(Cc2nc3cc(C(F)(F)F)ccc3s2)c(=O)c2ccccc12,
CHEMBL280378,CCOc1cc(Cc2cnc(N)nc2N)cc(OCC)c1-n1cccc1,
CHEMBL450895,C[C@@H]1[C@H](O)[C@@H](C)/C=C/C=C/CC/C=C/C=C/C=C/C=C/[C@H](O[C@@H]2O[C@H](C)[C@@H](O)[C@H](N)[C@@H]2O)C[C@@H]2O[C@](O)(C[C@@H](O)[C@H](O)CC[C@@H](O)C[C@@H](O)C[C@@H](O)CC(=O)O[C@H]1C)C[C@H](O)[C@H]2C(=O)O,
CHEMBL2108699,,
CHEMBL3137325,COc1ccc2c(c1)[C@@H]1C[C@]1(C(=O)N1C3CCC1CN(C)C3)Cn1c-2c(C2CCCCC2)c2ccc(C(=O)NS(=O)(=O)N(C)C)cc21.Cl,
CHEMBL2218880,CC1CC(OC(=O)[C@@H]2CCC(=O)N2)CC(C)(C)C1,
CHEMBL4297665,C#Cc1cccc(Nc2ncnc3cc4c(cc23)OCCOCCOCCO4)c1.Cl,
CHEMBL5095090,COC(=O)c1ccc2c(n1)NC(=O)/C2=C(\Nc1ccc(N(C)C(=O)CN2CCN(C)CC2)cc1)c1ccccc1,
CHEMBL3544915,C=C[C@@H]1C[C@]1(NC(=O)[C@@H]1C[C@@H](Oc2cc(-c3csc(NC(=O)C(C)C)n3)nc3c(Br)c(OC)ccc23)CN1C(=O)[C@@H](NC(=O)OC1CCCC1)C(C)(C)C)C(=O)[O-].[Na+],
CHEMBL4594534,,
CHEMBL3707269,CC[C@@H]1CN(C(=O)NCC(F)(F)F)C[C@@H]1c1cnc2cnc3[nH]ccc3n12.O.O.O.O.O=C(O)C(O)C(O)C(=O)O,
CHEMBL4297225,CC1(C)CC=C(c2nc(C3CC(C)(C)OC(C)(C)C3)ccc2NC(=O)c2nc(C#N)c[nH]2)CC1.Cl,
CHEMBL29835,CCCN(c1ccncc1)n1ccc2ccccc21,
CHEMBL75013,O=C(CCC1CCN(Cc2ccccc2)CC1)c1ccc2c(c1)NCCCC2,
CHEMBL113841,CC(C)C[C@H](O)[C@H](O)[C@H](CC1CCCCC1)NC(=O)[C@H](Cc1cscn1)NC(=O)[C@H](Cc1ccccc1)CS(=O)(=O)N1CCN(C)CC1,
CHEMBL287677,N#Cc1ccc([C@H]2CCCc3cncn32)cc1,
CHEMBL1790497,CC[C@H](C)[C@H](NC(=O)[C@@H](C[C@H](O)[C@H](CC(C)C)NC(=O)[C@H](Cc1c[nH]cn1)N(C)C(=O)[C@H](Cc1ccccc1)NC(=O)[C@@H]1CCCN1C(=O)OC(C)(C)C)C(C)C)C(=O)NCc1ccccn1,
CHEMBL277592,COc1ccc(-c2nc(C(F)(F)F)sc2-c2ccc(OC)cc2)cc1,
CHEMBL2104854,CCc1cccc2sc(Sc3ccc4c(c3)CC[C@H]3N(C)C(=O)CC[C@]43C)nc12,
CHEMBL23811,COC(=O)c1nc2cc(Cl)c3cccnc3c2o1,
CHEMBL153427,CCOC(=O)c1c(C)cc2c(CO)n[nH]c(=O)c2c1C,
CHEMBL25892,CC(C)C(NC(=O)Cn1c(-c2ccccc2)ncc(N)c1=O)C(=O)c1nnc(C(C)(C)C)o1,
CHEMBL4748063,Brc1cccc(-c2cc(-c3ccc4c(c3)OCO4)n[nH]2)c1,
CHEMBL1098285,CN(CCCCCCN(C)C(=O)Oc1ccc[n+](C)c1)C(=O)Oc1ccc[n+](C)c1.[Br-].[Br-],
CHEMBL329012,O=C(O)/C=C\C(=O)O.O=C1Cc2cc3c(CCC4CCN(Cc5ccccc5)CC4)noc3cc2N1,
CHEMBL2107711,CN(C)CCOc1ccccc1-c1nc(-c2ccccc2)c(-c2ccccc2)[nH]1,
CHEMBL2111132,c1ccc2c(c1)cc(-c1nnn[nH]1)c1nnnn12,
CHEMBL2106094,CCCN(c1ccncc1)n1ccc2ccccc21.Cl,
CHEMBL3301575,,
CHEMBL2105038,NN(Cc1ccccc1)CC1COc2ccccc2O1,
CHEMBL2105234,C[C@]12C=CC(=O)C(N)=C1C=C[C@@H]1[C@@H]2CC[C@]2(C)C(=O)CC[C@@H]12,
CHEMBL3989903,CN1CCN(c2ccccc2/C=C2\SCCN(c3ccc(Cl)c(Cl)c3)C2=O)CC1.O=C(O)CC(O)(CC(=O)O)C(=O)O,
CHEMBL5314462,O=C(c1nc2n(n1)[C@H](c1ccccc1)C[C@@H]2F)C1CC1,
CHEMBL2108732,,
CHEMBL2104358,COc1ccc(C(C)(C)NC(=O)[C@H]2CC[C@H]3[C@@H]4CC[C@H]5NC(=O)C=C[C@]5(C)[C@H]4CC[C@]23C)cc1,
CHEMBL5095105,CC(=O)N[C@H]1CC[C@H](NC(=O)CN2CCN(c3nncc(-c4ccc(C)cc4)n3)CC2)CC1,
CHEMBL5314477,N=C(N)NOCCONC(=O)[C@@H]1CC[C@@H]2CN1C(=O)N2OS(=O)(=O)O,
CHEMBL4297222,CS(=O)(=O)O.Cc1cc(C(=O)Nc2nc3cccc(Cl)c3n2[C@@H]2CCCCN(C(=O)/C=C/CN(C)C)C2)ccn1.O.O.O,
CHEMBL2104845,Cc1ccc2oc(N[C@@H](CC3CCCCC3)c3ccccn3)nc2c1,
CHEMBL2106429,CN(Cc1ccc(S(=O)(=O)N2CCOCC2)cc1)c1ccc2c3c(cccc13)C(=N)N2.O=C(O)[C@H]1O[C@@H](O)[C@H](O)[C@@H](O)[C@@H]1O,
CHEMBL2106281,CCOCCOC(=O)c1nc2cc(Cl)ccc2o1,
CHEMBL2105595,Clc1cccc(C(c2ccc3[nH]cnc3c2)n2ccnc2)c1.O=C(O)/C=C/C(=O)O,
CHEMBL5314851,,
CHEMBL5314505,CC(C)c1c(C(=O)Nc2ccc(CO)cc2)c(-c2ccccc2)c(-c2ccc(F)cc2)n1CC[C@@H](O)C[C@@H](O)CC(=O)O,
CHEMBL2104330,CN(CC(=O)NO)C(=O)[C@@H]1CCCC[C@@H]1C(=O)O,
CHEMBL5095101,NC1=N[C@H](c2nnc([C@@H]3CC4(CC4)[C@@H]4CN3C(=O)N4OS(=O)(=O)O)o2)CN1,
CHEMBL5095084,Cc1cc(-c2nc(-c3ccnc(N)c3F)ccc2O)nc(N)n1,
CHEMBL1697842,CCC(c1ccc2cc(OC)ccc2c1)C(C)(C)C(=O)O,
CHEMBL396298,COc1cc2c(cc1OC)CN(CCc1ccc(NC(=O)c3cccc4c(=O)c5cccc(OC)c5[nH]c34)cc1)CC2,
CHEMBL2106525,CO/N=C/[C@@H]1[C@@H](c2ccc(Cl)c(Cl)c2)C[C@@H]2CC[C@H]1N2C.O=C(O)/C=C\C(=O)O,
CHEMBL2104949,Cc1ccccc1N1CCN(CCCOc2ccccn2)CC1,
CHEMBL2105641,CNc1cc2[nH]c(=O)n(-c3ccc(NC(=O)[N-]S(=O)(=O)c4ccc(Cl)s4)cc3)c(=O)c2cc1F.[K+],
CHEMBL2107344,COCCN1CCC(N(Cc2ccc(-c3ccc(C(F)(F)F)cc3)cc2)C(=O)Cn2c(CCc3cccc(F)c3F)cc(=O)c3cccnc32)CC1,
CHEMBL2105433,N=C(N)Nc1ccc(C(=O)Oc2ccc(SCCN3C(=O)CCC3=O)cc2)cc1,
CHEMBL3989607,CNCC(=O)N[C@H](C(=O)N[C@@H](Cc1ccccc1)[C@H](O)CN(CCC(C)C)C(=O)NC(C)(C)C)C(C)(C)C.Cl,
CHEMBL5314536,[2H]c1c([2H])c([2H])c2c(C(=O)c3cc(Br)c(O)c(Br)c3)c(C(C)O)oc2c1[2H],
CHEMBL261932,O=C(C[C@H](CSc1ccccc1)C(=O)O)c1ccc(-c2ccc(Cl)cc2)cc1,
CHEMBL342372,C[C@H](N[C@@H](CCc1ccccc1)C(=O)O)C(=O)N1N=C(C(C)(C)C)S[C@H]1C(=O)O,
CHEMBL272342,O=C(O)c1ccc(CCCc2c(CCNS(=O)(=O)Cc3ccc(Cl)c(Cl)c3)n(C(c3ccccc3)c3ccccc3)c3ccc(Cl)cc23)cc1,
CHEMBL24955,CN1C(=O)CC[C@@H]2c3ccc(Cl)cc3CC[C@H]21,
CHEMBL293743,CC(C#Cc1cccc(Oc2ccc(F)cc2)c1)N(O)C(N)=O,
CHEMBL1256946,CN(C)CCCO[C@@H]1[C@H]2OC(C)(C)O[C@H]2O[C@@H]1[C@H](O)CO.Cl,
CHEMBL489079,NC/C(=C/F)CCc1ccc(F)cc1,
CHEMBL269455,O=C1NC(=O)C2(N1)c1cc(F)ccc1-c1ccc(F)cc12,
CHEMBL356066,O=C(/C=C/c1ccc(CN(CCO)CCc2c[nH]c3ccccc23)cc1)NO,
CHEMBL2104499,CCOC(=O)[C@H](CCc1ccccc1)N[C@H]1CS[C@H](c2cccs2)CN(CC(=O)O)C1=O.Cl,
CHEMBL107747,CC1(C)CCC[C@H](NC(=O)[C@@H](S)Cc2ccccc2)C(=O)N1CC(=O)O,
CHEMBL558198,CN(C)Cc1nccn1-c1ccc(NC(=O)c2cc(C(F)(F)F)nn2-c2ccc3onc(N)c3c2)c(F)c1.Cl,
CHEMBL2364627,CC(C)(C)Cn1c(N)nc2ccc(-c3[nH]c(C(C)(C)C)nc3-c3ccc(F)cc3)nc21.CS(=O)(=O)O.CS(=O)(=O)O,
CHEMBL184041,Cc1cc(-c2c3ccccc3c(Br)c3sc(C)c(C)c23)cc(C)c1O[C@H](Cc1ccccc1)C(=O)O,
CHEMBL67,COc1ccc(/C=C\c2cc(OC)c(OC)c(OC)c2)cc1O,
CHEMBL28636,COc1ccc(-c2cc(C(F)F)nn2-c2ccc(S(N)(=O)=O)cc2)cc1F,
CHEMBL1516410,CC(=O)SC[C@@H](Cc1ccccc1)C(=O)NCC(=O)OCc1ccccc1,
CHEMBL42583,CS(=O)(=O)N[C@@H](CCCCN)C(=O)NC[C@H](CC1(C(=O)N[C@@H](Cc2ccc(O)cc2)C(=O)O)CCCC1)C(=O)O,
CHEMBL207602,CCCCCCCCCCCCCC(=O)OC(C)C,
CHEMBL447977,CCCCCCCCN1CCc2c(C)c(CC(=O)O)c(C)c(NC(=O)C(C)(C)C)c21.CCCCCCCCN1CCc2c(C)c(CC(=O)O)c(C)c(NC(=O)C(C)(C)C)c21.O=S(=O)(O)O,
CHEMBL4297518,CCCOc1ccc(S(=O)(=O)N2CCN(CCO)CC2)cc1-c1nc2c(CCC)cn(CC)c2c(=O)[nH]1,
CHEMBL4066193,COc1cc(Nc2nn([C@H]3COCC[C@@H]3C#N)cc2C(N)=O)cc(F)n1,
CHEMBL296602,CNC1CC(c2ccc(Cl)c(Cl)c2)c2ccccc21,
CHEMBL313489,CC(C)(C)Sc1c(CC(C)(C)C(=O)[O-])n(Cc2ccc(Cl)cc2)c2ccc(OCc3ccc4ccccc4n3)cc12.[Na+],
CHEMBL3040582,COc1ccc2c(O[C@@H]3C[C@H]4C(=O)N[C@]5(C(=O)NS(=O)(=O)C6CC6)C[C@H]5/C=C\CCCCC[C@H](CC(=O)N5CCCC(F)(F)C5)C(=O)N4C3)cc(-c3nc(C(C)C)cs3)nc2c1C,
CHEMBL2107466,COc1ccc(C(=C(C#N)CCC(=O)O)c2ccc(OC)cc2)cc1,
CHEMBL2105727,CN(C)Cc1c(C(=O)NCCOc2ccc(C(=O)NO)cc2)oc2ccccc12.Cl,
CHEMBL2107064,O=C(O)c1ccc2c(c1)C=C(n1ccnc1)CC2,
CHEMBL5314514,CN[C@@H](C)C(=O)N[C@H]1CN(S(=O)(=O)c2cccc(S(=O)(=O)N3CC[C@H]4CC[C@@H](C(=O)NC(c5ccccc5)c5ccccc5)N4C(=O)[C@@H](NC(=O)[C@H](C)NC)C3)c2)CC[C@H]2[C@@H](C(=O)NC(c3ccccc3)c3ccccc3)CCN2C1=O,
CHEMBL2218882,N#Cc1ccc(C(C(O)Cc2ccc(F)cc2)n2cncn2)cc1,
CHEMBL2111088,COC(=O)Nc1nc2cc(Sc3ccc(NC(=O)[C@H](C)N)cc3)ccc2[nH]1,
CHEMBL3301596,Cl.N[C@@H]1CC[C@@H](c2ccc(Cl)c(Cl)c2)c2ccccc21,
CHEMBL2051970,C[C@H](CSC(=O)C(C)(C)C)C(=O)N(CC(=O)O)C1CCCC1,
CHEMBL138225,CC(C)(C)NC(=O)[C@H]1CC[C@H]2[C@@H]3CC=C4C=C(C(=O)O)CC[C@]4(C)[C@H]3CC[C@]12C,
CHEMBL325166,N=C(N)N1CCC[C@@H](CNC(=O)C[C@H](NS(=O)(=O)c2ccc3ccccc3c2)C(=O)N(CC(=O)O)C2CC2)C1,
CHEMBL60550,CSC[C@H](NC(=O)[C@H](Cc1ccccc1)NC(=O)N1CCOCC1)C(=O)N[C@@H](CC1CCCCC1)[C@@H](O)C(=O)OC(C)C,
CHEMBL167055,CC(=O)C(=Cc1cc(O)c(O)c([N+](=O)[O-])c1)C(C)=O,
CHEMBL536282,Cl.NCc1c[nH]c(=S)n1[C@H]1CCc2c(F)cc(F)cc2C1,
CHEMBL2105679,C[C@@H]1COC(Nc2ccc3ncnc(Nc4ccc(OCc5nccs5)c(Cl)c4)c3c2)=N1.Cc1ccc(S(=O)(=O)O)cc1.Cc1ccc(S(=O)(=O)O)cc1,
CHEMBL2108759,,
CHEMBL2107809,CCc1c(C(=O)C(N)=O)c2c(OCC(=O)[O-])cccc2n1Cc1ccccc1.[Na+],
CHEMBL3137329,Br.NC(=O)c1cnc2[nH]ccc2c1N[C@@H]1[C@@H]2CC3C[C@H]1C[C@@](O)(C3)C2,
CHEMBL2105716,O=C([O-])CSc1nnc(Br)n1-c1ccc(C2CC2)c2ccccc12.[Na+],
CHEMBL2105657,C[C@H](O)C(=O)O.Cc1cc(Nc2cc(N3CCN(C)CC3)nc(Sc3ccc(NC(=O)C4CC4)cc3)n2)n[nH]1,
CHEMBL36503,NCCCC[C@H](OP(=O)(O)CCCCc1ccccc1)C(=O)N1CCC[C@H]1C(=O)O,
CHEMBL2107436,COc1ccc(Cl)c2c1CCCC2N(C)C.Cl,
CHEMBL2108695,,
CHEMBL2108143,,
CHEMBL2218897,Cc1cc(C2=C(/C=C/C3CC(O)CC(=O)O3)C(C)(C)CC(C)(C)C2)ccc1F,
CHEMBL2108349,,
CHEMBL2105855,CCCCCCN(Cc1ccc(CC(C)(C)C)cc1)C(Nc1cc(C(C)(C)C)c(O)c(C(C)(C)C)c1)=C1C(=O)OC(C)(C)OC1=O,
CHEMBL2105696,COc1cccc(C(=O)Nc2ccc(OCCN3CCOCC3)c(-c3ccnn3C)c2)c1.Cl,
CHEMBL5314784,,
CHEMBL2104522,CC(C)Sc1ccc([C@H](O)[C@@H](C)N2CCN(C(=O)/C=C/c3ccccc3)CC2)cc1,
CHEMBL325441,O=C(O)C(=O)c1cn(Cc2ccccc2)c2ccc(-c3ccc(OC(F)(F)F)cc3)cc12,
CHEMBL3301602,Cl.O.O.O.O=C(Nc1nc2cccc(-c3ccc(CN4CCS(=O)(=O)CC4)cc3)n2n1)C1CC1,
CHEMBL5314516,O=C(Nc1cc(C(F)(F)F)cc(C(F)(F)F)c1)Nc1ccc(Br)cc1-c1nnn[nH]1,
CHEMBL3989450,C[C@H](N[C@@H](CCc1ccccc1)C(=O)O)C(=O)N1C2CCC(CC2)[C@H]1C(=O)O,
CHEMBL5314499,Cc1cccc(COc2ccc(Sc3ccoc3C3NC(=O)NC3=O)cc2)c1,
CHEMBL5314450,CCc1nc2ncc(F)cn2c1C(=O)c1cc(Br)c(O)c(Br)c1,
CHEMBL5314522,C=CC(=O)N[C@H]1CCOC[C@H]1Nc1ncc2cc(-c3c(F)c(OC)cc(OC)c3F)nc(N3CC(C)(OC)C3)c2n1,
CHEMBL2106052,NNCC1CCCCC1,
CHEMBL2109039,,
CHEMBL5314482,CCCCC1(CCCC)CN(c2ccccc2)c2cc(SC)c(OCCC(=O)O)cc2S(=O)(=O)N1,
CHEMBL35084,COCCOC[C@H](CC1(C(=O)N[C@H]2CC[C@@H](C(=O)O)CC2)CCCC1)C(=O)Oc1ccc2c(c1)CCC2,
CHEMBL5314525,C[C@]1(O)CC[C@H](NS(=O)(=O)c2ccc(-c3ccc(Cl)c(C#N)c3)cc2)CC1,
CHEMBL3039527,Cl.Cn1cc(CNCC2CCN(c3ncc(C(=O)NO)cn3)CC2)c2ccccc21,
CHEMBL289556,O=C(N[C@H]1CCS[C@H]2CCC[C@@H](C(=O)O)N2C1=O)[C@@H](S)Cc1ccccc1,
CHEMBL2105502,COCCO[C@@H]1c2ccn3c(C)c(C)nc3c2N[C@H](c2ccccc2)[C@H]1O,
CHEMBL430554,NCCCC[C@H](N[C@H]1CCc2ccccc2N(CC(=O)O)C1=O)C(=O)O,
CHEMBL2105775,CC(C)C[C@H](O)[C@H](O)[C@H](CC1CCCCC1)NC(=O)[C@H](Cc1cscn1)NC(=O)[C@H](Cc1ccccc1)CS(=O)(=O)N1CCN(C)CC1.Cl,
CHEMBL3989942,CC#Cc1cncc(-c2ccc3c(c2)[C@@]2(N=C(C)C(N)=N2)[C@]2(CC[C@H](OC)CC2)C3)c1.CC1(C)[C@@H]2CC[C@@]1(CS(=O)(=O)O)C(=O)C2,
CHEMBL3544982,COc1cc2c(Nc3ccc(Cl)c(Cl)c3F)ncnc2cc1OC[C@@H]1C[C@@H]2CN(C)C[C@@H]2C1.Cc1ccc(S(=O)(=O)O)cc1,
CHEMBL273910,O=C1CC2(C(=O)N1)C(=O)N(Cc1ccc(Br)cc1F)C(=O)c1ccc(F)cc12,
CHEMBL5095247,Cc1ccc(NC(=O)N2CC[C@@H](CC(F)(F)F)C2)cc1-c1cc(N[C@H](C)CO)nc(N2CCOCC2)c1.Cl,
CHEMBL4802241,N#CCC1(n2cc(-c3ncnc4[nH]ccc34)cn2)CN(S(=O)(=O)C2CC2)C1,
CHEMBL2105911,Cc1cc(Cc2cnc(N)nc2N)c2cccnc2c1N(C)C,
CHEMBL5314435,NCc1nccc(-c2cc(COc3ccccc3CC(=O)O)cc3ccoc23)c1F,
CHEMBL3989608,CCOC(=O)[C@H](CCc1ccccc1)N[C@@H](C)C(=O)N1C2CCC(CC2)[C@H]1C(=O)O,
CHEMBL63055,O=C(O)CN1C(=O)c2cccc3cccc(c23)C1=O,
CHEMBL10413,O=C(O)Cn1c(=O)n(Cc2ccc(Br)cc2F)c(=O)c2ccc(Cl)cc21,
CHEMBL3039500,CN1CCN(C2CCN(C(=O)Nc3cc(Oc4ccc(NC(=O)C5(C(=O)Nc6ccc(F)cc6)CC5)c(F)c4)ccn3)CC2)CC1.O=C(O)C(O)C(O)C(=O)O,
CHEMBL3039533,C=C[C@@H]1C[C@]1(NC(=O)[C@@H]1C[C@@H]2CN1C(=O)[C@H](C(C)(C)C)NC(=O)O[C@@H]1C[C@H]1CCCCCc1nc3ccc(OC)cc3nc1O2)C(=O)NS(=O)(=O)C1CC1.O,
CHEMBL2107586,CCCCCCCNC(=O)Oc1ccc2c(c1)[C@]1(C)CCN(C)O[C@@H]1N2C,
CHEMBL2108254,,
CHEMBL2106980,c1ccc(-c2nc(N3CCNCC3)cc3ccccc23)cc1,
CHEMBL3039536,CC(=N)NCCSC[C@](C)(N)C(=O)O.CC(=N)NCCSC[C@](C)(N)C(=O)O.Cl.O=C(O)/C=C\C(=O)O,
CHEMBL3040926,CC(=N)NCCSC[C@](C)(N)C(=O)O,
CHEMBL2107332,CCCCCc1c(-c2ccc3cc(OCc4nnn[nH]4)ccc3c2)n(Cc2ccccc2)c2ccccc12,
CHEMBL2109145,,
CHEMBL2104875,COc1cc(Cc2cnc(N3C(=O)c4ccccc4C3=O)nc2N)cc(OC)c1OC,
CHEMBL2104380,CC(C)(C(=O)N1CCOCC1)S(=O)(=O)C[C@@H](Cc1ccccc1)C(=O)N[C@@H](Cc1c[nH]cn1)C(=O)N[C@@H](CC1CCCCC1)[C@@H](O)[C@@H](O)C1CC1,
CHEMBL101309,CC(C)c1cc(C(C)C)c(CC(=O)NS(=O)(=O)Oc2c(C(C)C)cccc2C(C)C)c(C(C)C)c1,
CHEMBL1908332,CC(C)NC(=O)N(C(=O)[C@H]1CC[C@H]2[C@@H]3CC[C@H]4N(C)C(=O)CC[C@]4(C)[C@H]3CC[C@]12C)C(C)C,
CHEMBL2106789,C[C@@H]1O[C@@H](CC(=O)O)CC2=C1C(=O)c1c(O)cccc1C2=O,
CHEMBL1817841,O=[N+]([O-])OCCCO,
CHEMBL1201373,CC[C@H](C)C(=O)O[C@H]1C[C@@H](C)C=C2C=C[C@H](C)[C@H](CC[C@@H](O)C[C@@H](O)CC(=O)O)[C@H]21,
CHEMBL2105891,CNC(=O)Oc1ccc2c(c1)[C@]1(C)CCN(C)[C@@H]1N2C.CNC(=O)Oc1ccc2c(c1)[C@]1(C)CCN(C)[C@@H]1N2C.O=S(=O)(O)O,
CHEMBL2106126,CCOC(=O)[C@H](CCc1ccccc1)N[C@@H](C)C(=O)N(CC(=O)O)C1Cc2ccccc2C1.Cl,
CHEMBL2107131,CCOC(=O)[C@H](C)C[C@@H](C)C(=O)N1c2ccccc2C[C@H]1C(=O)O,
CHEMBL4127030,C[C@]1(O)[C@H](n2ccc(=O)[nH]c2=O)O[C@](F)(COP(=O)(O)OP(=O)(O)OP(=O)(O)O)[C@H]1O,
CHEMBL2105677,CN1CCN(CCOc2cc(OC3CCOCC3)c3c(Nc4c(Cl)ccc5c4OCO5)ncnc3c2)CC1.O=C(O)/C=C/C(=O)O.O=C(O)/C=C/C(=O)O,
CHEMBL4594249,,
CHEMBL2107579,CCCn1c(=O)c2ccccc2n2c(CN3CCCCC3)nnc12,
CHEMBL4646510,CS(=O)(=O)n1cc2c(n1)CN([C@@H]1C[C@H](N)[C@@H](c3cc(F)ccc3F)O[C@@H]1C(F)(F)F)C2,
CHEMBL5315058,CS(=O)(=O)O.Cc1ccc(NC(=O)c2ccc(CN3CCN(C)CC3)cc2)cc1Nc1nc(-c2cccnc2)cs1,
CHEMBL3989835,CN[C@H]1[C@@H](O[C@@H]2/C3=C/C#C[C@H]4O[C@@]4([C@@H]4COC(=O)O4)C#CC3=C[C@H]2OC(=O)c2c(C)ccc3c(C)cc(OC)cc23)O[C@H](C)[C@H](O)[C@@H]1O,
CHEMBL1257753,Cc1nc(Nc2ccc(F)cc2)nc(N2CCc3ccccc3C2C)c1C.Cl,
CHEMBL1159823,CC(C)C[C@@H](NC(=O)[C@H](O)COS(=O)(=O)O)C(=O)N[C@@H]1C(=O)N[C@@H](CCCN=C(N)N)C(=O)N[C@H]2CC[C@H](O)N(C2=O)[C@@H](CC(C)C)C(=O)N(C)[C@H](Cc2ccc(O)cc2)C(=O)N[C@H](C(C)C)C(=O)O[C@@H]1C,
CHEMBL114715,N=C(N)NCCCNC(=O)[C@@H]1CCCCN1C(=O)[C@@H](CC1CCCCC1)NCC(=O)O,
CHEMBL2105645,COc1cc(Cc2cnc(N)nc2N)c2c(c1OC)OC(C1CC1)C=C2.CS(=O)(=O)O,
CHEMBL3545364,CS(=O)(=O)O.O.O.O=c1ccc2ncc(=O)n3c2n1C[C@H]3CN1CCC(NCc2cc3c(cn2)OCCC3)CC1,
CHEMBL2103843,CCOc1ncc(S(=O)(=O)N2CCN(CC)CC2)cc1-c1nc2c(CC)n(CCOC)nc2c(=O)[nH]1.O=S(=O)(O)c1ccccc1,
CHEMBL1189780,O=C(O)c1ccc2c(c1)CCC(Cn1ccnc1)C2,
CHEMBL2104720,CCCCCC(/C=C/n1ccnc1)OC(=O)c1cccnc1,
CHEMBL3989427,CC[C@H]1CN2CC[C@H]1C[C@H]2[C@H](O)c1cccc2ccc(OCCC(C)C)cc12.Cl.Cl,
CHEMBL3989448,COc1cc2c(cc1OC)[C@H]1CN(C)CC[C@H]1N=C2c1ccc(NS(=O)(=O)c2ccc(C)cc2)cc1,
CHEMBL2105508,CCOc1nsnc1NS(=O)(=O)c1ccc(N)cc1,
CHEMBL269787,O=C(O)c1ccc(OCCc2c(CCNS(=O)(=O)Cc3ccc(Cl)c(Cl)c3)n(C(c3ccccc3)c3ccccc3)c3ccc(Cl)cc23)cc1,
CHEMBL1631216,C=C(F)c1sc(CNCCCNc2cc(=O)c3ccccc3[nH]2)c(C)c1Br,
CHEMBL1733,C[C@H](N[C@@H](CCc1ccccc1)C(=O)O)C(=O)N1Cc2ccccc2C[C@H]1C(=O)O,
CHEMBL359570,O=C1Cc2cc3c(CCC4CCN(Cc5ccccc5)CC4)noc3cc2N1,
CHEMBL433041,CCCCCCCNC(=O)Oc1ccc2c(c1)[C@]1(C)CCN(C)[C@@H]1N2C,
CHEMBL2105279,COC(=O)Nc1cccc(C)c1CNc1cccn2c(C)c(C)nc12,
CHEMBL19611,CNC(=O)[C@H](Cc1c[nH]c2ccccc12)NC(=O)[C@@H](CC(=O)NO)CC(C)C,
CHEMBL2107785,CCC(C)(C)C(=O)O[C@H]1C[C@@H](C)C=C2C=C[C@H](C)[C@H](CC[C@@H](O)C[C@@H](O)CC(=O)[O-])[C@H]21.CCC(C)(C)C(=O)O[C@H]1C[C@@H](C)C=C2C=C[C@H](C)[C@H](CC[C@@H](O)C[C@@H](O)CC(=O)[O-])[C@H]21.[Ca+2],
CHEMBL3989670,O.c1cnc2c(c1)C(Cc1ccncc1)(Cc1ccncc1)c1cccnc1-2,
CHEMBL2105633,COc1cc2c(cc1OC)[C@@H]1C[C@H](N)[C@@H](N3C[C@@H](CF)CC3=O)CN1CC2.Cl.Cl,
CHEMBL1201582,,
CHEMBL2108828,,
CHEMBL3989930,C=CC(=O)Nc1cccc(Oc2nc(Nc3ccc(N4CCN(C)CC4)cc3)nc3ccsc23)c1.Cl.Cl,
CHEMBL5314533,CS(=O)(=O)N1CCC(COc2coc(CN3Cc4ccccc4C3)cc2=O)CC1,
CHEMBL2107322,CNCCCOc1cc(F)c(-c2c(Cl)nc3ncnn3c2N[C@@H](C)C(F)(F)F)c(F)c1.O.O.O=C(O)/C=C/C(=O)O,
CHEMBL5314465,Cn1ncc(C(=O)N2CCOCC2)c1C(=O)Nc1ccn2nc(-c3ccccc3)nc2c1,
CHEMBL2107833,CNC(=O)c1cc(Oc2ccc(NC(=O)Nc3cc(C(C)(C)C)nn3-c3ccc4ncccc4c3)c(F)c2)ccn1.Cc1ccc(S(=O)(=O)O)cc1,
CHEMBL3990346,CNCC(=O)N[C@H](C(=O)N[C@@H](Cc1ccccc1)[C@H](O)CN(CCC(C)C)C(=O)NC(C)(C)C)C(C)(C)C,
CHEMBL2104184,CO/N=C/[C@@H]1[C@@H](c2ccc(Cl)c(Cl)c2)C[C@@H]2CC[C@H]1N2C,
CHEMBL3039499,COc1ccc2c(O[C@@H]3C[C@H]4C(=O)N[C@]5(C(=O)[N-]S(=O)(=O)C6CC6)C[C@H]5/C=C\CCCCC[C@H](CC(=O)N5CCCC(F)(F)C5)C(=O)N4C3)cc(-c3nc(C(C)C)cs3)nc2c1C.[Na+],
CHEMBL2107323,CNCCCOc1cc(F)c(-c2c(Cl)nc3ncnn3c2N[C@@H](C)C(F)(F)F)c(F)c1.O.O.O=C(O)CCC(=O)O,
CHEMBL2105586,O=C1CCC2NCCc3c2n1c1ccc(Cl)cc31,
CHEMBL5314509,CCN(C(=O)c1cc(F)ccc1Oc1nncnc1N1CCC2(C1)CN([C@H](CCCN(C)CCOC)C(C)C)C2)C(C)C,
CHEMBL138029,CCOC(=O)[C@H](CCc1ccccc1)N[C@@H](C)C(=O)N1N=C(C(C)(C)C)S[C@H]1C(=O)O,
CHEMBL2105261,C#CC[C@]12CCC(=O)C=C1CC[C@@H]1[C@@H]2CC[C@]2(C)C(=O)CC[C@@H]12,
CHEMBL2107736,COc1ccc(CNc2nc([C@H]3CC[C@H](C(=O)O)CC3)nc3sc4ccccc4c23)cc1Cl,
CHEMBL5314473,NC(=O)c1cnc(Nc2cccc(NC(=O)[C@H]3CCCNC3)c2)cc1NCc1cc(F)cc(F)c1,
CHEMBL5314495,Cn1nc(-c2ccc(C(=O)NCC(F)F)cc2)nc1Nc1ccc2[nH]ncc2c1C1CC1,
CHEMBL224006,CC(O)c1oc2ccccc2c1C(=O)c1cc(Br)c(O)c(Br)c1,
CHEMBL7679,O=C(O)Cc1nn(Cc2ccc(Br)cc2F)c(=O)c2ccccc12,
CHEMBL32039,COCCOc1c(OC)cc(Cc2cnc(N)nc2N)cc1OC,
CHEMBL223824,Nc1cccc(CN2C(=O)N(Cc3cccc(N)c3)[C@H](Cc3ccccc3)[C@H](O)[C@@H](O)[C@H]2Cc2ccccc2)c1,
CHEMBL3354637,OC[C@H]1[C@@H](O)[C@H](O)[C@@H](O)CN1CCCCCOCc1ccc(-c2ccccc2)c(F)c1,
CHEMBL3545187,O=C(/C=C\n1cnc(-c2cc(C(F)(F)F)cc(C(F)(F)F)c2)n1)NNc1ccccn1,
CHEMBL2107625,COc1cc2c(cc1OC)[C@@H]1CN(C)CC[C@@H]1N=C2c1ccc(NC(C)=O)cc1,
CHEMBL34913,Cc1nc(C2CCCCC2)c(-c2ccc(S(N)(=O)=O)c(F)c2)o1,
CHEMBL2107228,CO[C@H](C(=O)NO)[C@@H](CC(C)C)C(=O)N[C@H](C(=O)Nc1ccccn1)C(C)(C)C,
CHEMBL5182222,OC[C@H]1O[C@H](Sc2cncc(Br)c2)[C@H](O)[C@@H](n2cc(-c3cc(F)c(F)c(F)c3)nn2)[C@H]1O,
CHEMBL2105776,C[C@H](CSC(=O)c1ccccc1)C(=O)N1C[C@@H](Sc2ccccc2)C[C@H]1C(=O)[O-].C[C@H](CSC(=O)c1ccccc1)C(=O)N1C[C@@H](Sc2ccccc2)C[C@H]1C(=O)[O-].[Ca+2],
CHEMBL4297193,CC(C)N1CCN(Cc2cnc(-c3cc(-c4cccc5[nH]ccc45)cc4[nH]ncc34)o2)CC1.CC(C)N1CCN(Cc2cnc(-c3cc(-c4cccc5[nH]ccc45)cc4[nH]ncc34)o2)CC1.O=C(O)CCC(=O)O,
CHEMBL3990007,,
CHEMBL2104528,CCCCCCC(C)NN,
CHEMBL5314438,CC(C)(Cc1cc2c(-c3ccc(C#N)cc3)cncc2s1)C(=O)O,
CHEMBL5314474,CC(C)(C(=O)N1CCOc2c(C#N)cncc2C1)C(F)F,
CHEMBL2108346,,
CHEMBL1201398,O=C(O)/C=C1\CN([C@H](C(=O)O)c2ccccc2Cl)CCC1S,
CHEMBL2109218,,
CHEMBL3989664,N=C(N)N1CCC[C@@H](CNC(=O)C[C@H](NS(=O)(=O)c2ccc3ccccc3c2)C(=O)N(CC(=O)O)C2CC2)C1.O,
CHEMBL5314481,Cc1ccc(NC(=O)c2ccc(CN3CCN(C)CC3)cc2)cc1Nc1nccc(-c2cncc(-c3oncc3C)c2)n1,
CHEMBL476186,CO[C@@H]1C[C@H](C(=O)Nc2ccc(-n3ccccc3=O)cc2F)N(C(=O)Nc2ccc(Cl)cc2)C1,
CHEMBL309962,O=C(O)[C@@H]1CS[C@H](c2ccccc2O)N1C(=O)CCS,
CHEMBL1233800,CCOC(=O)Nc1cc2c(c(N)n1)N=C(c1ccccc1)[C@H](C)N2,
CHEMBL2105653,CC[C@](O)(c1nnc(NCc2ccc3c(-c4ccc(F)cc4)cc(=O)oc3c2)o1)C(F)(F)F,
CHEMBL9440,CN(Cc1ccc(S(=O)(=O)N2CCOCC2)cc1)c1ccc2c3c(cccc13)C(N)=N2,
CHEMBL434492,COCCOC[C@H](CC1(C(=O)N[C@H]2CC[C@@H](C(=O)O)CC2)CCCC1)C(=O)O,
CHEMBL1965985,CCOC(=O)Nc1cc2c(c(N)n1)N=C(c1ccccc1)[C@H](C)N2.O=S(=O)(O)CCO,
CHEMBL535834,Cl.Cl.Nc1ccc(SC[C@@H]2CO[C@](CCc3ccc(Cl)cc3)(Cn3ccnc3)O2)cc1,
CHEMBL437526,CCO[C@@H]1OC(=O)C[C@@H]1NC(=O)[C@@H]1CCCN2C(=O)CC[C@H](NC(=O)c3nccc4ccccc34)C(=O)N12,
CHEMBL2107365,C[C@@H]1NC(C)(C)CO[C@@]1(O)c1cccc(Cl)c1.Cl,
CHEMBL28196,O=C(O)CCCC/C=C(/c1ccccc1)c1cccnc1,
CHEMBL496978,O=C(O)CC[C@H](NC(=O)N[C@@H](CCCCNCc1ccc([123I])cc1)C(=O)O)C(=O)O,
CHEMBL2216863,Cc1csc2nc([C@H](C)Nc3ncnc4[nH]cnc34)c(-c3cccc(F)c3)c(=O)n12,
CHEMBL277689,O=C(O)CCC/C=C(\c1ccc(CCNS(=O)(=O)c2ccc(Cl)cc2)cc1)c1cccnc1,
CHEMBL2105685,Cl.S=C(NCc1ccc2c(c1)OCO2)N1CCN(c2ncnc3c2oc2ccccc23)CC1,
CHEMBL2106994,CCOc1cc2c(cc1OC)C(c1ccc(C(=O)N(C(C)C)C(C)C)cc1)=N[C@@H]1CCN(C)C[C@H]21,
CHEMBL2368199,CC(C)c1nc(-c2ccccc2)cc(-c2ccc(F)cc2)c1/C=C/[C@@H]1C[C@@H](O)CC(=O)O1,
CHEMBL494760,COc1cc(C)c(Cc2cnc(N)nc2N)cc1OC,
CHEMBL283656,Cc1c(Cn2ccnc2)c2ccccc2n1CCC(=O)O,
CHEMBL2103871,COc1cc(Nc2ncc3c(n2)-c2ccc(Cl)cc2C(c2c(F)cccc2OC)=NC3)ccc1C(=O)[O-].O.[Na+],
CHEMBL5314527,CCc1nc2ccccn2c1C(=O)c1cc(Br)c(O)c(C#N)c1,
CHEMBL3989666,CCCCCCCO[C@@H]1[C@H]2OC(C)(C)O[C@H]2O[C@@H]1[C@H](O)CO,
CHEMBL4447181,COC[C@H](C(=O)Nc1cccc2c(-c3nc(Nc4cccc(S(C)(=O)=O)c4F)ncc3F)c[nH]c12)N1CCN(C)CC1,
CHEMBL2159227,CO[C@@H]1[C@@H](O)[C@@H](O)[C@H](Oc2ccc(CCNC(C)=O)c(-c3cccc(F)c3)c2)OC1(C)C,
CHEMBL1908306,CCCCCCCCCCCCS[C@H](C(=O)Nc1cc(C)c(O)c(C)c1C)c1ccccc1,
CHEMBL324954,CN[C@H](Cc1ccccc1)C(=O)N1CCC[C@H]1C(=O)N[C@H](C=O)CCCNC(=N)N.O=S(=O)(O)O,
CHEMBL417975,CC(C)CN[C@H]1CCS(=O)(=O)c2sc(S(N)(=O)=O)cc21,
CHEMBL2104541,CCOc1cc(C(Nc2ncc(Cc3cc(OC)c(OC)c(OC)c3)c(N)n2)S(=O)(=O)O)ccc1O,
CHEMBL2104660,CC(=O)SC[C@H](Cc1ccccc1)C(=O)NCC(=O)OCc1ccccc1,
CHEMBL3544920,CON(C)C(=O)N1N=C(c2cc(F)ccc2F)S[C@@]1(CCCN)c1ccccc1.Cl,
CHEMBL4297515,CCCc1nn(C)c2c(=O)[nH]c(-c3cc(S(=O)(=O)N4CCN(CCOC(=O)OCCN5CCN(S(=O)(=O)c6ccc(OCC)c(-c7nc8c(CCC)nn(C)c8c(=O)[nH]7)c6)CC5)CC4)ccc3OCC)nc12,
CHEMBL2106480,CCCc1nc(C)c2c(=O)nc(-c3cc(S(=O)(=O)N4CCN(CC)CC4)ccc3OCC)[nH]n12.Cl.Cl,
CHEMBL2106598,O=C([O-])CN1C(=O)c2cccc3cccc(c23)C1=O.[Na+],
CHEMBL2104331,COCCNC(=O)[C@@H](NC(=O)[C@H](Cc1ccc(OC)c(OC)c1OC)C[C@H](O)[C@H](Cc1ccccc1)NC(=O)OC(C)(C)C)C(C)C,
CHEMBL5314546,C[C@H](NCc1ccc(-c2ccc(C(F)(F)F)cc2)cc1)C(N)=O,
CHEMBL2109210,,
CHEMBL3989734,Cn1nnnc1SCC1=C(C(=O)O)N2C(=O)[C@@H](NC(=O)CS/C=C\C#N)[C@H]2SC1,
CHEMBL54440,CC[C@H](C)C(=O)O[C@H]1CCC=C2C=C[C@H](C)[C@H](CC[C@@H]3C[C@@H](O)CC(=O)O3)[C@H]21,
CHEMBL2364622,Cl.NS(=O)(=O)OC[C@@H]1C[C@@H](n2ccc3c(N[C@H]4CCc5ccccc54)ncnc32)C[C@@H]1O,
CHEMBL3989889,COc1cc(C(=O)C(=O)N(C)[C@@H](Cc2ccc(Cl)cc2)C(=O)N(Cc2ccccc2)C(CCc2ccncc2)CCc2ccncc2)cc(OC)c1OC.CS(=O)(=O)O.CS(=O)(=O)O,
CHEMBL4795907,CCCS(=O)(=O)Nc1c(F)ccc(C(=O)c2n[nH]c3ncc(-c4ccncc4)cc23)c1F,
CHEMBL1983865,CCCCCOc1ccc(C2SC(=O)NC2=O)cc1OCC,
CHEMBL2107490,CNC[C@H](O)[C@@H](O)[C@H](O)[C@H](O)CO.c1ccc2c(c1)cc(-c1nnn[nH]1)c1nnnn12,
CHEMBL73622,CC1(C)S[C@@H]2[C@H](Br)C(=O)N2[C@H]1C(=O)O,
CHEMBL13134,CC(C)[C@H](NC(=O)c1ccc2ccccc2n1)C(=O)N[C@@H](Cc1ccccc1)[C@H](O)CN1CC[C@@H](OCc2ccncc2)C[C@H]1C(=O)NC(C)(C)C,
CHEMBL2105742,CC[C@@H]1C(=O)N(C)c2cnc(Nc3ccc(C(=O)N[C@H]4CC[C@H](N5CCN(CC6CC6)CC5)CC4)cc3OC)nc2N1C(C)C.Cl.Cl.Cl,
CHEMBL3962292,Cc1ccc(-c2noc([C@H]3C[C@@H]3F)n2)cc1NC(=O)c1cnc2ccccn12,
CHEMBL2218915,CCOC(=O)CC(O)CC(O)/C=C/C1=C(c2ccc(F)cc2)c2ccccc2OC12CCCC2,
CHEMBL5314444,CCCn1cc(C)c2c(=O)[nH]c(-c3cc(S(=O)(=O)N4CCN(CC)CC4)ccc3OCC)nc21,
CHEMBL2105752,CN(C)CCCOc1ccc2[nH]nc(S(=O)(=O)c3cccc4ccccc34)c2c1.Cl,
CHEMBL5314549,O=C(O)c1nn[nH]c1Oc1ccc(-c2ccc(C3CC(F)(F)C3)cc2)cc1,
CHEMBL5095072,CCCC[C@H](Cc1c[nH]c2ccccc12)NC(=O)c1cnc(N2CCN(C)CC2)s1,
CHEMBL5315000,,
CHEMBL2105901,CCC(=O)N1C2CCC1CN(C/C=C\c1ccccc1)C2,
CHEMBL63440,CCOC(=O)[C@H]1O[C@@H]1C(=O)N[C@@H](CC(C)C)C(=O)NCCC(C)C,
CHEMBL296588,CC(C)CC(=O)N[C@H](C(=O)N[C@H](C(=O)N[C@@H](CC(C)C)[C@@H](O)CC(=O)N[C@@H](C)C(=O)N[C@@H](CC(C)C)[C@@H](O)CC(=O)O)C(C)C)C(C)C,
CHEMBL280728,O=C(O)CCCCO/N=C(/c1cccnc1)c1cccc(C(F)(F)F)c1,
CHEMBL84446,NC(=O)[C@@H]1C[C@]2(NC(=O)NC2=O)c2cc(F)ccc2O1,
CHEMBL497011,Cc1cccc(C)c1CNc1cc(C(=O)NCCO)cn2c(C)c(C)nc12,
CHEMBL1204135,CC(C)CN[C@H]1CCS(=O)(=O)c2sc(S(N)(=O)=O)cc21.Cl,
CHEMBL203665,CC(C)C[C@H](NC(=O)c1cc2ccccc2o1)C(=O)N[C@H]1CC[C@@H](C)N(S(=O)(=O)c2ccccn2)CC1=O,
CHEMBL674,CCC(CC)O[C@@H]1C=C(C(=O)O)C[C@H](N)[C@H]1NC(C)=O,
CHEMBL273196,CN[C@H](Cc1ccccc1)C(=O)N1CCC[C@H]1C(=O)N[C@H](C=O)CCCN=C(N)N,
CHEMBL121810,CCc1ccccc1NC(=O)Oc1ccc2c(c1)[C@]1(C)CCN(C)O[C@@H]1N2C,
CHEMBL73193,CN1CCN=C1c1cccc(Oc2nc(Oc3cc(C(=N)N)ccc3O)c(F)c(N(C)CC(=O)O)c2F)c1,
CHEMBL182319,CN[C@H](C(=O)N[C@H](C(=O)N(C)[C@H](/C=C(\C)C(=O)O)C(C)C)C(C)(C)C)C(C)(C)c1ccccc1,
CHEMBL56318,COc1cc(Cc2cnc(N)nc2N)cc(OC)c1SC,
CHEMBL4098877,C[C@@H]1CN(c2cc(-c3n[nH]c4ccc(OC5(C)CC5)cc34)ncn2)C[C@H](C)O1,
CHEMBL54126,CN(C)C(=O)Oc1cccc([N+](C)(C)C)c1.[Br-],
CHEMBL300337,COc1ccc(C[C@H](NC(=O)CC(C)(C)N)C(=O)N[C@@H](Cc2c[nH]cn2)C(=O)N[C@@H](CC2CCCCC2)[C@@H](O)[C@@H](O)CC(C)C)cc1,
CHEMBL206335,CN(C)Cc1nccn1-c1ccc(NC(=O)c2cc(C(F)(F)F)nn2-c2ccc3onc(N)c3c2)c(F)c1,
CHEMBL99701,C[C@H](N[C@@H](CCc1ccccc1)C(=O)O)C(=O)N1C(=O)N(C)C[C@H]1C(=O)O,
CHEMBL287257,COc1ccc2c(c1)CN(C)CC2c1ccc(Cl)c(Cl)c1,
CHEMBL581,O=C(O)[C@@H]1C[C@@H](C2CCCCC2)CN1C(=O)CP(=O)(O)CCCCc1ccccc1,
CHEMBL16596,CC(C)(C)Sc1c(CC(C)(C)C(=O)O)n(Cc2ccc(Cl)cc2)c2ccc(OCc3ccc4ccccc4n3)cc12,
CHEMBL261131,O=c1c2ccccc2[nH]c(=S)n1CCN1CCC(=C(c2ccc(F)cc2)c2ccc(F)cc2)CC1,
CHEMBL8706,C#CCN(C)CCCOc1ccc(Cl)cc1Cl,
CHEMBL1788368,CN[C@@H]1CC[C@@H](c2ccccc2)c2ccccc21.Cl,
CHEMBL2104578,O=C(O)[C@H](CCc1ccccc1)N[C@H]1CCCN2CCC[C@@H](C(=O)O)N2C1=O,
CHEMBL4297329,C[C@]1(O)C[C@@](N)(c2ccc(-c3nc4n(c3-c3ccccc3)COc3ccncc3-4)cc2)C1,
CHEMBL603469,C[C@]12O[C@H](C[C@]1(O)CO)n1c3ccccc3c3c4c(c5c6ccccc6n2c5c31)CNC4=O,
CHEMBL4297866,C=CC(=O)Nc1cccc(Oc2nc(Nc3ccc(N4CCN(C)CC4)c(F)c3)nc3[nH]ccc23)c1.O.O.O=C(O)/C=C\C(=O)O,
CHEMBL3545365,O=C(Nc1cc(Oc2cc(F)c(NC(=O)C3(C(=O)Nc4ccc(F)cc4)CC3)cc2F)ccn1)C1CC1,
CHEMBL2146086,CC1(COc2ccc3c(c2)ncn3-c2ccc3cccc(N4CCC(N)CC4)c3n2)COC1.O=S(=O)(O)c1ccccc1,
CHEMBL3818247,CN1C(=O)COc2c1cnc1ccc(Sc3nnc4c(F)cc(-c5cnn(C)c5)cn34)cc21,
CHEMBL4296717,CN(C)Cc1ccc(S(=O)(=O)n2ccc(/C=C/C(=O)NO)c2)cc1,
CHEMBL4594382,O=P(O)(O)O.[2H]C1([2H])C([C@@H](CC#N)n2cc(-c3ncnc4[nH]ccc34)cn2)C([2H])([2H])C([2H])([2H])C1([2H])[2H],
CHEMBL2103798,COc1cc2c(Oc3ccc4[nH]c(C)cc4c3F)ncnc2cc1OCCCN1CCCC1.O=C(O)/C=C\C(=O)O,
CHEMBL5314511,C=CC(=O)N1CCC[C@@H](c2c(F)cc(C(N)=O)c3[nH]c4c(c23)CCCCC4)C1,
CHEMBL3301605,O.O=C(NC1CCNCC1)[C@@H]1CC[C@@H]2CN1C(=O)N2OS(=O)(=O)O,
CHEMBL589583,CCOC(=O)[C@H](CCc1ccccc1)N[C@@H](C)C(=O)N(CC(=O)O)C1Cc2ccccc2C1,
CHEMBL2108702,,
CHEMBL3916717,Cc1cc(F)c(C(=O)Nc2cccc(-c3nncn3C(C)C)n2)cc1-n1cnc(C2CC2)c1,
CHEMBL3353410,C=CC(=O)Nc1cc(Nc2nccc(-c3cn(C)c4ccccc34)n2)c(OC)cc1N(C)CCN(C)C,
CHEMBL4435170,[2H]C([2H])([2H])NC(=O)c1nnc(NC(=O)C2CC2)cc1Nc1cccc(-c2ncn(C)n2)c1OC,
CHEMBL4802239,C=CC(=O)Nc1cc(Nc2ncc(C(=O)OC(C)C)c(-c3cn(C)c4ccccc34)n2)c(OC)cc1N(C)CCN(C)C.O=C(O)CCC(=O)O,
CHEMBL4650272,CN1CCN(c2ccc(Nc3ncc4cc5n(c4n3)C3(CCCCC3)CNC5=O)nc2)CC1.Cl.Cl,
CHEMBL4297374,CC1(C)CCC2(CC1)N[C@@H](C(=O)N[C@@H]1CC[C@@H](C(N)=O)OC1)[C@H](c1ccnc(Cl)c1F)[C@]21C(=O)Nc2cc(Cl)ccc21.Cc1ccc(S(=O)(=O)O)cc1,
CHEMBL2105987,CC1=CC(=O)C=C2CC[C@@H]3[C@H](CC[C@]4(C)C(=O)CC[C@@H]34)[C@@]12C,
CHEMBL3137315,Cn1c(C2(NC(=O)c3ccc4c(C5CCCC5)c(-c5ncc(Br)cn5)n(C)c4c3)CCC2)nc2ccc(/C=C/C(=O)[O-])cc21.[Na+],
CHEMBL5095071,CCOC(=O)C1=C(CN2CCN3C(=O)N(CC(C)(C)C(=O)O)C[C@@H]3C2)N=C(c2nccs2)N[C@H]1c1cccc(F)c1C,
CHEMBL4650324,O=C(NCc1cnc(C(F)(F)F)s1)c1ccc2c(c1)NC(=O)c1ccccc1S2(=O)=O,
CHEMBL4297584,CC[C@H](Nc1ncnc2[nH]cnc12)c1oc2ccccc2c(=O)c1-c1cccc(F)c1,
CHEMBL1090771,NC(=O)[C@@H](CCC(F)(F)F)N(Cc1ccc(-c2ncon2)cc1F)S(=O)(=O)c1ccc(Cl)cc1,
CHEMBL4594353,Cc1nc2ccc(F)cc2n1-c1nc(N)c(F)c(Nc2ccc(C(F)(F)F)cc2)n1,
CHEMBL5095106,CC(C)(c1ccc(OCc2ccnc(NS(C)(=O)=O)n2)cc1)c1cc(Cl)c(OCCCl)c(C#N)c1,
CHEMBL3989914,COCCNCc1ccc(-c2cc3nccc(Oc4ccc(NC(=S)NC(=O)Cc5ccc(F)cc5)cc4F)c3s2)nc1,
CHEMBL206468,OC[C@H]1CNC[C@@H](O)[C@@H]1O,
CHEMBL3187812,CC(=O)S[C@H](C(=O)N[C@H]1Cc2ccccc2[C@H]2CCC[C@@H](C(=O)O)N2C1=O)C(C)C,
CHEMBL3545068,COc1c(OCCCN2CCOCC2)ccc2c1N=C(NC(=O)c1cnc(N)nc1)N1CCN=C21.Cl.Cl,
CHEMBL466246,CO[C@@H]([C@@H]1OC(C(=O)O)=C[C@H](NC(=N)N)[C@H]1NC(C)=O)[C@H](O)CO,
CHEMBL3301622,CCc1nc(C(N)=O)c(Nc2ccc(N3CCC(N4CCN(C)CC4)CC3)c(OC)c2)nc1NC1CCOCC1,
CHEMBL4594449,C#CCN(c1ccc(C(=O)N[C@@H](CCC(=O)N[C@H](CCC(=O)O)C(=O)O)C(=O)O)cc1)[C@H]1CCc2cc3nc(CO)[nH]c(=O)c3cc21,
CHEMBL1236682,COc1cc(F)c(F)c(Nc2ccc(I)cc2F)c1NS(=O)(=O)C1(C[C@H](O)CO)CC1,
CHEMBL3348923,C[C@@H](NC(=O)c1ncnc(N)c1Cl)c1ncc(C(=O)Nc2cc(C(F)(F)F)c(Cl)cn2)s1,
CHEMBL14762,CC[C@H](CO)Nc1nc(NCc2ccccc2)c2ncn(C(C)C)c2n1,
CHEMBL435381,COc1ccc(-c2c(Cl)ncn2-c2ccc(S(N)(=O)=O)cc2)cc1F,
CHEMBL3649803,CCOc1cc(CN2CCOCC2)cc2[nH]c(=O)c3c(c12)NCCC3,
CHEMBL2079588,CNC(=O)c1cc(COc2nnc(Nc3ccc(Cl)cc3)c3ccoc23)ccn1,
CHEMBL5314593,C/C(=N\NC(=O)c1cccc(S(=O)(=O)N2CCN(C)CC2)c1)c1cc(Cl)ccc1O.CS(=O)(=O)O,
CHEMBL5314471,N[C@@H]1c2ccccc2OC12CCN(c1cnc3c(N4CCCc5ncccc54)nnc-3[nH]1)CC2,
CHEMBL4297421,O=C(Nc1nc(-c2ccc(O)c(O)c2)c(-c2ccccc2)s1)c1ccc(O)c(O)c1,
CHEMBL1201740,Cc1cn(-c2cc(NC(=O)c3ccc(C)c(Nc4nccc(-c5cccnc5)n4)c3)cc(C(F)(F)F)c2)cn1.Cl.O,
CHEMBL1201080,COc1cc(Cc2cnc(N)nc2N)cc(OC)c1OC.Cl,
CHEMBL4594293,CC#CC(=O)N1CCC[C@H]1c1nc(-c2ccc(C(=O)Nc3ccccn3)cc2)c2c(N)nccn12.O=C(O)/C=C\C(=O)O,
CHEMBL1076263,CS(=O)(=O)Nc1ccc2c(c1)S(=O)(=O)N=C(C1=C(O)[C@@H]3[C@H]4CC[C@H](C4)[C@@H]3N(Cc3ccc(F)cc3)C1=O)N2,
CHEMBL552212,CCC[C@H](Nc1nc(-c2ccc(NC(=O)NCC)c(OC)c2)ncc1C)c1cccnc1,
CHEMBL1324,Cc1ccc(C(=O)c2cc(O)c(O)c([N+](=O)[O-])c2)cc1,
CHEMBL2109389,,
CHEMBL2110737,CCCC(=O)O[C@H]1CN2CC[C@H](O)[C@@H]2[C@@H](O)[C@@H]1O,
CHEMBL4594287,COc1cc2c(cc1OC)-c1c/c(=N\c3c(C)cc(C)cc3C)n(CCNC(N)=O)c(=O)n1CC2,
CHEMBL4446357,C[C@@]1(O)CCC[C@H]1n1c(=O)c(C(F)F)cc2cnc(NC3CCN(S(C)(=O)=O)CC3)nc21,
CHEMBL5095253,N#Cc1cc(Cl)cc(Oc2c(C(F)(F)F)ncn(Cc3cc(C(F)(F)F)c(=O)[nH]n3)c2=O)c1,
CHEMBL282042,CC(C)(C)NC(=O)[C@@H]1C[C@@H]2CCCC[C@@H]2CN1C[C@@H](O)[C@H](Cc1ccccc1)NC(=O)[C@H](CC(N)=O)NC(=O)c1ccc2ccccc2n1.CS(=O)(=O)O,
CHEMBL3989715,C/C(=C\C(=O)OCCCCCCCCC(=O)[O-])C[C@@H]1OC[C@H](C[C@@H]2O[C@H]2[C@@H](C)[C@H](C)O)[C@@H](O)[C@H]1O.C/C(=C\C(=O)OCCCCCCCCC(=O)[O-])C[C@@H]1OC[C@H](C[C@@H]2O[C@H]2[C@@H](C)[C@H](C)O)[C@@H](O)[C@H]1O.O.O.[Ca+2],
CHEMBL1200343,CC(C)(C)N.CCC[C@H](N[C@@H](C)C(=O)N1[C@H](C(=O)O)C[C@@H]2CCCC[C@@H]21)C(=O)OCC,
CHEMBL4297289,CN1CCN(C(=O)[C@H](CCCN[C@@H]2C[C@H]2c2ccc(F)cc2)NC(=O)c2ccc(-n3ccnn3)cc2)CC1,
CHEMBL3787344,Cc1cc(C(=O)Nc2nc3cccc(Cl)c3n2[C@@H]2CCCCN(C(=O)/C=C/CN(C)C)C2)ccn1,
CHEMBL1236962,COc1ncc(-c2ccc3nccc(-c4ccnnc4)c3c2)cc1NS(=O)(=O)c1ccc(F)cc1F,
CHEMBL5314584,C[C@@H](NC(=O)N1C(=O)[C@H](Cc2ccnc(N)c2)[C@H]1C(=O)O)C1CCCCC1.Cl,
CHEMBL5314436,COc1cc(C(=O)N[C@H]2CC[C@H](N3CCN(C)CC3)CC2)ccc1Nc1ncc2c(n1)N(C1CCCC1)CC1(CC1)C(=O)N2C,
CHEMBL4594253,Cn1cc(-c2nc(N[C@@H]3CCCC[C@@H]3N)c(F)c3c2C(=O)NC3)cn1.O=C(O)CC(O)(CC(=O)O)C(=O)O,
CHEMBL3301615,Cl.c1ccc2cc([C@]34CNC[C@H]3C4)ccc2c1,
CHEMBL4594381,[2H]C1([2H])C([C@@H](CC#N)n2cc(-c3ncnc4[nH]ccc34)cn2)C([2H])([2H])C([2H])([2H])C1([2H])[2H],
CHEMBL1289601,COc1cc2nccc(Oc3ccc(NC(=O)NC4CC4)c(Cl)c3)c2cc1C(N)=O,
CHEMBL3643413,CCC(=O)N1CC[C@H](Nc2ncnc3c2CN(c2cnc(OC)c(C(F)(F)F)c2)CC3)C1,
CHEMBL5314518,C=CC(=O)N1CCN(c2c(C#N)c(=O)n(-c3c(C)ccnc3C(C)C)c3nc(-c4c(N)c(F)c(F)c(F)c4F)c(Cl)cc23)CC1,
CHEMBL3039517,Cc1cnc(NC(=O)Nc2cc(Br)c(C)cc2OC[C@@H]2CNCCO2)cn1,
CHEMBL4297675,CC(=O)OC[C@H](COc1ccc(C(C)(C)c2ccc(OC[C@@H](CCl)OC(C)=O)cc2)cc1)OC(C)=O,
CHEMBL2103842,C[C@@H]1COC(Nc2ccc3ncnc(Nc4ccc(OCc5nccs5)c(Cl)c4)c3c2)=N1,
CHEMBL3813842,CC1(C)OCCn2c1nc1c(N3CCOCC3)nc(-c3cnc(N)nc3)nc12,
CHEMBL3900409,Cn1c(=O)oc2ccc(-c3ccc(C[C@@H](C#N)NC(=O)[C@@H]4CNCCCO4)cc3)cc21,
CHEMBL5095070,Fc1ccc(N(c2ccc(F)cc2)[C@H]2CCNC2)cc1,
CHEMBL2103828,CNc1cc2[nH]c(=O)n(-c3ccc(NC(=O)NS(=O)(=O)c4ccc(Cl)s4)cc3)c(=O)c2cc1F,
CHEMBL114,CC(C)(C)NC(=O)[C@@H]1C[C@@H]2CCCC[C@@H]2CN1C[C@@H](O)[C@H](Cc1ccccc1)NC(=O)[C@H](CC(N)=O)NC(=O)c1ccc2ccccc2n1,
CHEMBL1288786,CCC(=O)Nc1nnc(S(N)(=O)=O)s1,
CHEMBL1204948,O=C(O)c1cc2cc(Cc3cccnc3)ccc2o1,
CHEMBL2106694,Cl.NC/C(=C/F)CCc1ccc(F)cc1,
CHEMBL3652780,CC(C)n1cc(C#N)c2cc(-n3cc(C(=O)O)cn3)ccc21,
CHEMBL115794,C[C@@H]1CO[C@@](O)(c2cc(F)cc(F)c2)[C@H](C)N1,
CHEMBL1877495,CC(NNC(=O)c1ccccc1)c1ccccc1,
CHEMBL2103775,CC(=O)SC[C@@H](C)C(=O)N1CCC[C@H]1C(=O)N[C@@H](Cc1ccccc1)C(=O)O,
CHEMBL481122,Br.Br.Nc1ccccc1NC(=O)c1ccc(CNc2nccc(-c3cccnc3)n2)cc1,
CHEMBL3137334,CCNC(=O)c1noc(-c2cc(C(C)C)c(O)cc2O)c1-c1ccc(CN2CCOCC2)cc1.CS(=O)(=O)O.O,
CHEMBL2105796,O=C(CNC(=O)c1ccc(Cl)cc1)NO,
CHEMBL28527,NS(=O)(=O)c1ccc(-n2nc(C(F)(F)F)cc2-c2ccc(F)cc2)cc1,
CHEMBL4297855,,
CHEMBL9298,N#Cc1ccc(C2CCCc3cncn32)cc1,
CHEMBL4567446,COc1cc(C(=O)N2CCC3(CC2)CC(=O)c2c(cnn2C(C)C)C3)cc(-c2ccc(C(=O)O)cc2)n1,
CHEMBL5095061,CCN1Cc2c(ccc(F)c2C#N)O[C@@H](C)CNC(=O)c2c(N)nn3ccc1nc23,
CHEMBL5095076,Fc1ccc(F)c([C@H]2CCCN2c2ccn3ncc(-n4cc(C(F)(F)F)cn4)c3n2)c1,
CHEMBL4297187,COCCNCCc1cccc(Nc2ncc3c(n2)-c2ccccc2[C@H](c2ccccc2F)C3)c1,
CHEMBL2108350,,
CHEMBL1801250,O=C(NO)c1cnc(N2C[C@@H]3[C@H](C2)[C@H]3NCc2ccc3cc(F)ccc3n2)nc1,
CHEMBL3989910,O=C(O)c1ccc(-c2ccc3cc(O)ccc3n2)c(Cl)c1,
CHEMBL467058,CCCCCCCC(=O)OC[C@@H](O)[C@@H](OC)[C@@H]1OC(C(=O)O)=C[C@H](NC(=N)N)[C@H]1NC(C)=O,
CHEMBL4594438,CC(C)(C#Cc1ccc(-c2ccc(Cl)c3c(NS(C)(=O)=O)nn(CC(F)(F)F)c23)c([C@H](Cc2cc(F)cc(F)c2)NC(=O)Cn2nc(C(F)(F)F)c3c2C(F)(F)[C@@H]2C[C@H]32)n1)S(C)(=O)=O,
CHEMBL492399,COc1ccc(N(C)c2nc(C)nc3ccccc23)cc1,
CHEMBL1162175,CCNC(=O)Nc1ncnc2c1ncn2[C@@H]1O[C@H](COP(=O)(O)O)[C@H]2O[C@H](/C=C/c3ccccc3)O[C@H]21,
CHEMBL3989908,CC(C)(O)CNc1nc(Nc2ccnc(C(F)(F)F)c2)nc(-c2cccc(C(F)(F)F)n2)n1,
CHEMBL273264,N=C(N)Nc1ccc(C(=O)Oc2ccc3cc(C(=N)N)ccc3c2)cc1,
CHEMBL4297946,,
CHEMBL4468777,COc1ncc(-c2cccc(N3CCN(c4cnc(N)nc4N)CC3)c2)cn1,
CHEMBL1922673,CCOc1ccc(-c2ccc(Cn3c(CC(C)(C)C(=O)[O-])c(SC(C)(C)C)c4cc(OCc5ccc(C)cn5)ccc43)cc2)cn1.[Na+],
CHEMBL5314430,Cc1[nH]nc2c1N=C(c1ccccc1Cl)c1cnc(N3CCOCC3)cc1N2,
CHEMBL4301163,CCC(=O)NS(=O)(=O)c1ccc(NC(=O)Cc2ccc(Br)c(Oc3cc(Cl)cc(C#N)c3)c2F)c(Cl)c1,
CHEMBL4577523,COc1nn(C)cc1Nc1nccc(-c2c[nH]c3c(NC(=O)[C@@H](C)N4CCN(C)CC4)cccc23)n1,
CHEMBL514201,C[C@@H]1CN(Cc2ccc(F)cc2)[C@@H](C)CN1C(=O)c1cc2c(C(=O)C(=O)N(C)C)cn(C)c2cc1Cl,
CHEMBL5315049,N[C@@H](CC(=O)N1CCn2c(nnc2C(F)(F)F)C1)Cc1cc(F)c(F)cc1F.O=C(O)/C=C\C(=O)O,
CHEMBL4650319,C=CC(=O)Nc1cc(Nc2ncc(C(=O)OC(C)C)c(-c3cn(C)c4ccccc34)n2)c(OC)cc1N(C)CCN(C)C,
CHEMBL3899477,COc1cc(N2CCC(N3CCN(C)CC3)CC2)ccc1Nc1nc2c(c(Nc3ccccc3S(=O)(=O)NC(C)C)n1)CCN2,
CHEMBL5314428,CNC(=O)c1cc2c(Oc3ccc(NC(=O)C4(C(=O)Nc5ccc(F)cc5)CC4)cc3)ccnc2cc1OC,
CHEMBL3707348,CC#CC(=O)N1CCC[C@H]1c1nc(-c2ccc(C(=O)Nc3ccccn3)cc2)c2c(N)nccn12,
CHEMBL46618,COC(=O)[C@H](Cc1cccc(C(=N)N)c1)[C@@H](C)NC(=O)c1ccc(-c2cc[n+]([O-])cc2)cc1,
CHEMBL220491,CCN[C@H]1CN(CCCOC)S(=O)(=O)c2sc(S(N)(=O)=O)cc21,
CHEMBL783,CC(C)[C@H]1CC[C@H](C(=O)N[C@H](Cc2ccccc2)C(=O)O)CC1,
CHEMBL4297366,CN(C)CCCNC(=O)/C(=C/CCCCC(=O)NO)COc1cccc2ccccc12,
CHEMBL491473,COc1cc2c(Oc3ccc4[nH]c(C)cc4c3F)ncnc2cc1OCCCN1CCCC1,
CHEMBL2108568,,
CHEMBL809,CN[C@H]1CC[C@@H](c2ccc(Cl)c(Cl)c2)c2ccccc21,
CHEMBL4298138,C[C@H]1CNC(=O)c2cnn3ccc(nc23)N[C@H](C)c2cc(F)ccc2O1,
CHEMBL4802135,CC(C)(C)[C@H](NC(=O)C(F)(F)F)C(=O)N1C[C@H]2[C@@H]([C@H]1C(=O)N[C@H](C#N)C[C@@H]1CCNC1=O)C2(C)C,
CHEMBL298734,NC(=O)N1CCC(CC(=O)N2CCC([C@H]3c4ncc(Br)cc4CCc4cc(Cl)cc(Br)c43)CC2)CC1,
CHEMBL1496,CC(C)c1nc(N(C)S(C)(=O)=O)nc(-c2ccc(F)cc2)c1/C=C/[C@@H](O)C[C@@H](O)CC(=O)O,
CHEMBL5314580,Nc1ncc(-c2ccc([C@@]34C[C@@H]3CN(C3CCOCC3)C4)cc2)cc1C(=O)NC12CCC(O)(CC1)CC2.O.O.O=C(O)/C=C/C(=O)O,
CHEMBL4163691,C=CC(=O)Nc1cccc(Oc2nc(Nc3ccc(N4CCN(C)CC4)cc3)nc3ccoc23)c1,
CHEMBL3989920,O=C([O-])C[C@H](O)C[C@H](O)/C=C/c1c(C2CC2)nc2ccccc2c1-c1ccc(F)cc1.[Na+],
CHEMBL2105695,CCOC(=O)[C@@H](N)Cc1ccc(-c2cc(O[C@H](c3ccc(Cl)cc3-n3ccc(C)n3)C(F)(F)F)nc(N)n2)cc1,
CHEMBL4594292,CN1CCC(COc2cnc(-c3cccc(Cn4nc(-c5cccc(C#N)c5)ccc4=O)c3)nc2)CC1.Cl.O,
CHEMBL4802253,Cl.NCc1ccc2c(c1)nc(CN1C(=O)C3(CC3)c3ccc(F)cc31)n2CCCC(F)(F)F,
CHEMBL5095225,Cc1nc(-c2ccccc2F)c(C(=O)NC(Cc2ccccc2)C(=O)C(N)=O)o1,
CHEMBL1980297,Nc1ncc(-c2cnn(CCO)c2)c2scc(-c3ccc(NC(=O)Nc4cccc(F)c4)cc3)c12,
CHEMBL2110581,Cc1cn([C@H]2C[C@H](OP(=O)(O)OC[C@H]3O[C@@H](n4cc(C)c(=O)[nH]c4=O)C[C@@H]3O)[C@@H](COP(=O)(O)O[C@H]3[C@@H](O)[C@H](n4ccc(N)nc4=O)O[C@@H]3COP(=O)(O)O[C@H]3[C@@H](O)[C@H](n4cnc5c(N)ncnc54)O[C@@H]3COP(=O)(O)O[C@H]3[C@@H](O)[C@H](n4ccc(N)nc4=O)O[C@@H]3COP(=O)(O)O[C@H]3[C@@H](O)[C@H](n4cnc5c(=O)[nH]c(N)nc54)O[C@@H]3COP(=O)(O)O[C@H]3[C@@H](O)[C@H](n4cnc5c(N)ncnc54)O[C@@H]3COP(=O)(O)O[C@H]3[C@@H](O)[C@H](n4ccc(N)nc4=O)O[C@@H]3COP(=O)(O)O[C@H]3[C@@H](O)[C@H](n4ccc(N)nc4=O)O[C@@H]3COP(=O)(O)O[C@H]3[C@@H](O)[C@H](n4cnc5c(=O)[nH]c(N)nc54)O[C@@H]3COP(=O)(O)O[C@H]3[C@@H](O)[C@H](n4cnc5c(=O)[nH]c(N)nc54)O[C@@H]3COP(=O)(O)O[C@H]3[C@@H](O)[C@H](n4cnc5c(N)ncnc54)O[C@@H]3COP(=O)(O)O[C@H]3[C@@H](O)[C@H](n4cnc5c(N)ncnc54)O[C@@H]3COP(=O)(O)O[C@H]3[C@@H](O)[C@H](n4ccc(N)nc4=O)O[C@@H]3COP(=O)(O)O[C@H]3[C@@H](O)[C@H](n4ccc(N)nc4=O)O[C@@H]3COP(=O)(O)O[C@H]3[C@@H](O)[C@H](n4cnc5c(N)ncnc54)O[C@@H]3COP(=O)(O)O[C@H]3[C@@H](O)[C@H](n4ccc(N)nc4=O)O[C@@H]3COP(=O)(O)O[C@H]3[C@@H](O)[C@H](n4ccc(=O)[nH]c4=O)O[C@@H]3COP(=O)(O)O[C@H]3[C@@H](O)[C@H](n4ccc(N)nc4=O)O[C@@H]3COP(=O)(O)O[C@H]3[C@@H](O)[C@H](n4ccc(N)nc4=O)O[C@@H]3COP(=O)(O)O[C@H]3[C@@H](O)[C@H](n4cnc5c(N)ncnc54)O[C@@H]3CO)O2)c(=O)[nH]c1=O,
CHEMBL4297487,CC[C@@H]1NC(=O)[C@H]([C@H](O)[C@H](C)CCCCCCNC(C)=O)N(C)C(=O)[C@H](C(C)C)N(C)C(=O)[C@H](CC(C)C)N(C)C(=O)[C@H](CC(C)C)N(C)C(=O)[C@@H](C)NC(=O)[C@H](C)NC(=O)[C@H](CC(C)C)N(C)C(=O)[C@H](C(C)C)NC(=O)[C@H](CC(C)C)N(C)C(=O)[C@@H](C)N(C)C1=O,
CHEMBL3986824,Nc1cncc(-c2cn3ccnc3c(Nc3ccc(N4CCN(C5COC5)CC4)cc3)n2)n1,
CHEMBL4279047,C[C@@H](Nc1nc(N[C@H](C)C(F)(F)F)nc(-c2cccc(Cl)n2)n1)C(F)(F)F,
CHEMBL3833371,CC(C)OC(=O)[C@@H](C)N[P@@](=O)(OC[C@H]1O[C@@H](n2ccc(=O)[nH]c2=O)[C@](C)(Cl)[C@@H]1O)Oc1ccccc1,
CHEMBL31601,CC(C)(C)S(=O)(=O)C[C@@H](Cc1ccccc1)C(=O)N[C@@H](Cc1c[nH]cn1)C(=O)N[C@@H](CC1CCCCC1)[C@@H](O)[C@@H](O)C1CC1,
CHEMBL3590106,CC(C)Nc1cc(-c2c[nH]c(C(=O)N[C@H](CO)c3cccc(Cl)c3)c2)c(Cl)cn1,
CHEMBL4650989,C[C@@H](N)COc1ccc(-c2cnc3ccc(N[C@H](C)c4cccc(F)c4)nn23)cc1,
CHEMBL4297694,,
CHEMBL221959,C[C@@H]1CCN(C(=O)CC#N)C[C@@H]1N(C)c1ncnc2[nH]ccc12,
CHEMBL3545308,C=CC(=O)Nc1cccc(Nc2nc(Nc3ccc(N4CCN(C(C)=O)CC4)cc3OC)ncc2C(F)(F)F)c1,
CHEMBL1201066,COc1ccc(C(CN(C)C)C2(O)CCCCC2)cc1.Cl,
CHEMBL2110666,N#C[C@@H]1C[C@H](F)CN1C(=O)[C@@H](N)C(c1ccc(F)cc1)c1ccc(F)cc1,
CHEMBL3916243,C[C@@]1(c2cc(NC(=O)c3ccc(C#N)cn3)ccc2F)C=CSC(N)=N1,
CHEMBL3545307,Cc1ccc(C(=O)Nc2ccc(Oc3cc4cnn(C)c4cc3-c3cn[nH]c3)c(F)c2)c(=O)n1-c1ccc(F)cc1,
CHEMBL325041,CC(C)C[C@H](NC(=O)[C@H](Cc1ccccc1)NC(=O)c1cnccn1)B(O)O,
CHEMBL4861471,CN1C(=O)[C@@H](NC(=O)c2nc(Cc3ccccc3)n[nH]2)COc2cccnc21,
CHEMBL1800807,COc1cc(F)c(C(C)C)cc1-c1ccc(C(F)(F)F)cc1CN1C(=O)O[C@H](c2cc(C(F)(F)F)cc(C(F)(F)F)c2)[C@@H]1C,
CHEMBL3039514,COC(=O)N[C@H](C(=O)N1CCC[C@H]1c1nc(-c2ccc3c(c2)O[C@@H](c2ccccc2)n2c-3cc3cc(-c4c[nH]c([C@@H]5CCCN5C(=O)[C@@H](NC(=O)OC)C(C)C)n4)ccc32)c[nH]1)C(C)C,
CHEMBL5314374,CO[C@H]1O[C@H](COS(=O)(=O)[O-])[C@@H](O[C@@H]2O[C@@H](C(=O)[O-])[C@@H](O[C@H]3O[C@H](COS(=O)(=O)[O-])[C@@H](O[C@@H]4O[C@H](C(=O)[O-])[C@@H](O[C@H]5O[C@H](COS(=O)(=O)[O-])[C@@H](OC)[C@H](OC)[C@H]5OC)[C@H](OC)[C@H]4OC)[C@H](OS(=O)(=O)[O-])[C@H]3OS(=O)(=O)[O-])[C@H](OC)[C@H]2OC)[C@H](OS(=O)(=O)[O-])[C@H]1OS(=O)(=O)[O-].[Na+].[Na+].[Na+].[Na+].[Na+].[Na+].[Na+].[Na+].[Na+],
CHEMBL4297604,O=C(O)c1ccc(CN2C[C@@H]3C[C@H]2CN3Cc2ccc(Oc3ccc(-c4ncco4)cc3)cc2)cc1,
CHEMBL38380,O=S(=O)(c1cccc2cnccc12)N1CCCNCC1,
CHEMBL3989922,Cc1ccc(S(=O)(=O)O)cc1.NC(=O)c1cccc2cn(-c3ccc([C@@H]4CCCNC4)cc3)nc12.O,
CHEMBL2105728,CC1(COc2ccc3c(c2)ncn3-c2ccc3cccc(N4CCC(N)CC4)c3n2)COC1,
CHEMBL4298147,CS(=O)(=O)O.C[C@@H](C(=O)Nc1ccc(Cl)cc1)C1CCC(c2ccnc3ccc(F)cc23)CC1,
CHEMBL766,CC1(C)C[C@@H]1C(=O)N/C(=C\CCCCSC[C@H](N)C(=O)O)C(=O)O,
CHEMBL2110627,CCOC(=O)[C@H](CCc1ccccc1)N[C@H]1CS[C@H](c2cccs2)CN(CC(=O)O)C1=O,
CHEMBL211471,CN(C)C(=O)Oc1cccc([N+](C)(C)C)c1.COS(=O)(=O)[O-],
CHEMBL76688,CC(C)(C)C(=O)Oc1ccc(S(=O)(=O)Nc2ccccc2C(=O)NCC(=O)O)cc1,
CHEMBL76222,CNC(=O)[C@@H](NC(=O)[C@H](CC(C)C)NC(=O)[C@@H](S)CCN1C(=O)N(C)C(C)(C)C1=O)C(C)(C)C,
CHEMBL5199076,Cc1cc2c(C(N)=O)c(N)n(-c3c(C)ccc(O)c3C)c2nc1C,
CHEMBL3544978,C[C@@H]1CN2c3c(cc4c(N5C(=O)OC[C@@H]5C)noc4c3F)CC3(C(=O)NC(=O)NC3=O)[C@H]2[C@H](C)O1,
CHEMBL4571518,O=c1[nH]c(NCc2ccc(Cl)c(Cl)c2)nc2ncn(CCN3CCOCC3)c12,
CHEMBL2177390,CC(C)NC[C@@H](C(=O)N1CCN(c2ncnc3c2[C@H](C)C[C@H]3O)CC1)c1ccc(Cl)cc1,
CHEMBL404,C[C@]1(Cn2ccnn2)[C@H](C(=O)O)N2C(=O)C[C@H]2S1(=O)=O,
CHEMBL320775,Cc1ccc2nc(N)[nH]c(=O)c2c1Sc1ccncc1,
CHEMBL5314558,CC(C)(C)[Si]([18F])(c1ccc(C(=O)NC[C@@H](NC(=O)CC[C@@H](C(=O)O)N2CCN(CC(=O)O)CCN(CC(=O)O)CCN(CC(=O)O)CC2)C(=O)N[C@H](CCCCNC(=O)CCC(=O)NCCC[C@@H](NC(=O)CC[C@H](NC(=O)N[C@@H](CCC(=O)O)C(=O)O)C(=O)O)C(=O)O)C(=O)O)cc1)C(C)(C)C,
CHEMBL2103745,N#C[C@@H]1C[C@@H]2C[C@@H]2N1C(=O)[C@@H](N)C12CC3CC(CC(O)(C3)C1)C2.O,
CHEMBL4104957,Nc1nc(O[C@H](c2ccc(Cl)cc2-c2ccccc2)C(F)(F)F)cc(N2CCC3(CC2)CN[C@H](C(=O)O)C3)n1,
CHEMBL5095230,NCCCC[C@H](NC(=O)C1CCCC1)C(=O)COc1c(F)ccc(F)c1F,
CHEMBL2364608,Cn1c(Cn2ccc(C(F)(F)F)c(Oc3cc(Cl)cc(C#N)c3)c2=O)n[nH]c1=O,
CHEMBL939,COc1cc2ncnc(Nc3ccc(F)c(Cl)c3)c2cc1OCCCN1CCOCC1,
CHEMBL3989871,Cc1ccc(NC(=O)[C@H]2CCCN(C(=O)c3c(C)cccc3F)[C@H]2c2ccc(NC3CCCC3)cc2)cc1C(F)(F)F,
CHEMBL1908391,Cc1ccc(NC(=O)c2ccc(CN3CCN(C)CC3)cc2)cc1Nc1nc(-c2cccnc2)cs1,
CHEMBL215645,CCN(C)C(=O)Oc1cccc([C@H](C)N(C)C)c1.O=C(O)C(O)C(O)C(=O)O,
CHEMBL1200485,CNC(=O)c1cc(Oc2ccc(NC(=O)Nc3ccc(Cl)c(C(F)(F)F)c3)cc2)ccn1.Cc1ccc(S(=O)(=O)O)cc1,
CHEMBL4459585,Cn1cc(-c2cn3nccc3c(-c3cnn([C@]4(CC#N)C[C@@H](C#N)C4)c3)n2)cn1,
CHEMBL3301570,,
CHEMBL1795071,N#CC[C@H](C1CCCC1)n1cc(-c2ncnc3[nH]ccc23)cn1.O=P(O)(O)O,
CHEMBL3989861,CN(C)CC(c1ccc(O)cc1)C1(O)CCCCC1.O.O=C(O)/C=C/C(=O)O,
CHEMBL4650499,,
CHEMBL4744254,C[C@H](NS(=O)(=O)c1cc(C(=O)Nc2ccc(F)c(C#N)c2)n(C)c1)C(F)(F)F,
CHEMBL3989402,CCC(CC)[C@H](NC(C)=O)[C@@H]1[C@H](O)[C@@H](C(=O)O)C[C@H]1NC(=N)N.O.O.O,
CHEMBL4250860,CC(=O)c1nn(CC(=O)N2C[C@H](F)C[C@H]2C(=O)Nc2cccc(Br)n2)c2ccc(-c3cnc(C)nc3)cc12,
CHEMBL5465559,,
CHEMBL20,CC(=O)Nc1nnc(S(N)(=O)=O)s1,
CHEMBL5314555,C=C(C)C(=O)Nc1ccc(-c2c(-c3ccc(Oc4nccc(C)n4)c(F)c3)c3c(N)ncnc3n2C)cc1,
CHEMBL2179105,C[C@@H]1CN(Cc2ncccn2)C[C@H]1c1nc2c(cnn2C2CCOCC2)c(=O)[nH]1,
CHEMBL4594286,Cl.O=C(Cc1cccc(OC(F)(F)F)c1)Nc1ccc(CCCCc2nnc(NC(=O)Cc3ccccn3)s2)nn1,
CHEMBL2347655,CON(C)C(=O)N1N=C(c2cc(F)ccc2F)S[C@@]1(CCCN)c1ccccc1,
CHEMBL4650343,Cc1cc(Nc2cc3ncccc3c(N[C@@H]3C[C@H]4CC[C@@H](C3)N4CCC#N)n2)n[nH]1,
CHEMBL5314504,Cc1cc(/C=C/C#N)cc(C)c1-c1cccc2c(N)nc(Nc3ccc(C#N)cc3)nc12,
CHEMBL4298173,CN1C/C=C/CCOc2cccc(c2)-c2ccnc(n2)Nc2cccc(c2)C1.O=C(O)CC(O)(CC(=O)O)C(=O)O,
CHEMBL3137331,CNC(=O)c1ccc(Nc2ncc(C(F)(F)F)c(NCc3nccnc3N(C)S(C)(=O)=O)n2)cc1,
CHEMBL3545311,COc1cc(N2CCC(N3CCN(C)CC3)CC2)ccc1Nc1ncc(Cl)c(Nc2ccccc2P(C)(C)=O)n1,
CHEMBL3317856,O=c1ccc2ncc(=O)n3c2n1C[C@H]3CN1CCC(NCc2cc3c(cn2)OCCC3)CC1,
CHEMBL3659477,CCCOc1ccc([C@H]2CNC(=O)N2c2ccc3[nH]cnc3c2)cc1,
CHEMBL554,CS(=O)(=O)CCNCc1ccc(-c2ccc3ncnc(Nc4ccc(OCc5cccc(F)c5)c(Cl)c4)c3c2)o1,
CHEMBL75094,CC1(C)SCCN(S(=O)(=O)c2ccc(Oc3ccncc3)cc2)[C@H]1C(=O)NO,
CHEMBL2105717,COc1cc2nccc(Oc3ccc(NC(=O)C4(C(=O)Nc5ccc(F)cc5)CC4)cc3)c2cc1OC,
CHEMBL206031,Cc1nc(COc2ccc(C[C@H](NC(=O)O[C@H]3CO[C@H]4OCC[C@H]43)[C@H](O)CN(CC(C)C)S(=O)(=O)c3ccc4c(c3)OCO4)cc2)cs1,
CHEMBL206815,CC1(C)SCCN(S(=O)(=O)c2ccc(OCC#CCO)cc2)[C@H]1C(=O)NO,
CHEMBL3127326,COC(=O)N[C@H](C(=O)N1CCC[C@H]1C(=O)Nc1ccc([C@@H]2CC[C@@H](c3ccc(NC(=O)[C@@H]4CCCN4C(=O)[C@@H](NC(=O)OC)C(C)C)cc3)N2c2ccc(C(C)(C)C)cc2)cc1)C(C)C,
CHEMBL3989958,N#Cc1ccnc(N2C(=O)CC[C@H]2C(=O)N(c2cncc(F)c2)[C@H](C(=O)NC2CC(F)(F)C2)c2ccccc2Cl)c1,
CHEMBL5314572,CS(=O)(=O)O.Cc1cc(-c2nc(C(=O)Nc3cc4oc(N5CCOCC5)nc4nc3N3CC[C@@H](O)C3)co2)ccn1,
CHEMBL3392776,COc1ccc(S(=O)(=O)Nc2cc(-c3c(O)ccc4ccccc34)c(O)c3ccccc23)cc1,
CHEMBL5315087,,
CHEMBL3989962,NC(CO)(CO)CO.NC(CO)(CO)CO.Nc1nc(=O)c2c(CCc3ccc(C(=O)N[C@@H](CCC(=O)O)C(=O)O)cc3)c[nH]c2[nH]1.O.O,
CHEMBL1199307,CN(CCCCCCN(C)C(=O)Oc1ccc[n+](C)c1)C(=O)Oc1ccc[n+](C)c1,
CHEMBL584,Cc1c(O)cccc1C(=O)N[C@@H](CSc1ccccc1)[C@H](O)CN1C[C@H]2CCCC[C@H]2C[C@H]1C(=O)NC(C)(C)C,
CHEMBL4204794,Cn1cc(-c2cc3c(N4CCN(c5ncc([C@@](C)(N)c6ccc(F)cc6)cn5)CC4)ncnn3c2)cn1,
CHEMBL2105712,CN(C)C/C=C/C(=O)Nc1cc2c(Nc3ccc(F)c(Cl)c3)ncnc2cc1O[C@H]1CCOC1.O=C(O)/C=C\C(=O)O.O=C(O)/C=C\C(=O)O,
CHEMBL4292264,CC1(C)CCC2(CC1)N[C@@H](C(=O)N[C@@H]1CC[C@@H](C(N)=O)OC1)[C@H](c1ccnc(Cl)c1F)[C@]21C(=O)Nc2cc(Cl)ccc21,
CHEMBL1259059,CC(C)OC(=O)[C@H](C)N[P@](=O)(OC[C@H]1O[C@@H](n2ccc(=O)[nH]c2=O)[C@](C)(F)[C@@H]1O)Oc1ccccc1,
CHEMBL1818442,Cl.Clc1ccc([C@]23CNC[C@H]2C3)cc1Cl,
CHEMBL2103875,CC(=O)Nc1cccc(-n2c(=O)n(C3CC3)c(=O)c3c(Nc4ccc(I)cc4F)n(C)c(=O)c(C)c32)c1,
CHEMBL4297188,Nc1ncccc1-c1nc2ccc(-c3ccccc3)nc2n1-c1ccc(C2(N)CCC2)cc1,
CHEMBL5314494,CC(C)c1ccc(N(C)c2ccc3c(c2)OCC[C@H]3CNc2cnccc2C(=O)O)cc1,
CHEMBL286738,NS(=O)(=O)Oc1ccc2c3c(c(=O)oc2c1)CCCCC3,
CHEMBL1200831,CCOC(=O)[C@H](CCc1ccccc1)N[C@@H](C)C(=O)N1CC2(C[C@H]1C(=O)O)SCCS2.Cl,
CHEMBL2107829,Cl.NCC[C@@H](O)c1cccc(OCC2CCCCC2)c1,
CHEMBL481949,O=C(O)c1ccc(F)c(F)c1Nc1ccc(I)cc1Cl,
CHEMBL4594514,,
CHEMBL5095421,Cc1cc(-c2nc(C(=O)Nc3cc4oc(N5CCOCC5)nc4nc3N3CC[C@@H](O)C3)co2)ccn1.Cl,
CHEMBL3989891,O.O=C([O-])c1cc2cc(Cc3cccnc3)ccc2o1.[Na+],
CHEMBL414,NS(=O)(=O)c1ccc(C(=O)O)cc1,
CHEMBL3545110,CN(C)C(=O)c1cc2cnc(Nc3ccc(N4CCNCC4)cn3)nc2n1C1CCCC1,
CHEMBL1256842,CN1Cc2c(N)cccc2C(c2ccccc2)C1.O=C(O)/C=C\C(=O)O,
CHEMBL338975,CNC(=O)Oc1ccc2c(c1)[C@]1(C)CCN(C)[C@@H]1N2C.O=C(O)c1ccccc1O,
CHEMBL217092,CN1CCN(CCOc2cc(OC3CCOCC3)c3c(Nc4c(Cl)ccc5c4OCO5)ncnc3c2)CC1,
CHEMBL1421,Cc1nc(Nc2ncc(C(=O)Nc3c(C)cccc3Cl)s2)cc(N2CCN(CCO)CC2)n1,
CHEMBL204656,COc1cc2c(cc1Cc1cccc(Cl)c1F)c(=O)c(C(=O)O)cn2[C@H](CO)C(C)C,
CHEMBL4594298,COc1cc2c(cc1OC)CN(CCc1ccc(-n3nnc(-c4cc(OC)c(OC)cc4NC(=O)c4cc(=O)c5ccccc5o4)n3)cc1)CC2,
CHEMBL5314485,N#CC[C@H](C1CCCC1)n1cc(-c2ncnc3[nH]ccc23)c(N)n1,
CHEMBL3286830,C[C@H]1Oc2cc(cnc2N)-c2c(nn(C)c2C#N)CN(C)C(=O)c2ccc(F)cc21,
CHEMBL972,C#CCN(C)[C@H](C)Cc1ccccc1,
CHEMBL4208229,O=C(Nc1ccc(OC(F)(F)Cl)cc1)c1cnc(N2CC[C@@H](O)C2)c(-c2cc[nH]n2)c1,
CHEMBL2108025,,
CHEMBL3707349,CCN(CC)CCNC(=O)c1c(C)[nH]c(/C=C2\C(=O)Nc3ccc(-c4csc(-c5ccccc5)n4)cc32)c1C,
CHEMBL1201365,C[C@H](N[C@@H](CCc1ccccc1)C(=O)O)C(=O)N1[C@H](C(=O)O)C[C@@H]2CCC[C@@H]21,
CHEMBL1201387,C[C@H](N[C@@H](CCc1ccccc1)C(=O)O)C(=O)N1[C@H](C(=O)O)C[C@H]2CCCC[C@@H]21,
CHEMBL3707394,CC(=O)N[C@H]1CC(=O)N(c2ccc(OCc3cccc(F)c3)cc2)C1,
CHEMBL2105697,COc1ccc(N(C)c2nc(C)nc3ccccc23)cc1.Cl,
CHEMBL2106751,CC(C)CN(C[C@@H](OP(=O)([O-])[O-])[C@H](Cc1ccccc1)NC(=O)O[C@H]1CCOC1)S(=O)(=O)c1ccc(N)cc1.[Na+].[Na+],
CHEMBL4596972,c1cnc2ccc(Nc3nc(NC4CC4)c4nc[nH]c4n3)cc2c1,
CHEMBL4297651,CO[C@@H]1[C@H](OC(=O)N2CC(CCN3CCOCC3)C2)CC[C@]2(CO2)[C@H]1[C@@]1(C)O[C@@H]1CC=C(C)C,
CHEMBL2105739,CNS(=O)(=O)C[C@H]1CC[C@H](N(C)c2[nH]cnc3nccc2-3)CC1.O=C(O)/C=C\C(=O)O,
CHEMBL3989805,CN1CCN(c2ccccc2/C=C2\SCCN(c3ccc(Cl)c(Cl)c3)C2=O)CC1.Cl,
CHEMBL3990145,COCCCCn1c(C(=O)N(CC(C)C)[C@@H]2CNC[C@H](C(=O)N3CCOCC3)C2)nc2ccccc21,
CHEMBL3934885,COCc1nc2c(C(=O)Nc3cccc(Cl)c3C)cc(NC(=O)c3ccccc3C(F)(F)F)cc2[nH]1,
CHEMBL114586,N=C(N)c1ccc2cc(OC(=O)c3ccc(NC4=NCCN4)cc3)ccc2c1,
CHEMBL2105703,Cc1ccc2c(c1)c1c(n2CCc2ccc(C)nc2)CCN(C)C1.Cl.Cl,
CHEMBL1243298,CN1CC[C@@]2(C)c3cc(OC(=O)N4CCc5ccccc5C4)ccc3N(C)[C@@H]12,
CHEMBL192,CCCc1nn(C)c2c(=O)[nH]c(-c3cc(S(=O)(=O)N4CCN(C)CC4)ccc3OCC)nc12,
CHEMBL5314573,Cc1cc(-c2nc(C(=O)Nc3cc4oc(N5CCOCC5)nc4nc3N3CC[C@@H](O)C3)co2)ccn1.O=P(O)(O)O,
CHEMBL542103,CC(C)c1cccc(C(C)C)c1NC(=O)NCC1(c2ccc(N(C)C)cc2)CCCC1.Cl,
CHEMBL276711,Cc1cc(C)c(/C=C2\C(=O)Nc3ccccc32)[nH]1,
CHEMBL2103863,CN(C)Cc1c(C(=O)NCCOc2ccc(C(=O)NO)cc2)oc2ccccc12,
CHEMBL4297405,NS(=O)(=O)OC[C@H]1C[C@@H](Nc2ccnc3cc(-c4cccc(SC(F)(F)F)c4)nn23)[C@H](O)[C@@H]1O,
CHEMBL4594272,Cl.Cl.N#Cc1cccc(C(NCC2CC2)c2ccc(F)c(NC(=O)c3cc(C(F)(F)F)nn3-c3cccc(CN)c3)c2)c1,
CHEMBL115,CC(C)(C)NC(=O)[C@@H]1CN(Cc2cccnc2)CCN1C[C@@H](O)C[C@@H](Cc1ccccc1)C(=O)N[C@H]1c2ccccc2C[C@H]1O,
CHEMBL56337,CC(/C=C1\SC(=S)N(CC(=O)O)C1=O)=C\c1ccccc1,
CHEMBL4285417,C[C@@H]1COCCN1c1cc(C2([S@](C)(=N)=O)CC2)nc(-c2cc[nH]c3nccc2-3)n1,
CHEMBL4437054,CS(=O)(=O)CCCn1c(Cn2c(=O)n(CC(F)(F)F)c3ccncc32)cc2cc(Cl)ccc21,
CHEMBL4072833,C=CC(=O)N1CCC(CNc2ncnc(N)c2-c2ccc(Oc3ccccc3)cc2)CC1,
CHEMBL2360464,Nc1nc2[nH]cc(CCc3ccc(C(=O)N[C@@H](CCC(=O)[O-])C(=O)[O-])cc3)c2c(=O)[nH]1.[Na+].[Na+],
CHEMBL4297277,CC(/C=C1\SC(=S)N(CC(=O)O)C1=O)=C\c1ccccc1.CC(/C=C1\SC(=S)N(CC(=O)[O-])C1=O)=C\c1ccccc1.C[N+](C)(C)CCO,
CHEMBL3408947,COc1ccc2c(c1)[C@]1(C[C@H]1c1ccc3c(/C=C/c4ccc(CN5C[C@@H](C)O[C@@H](C)C5)cc4)n[nH]c3c1)C(=O)N2,
CHEMBL4303729,O=C(c1c(F)ccc(NS(=O)(=O)N2CC[C@@H](F)C2)c1F)c1c[nH]c2ncc(-c3cnc(C4CC4)nc3)cc12,
CHEMBL408513,O=C(/C=C/c1cccc(S(=O)(=O)Nc2ccccc2)c1)NO,
CHEMBL59356,C[C@H](C#Cc1ccc(Cc2ccc(F)cc2)s1)N(O)C(N)=O,
CHEMBL334966,CSCCNc1nc(SCCC(F)(F)F)nc2c1ncn2[C@@H]1O[C@H](COP(=O)(O)OP(=O)(O)C(Cl)(Cl)P(=O)(O)O)[C@@H](O)[C@H]1O,
CHEMBL3301600,C=CC(=O)Nc1cccc(Nc2nc(Nc3ccc(OCCOC)cc3)ncc2F)c1.O=S(=O)(O)c1ccccc1,
CHEMBL5314458,NC(=O)c1c(N)nn2ccc(N3C[C@@H](F)C[C@@H]3c3cc(F)ccc3F)nc12,
CHEMBL539697,CCCCCCOC(=O)NC(=N)c1ccc(NCc2nc3cc(C(=O)N(CCC(=O)OCC)c4ccccn4)ccc3n2C)cc1,
CHEMBL2103855,Cc1ccn(-c2cc(Cl)ccc2[C@@H](Oc2cc(-c3ccc(C[C@H](N)C(=O)O)cc3)nc(N)n2)C(F)(F)F)n1,
CHEMBL3414626,CC(C)N(C[C@H]1O[C@@H](n2cnc3c(N)ncnc32)[C@H](O)[C@@H]1O)[C@H]1C[C@@H](CCc2nc3cc(C(C)(C)C)ccc3[nH]2)C1,
CHEMBL4113131,C[C@@H]1CN(C(=O)c2ccc(NC(=O)c3cc(O[C@H](C)c4c(Cl)ccc(F)c4Cl)c(N)nn3)cc2)C[C@H](C)N1,
CHEMBL506871,C[C@]1(c2nc3c(C(N)=O)cccc3[nH]2)CCCN1,
CHEMBL3426621,C[C@H]1CNCCCN1S(=O)(=O)c1cccc2cncc(F)c12,
CHEMBL4297389,O=C1[C@H](C/C=C(\CO)c2ccc(F)cc2)[C@@H](c2ccc(O)cc2)N1c1ccc(F)cc1,
CHEMBL5314539,C=CC(=O)Nc1cc(Nc2nc(-c3ccnc(N4CCn5c(cc6c5CC(C)(C)C6)C4=O)c3CO)cn(C)c2=O)ccc1N1CCN(C2CCOCC2)C[C@@H]1C,
CHEMBL4297442,OC[C@H]1O[C@@H](S[C@@H]2O[C@H](CO)[C@H](O)[C@H](n3cc(-c4cccc(F)c4)nn3)[C@H]2O)[C@H](O)[C@@H](n2cc(-c3cccc(F)c3)nn2)[C@H]1O,
CHEMBL3809489,Nc1nc(Nc2ccc3c(c2)CC[C@@H](N2CCCC2)CC3)nn1-c1cc2c(nn1)-c1ccccc1CCC2,
CHEMBL2108792,,
CHEMBL2103868,COc1cc2nccc(Oc3ccc(NC(=O)C4(C(=O)Nc5ccc(F)cc5)CC4)cc3)c2cc1OC.O=C(O)C[C@H](O)C(=O)O,
CHEMBL1922094,Cc1c(CN2CCN(C(=O)[C@H](C)O)CC2)sc2c(N3CCOCC3)nc(-c3cnc(N)nc3)nc12,
CHEMBL636,CCN(C)C(=O)Oc1cccc([C@H](C)N(C)C)c1,
CHEMBL4594291,Cl.Cl.NCCNC1CCC(CC(=O)N[C@H]2Cc3cccc(C(=O)O)c3OB2O)CC1,
CHEMBL468419,Cl.N#Cc1ccc(C2CCCc3cncn32)cc1,
CHEMBL3402762,CN1CCC(COc2cnc(-c3cccc(Cn4nc(-c5cccc(C#N)c5)ccc4=O)c3)nc2)CC1,
CHEMBL5095097,C[C@H](C#N)Nc1cc(-c2ccc3cc(C#N)cnn23)ncc1C(=O)NC[C@@H](F)C(C)(C)O,
CHEMBL5314423,CNc1cc(Nc2cccn(-c3ccccn3)c2=O)nc2c(C(=O)N[C@@H]3CC[C@H]3OC)cnn12,
CHEMBL3989909,CCC(=O)N1CC[C@H](Nc2ncnc3c2CN(c2cnc(OC)c(C(F)(F)F)c2)CC3)C1.O=P(O)(O)O,
CHEMBL1232111,C#CCN(C)CC1=Cc2ccccc2Oc2ccccc21,
CHEMBL3137330,C[C@H]1CO[C@@H]2Cn3cc(C(=O)NCc4ccc(F)cc4F)c(=O)c([O-])c3C(=O)N12.[Na+],
CHEMBL2105720,O=C(O)CSc1nnc(Br)n1-c1ccc(C2CC2)c2ccccc12,
CHEMBL1738758,CN1CCN(c2ccc(OC(F)(F)F)c(Nc3ncc4c(n3)-c3c(c(C(N)=O)nn3CCO)CC4)c2)CC1,
CHEMBL2105750,C=C[C@@H]1C[C@]1(NC(=O)[C@@H]1C[C@@H](Oc2cc(-c3ccccc3)nc3cc(OC)ccc23)CN1C(=O)[C@@H](CC(=O)N1CCCCC1)C(C)(C)C)C(=O)NS(=O)(=O)C1CC1,
CHEMBL2147777,Cc1cc(N2CCN([C@@H]3CN[C@H](C(=O)N4CCSC4)C3)CC2)n(-c2ccccc2)n1,
CHEMBL69998,CC1(C)OC(=O)C(OCC2CC2)=C1c1ccc(S(C)(=O)=O)cc1,
CHEMBL1200563,COCc1c(C(C)C)nc(C(C)C)c(/C=C/[C@@H](O)C[C@@H](O)CC(=O)[O-])c1-c1ccc(F)cc1.[Na+],
CHEMBL2219421,O=C(O)c1ccc(/C=C/S(=O)(=O)Cc2ccc(Cl)cc2)cc1,
CHEMBL350775,COc1cc(C(=O)C(=O)N2CCCC[C@H]2C(=O)OC(CCCc2cccnc2)CCCc2cccnc2)cc(OC)c1OC,
CHEMBL5314427,Cc1nc(N2CCC3(CC2)CO[C@@H](C)[C@H]3N)c(CO)nc1Sc1ccnc(N)c1Cl,
CHEMBL419213,NCCCC[C@H](N[C@@H](CCc1ccccc1)C(=O)O)C(=O)N1CCC[C@H]1C(=O)O.O.O,
CHEMBL404108,Cc1ccc(Nc2c(F)cccc2Cl)c(CC(=O)O)c1,
CHEMBL1737,CCCc1nn(C)c2c(=O)[nH]c(-c3cc(S(=O)(=O)N4CCN(C)CC4)ccc3OCC)nc12.O=C(O)CC(O)(CC(=O)O)C(=O)O,
CHEMBL3039596,CCC(=O)O[C@@H](O[P@](=O)(CCCCc1ccccc1)CC(=O)N1C[C@H](C2CCCCC2)C[C@H]1C(=O)[O-])C(C)C.[Na+],
CHEMBL4297430,CN(C)C(=O)N1C[C@@H]2C[C@@](C)(NCC(=O)N3C[C@@H](F)C[C@H]3C#N)C[C@@H]2C1.Cc1ccc(S(=O)(=O)O)cc1,
CHEMBL4297594,CC(C)OCCn1c(=S)[nH]c(=O)c2[nH]ccc21,
CHEMBL281398,CC(C)(C)N/C(=N\C#N)Nc1cccc(/C(=C\CCCC(=O)O)c2cccnc2)c1,
CHEMBL2105735,C=C[C@@H]1C[C@]1(NC(=O)[C@@H]1C[C@@H](Oc2ncc(OC)c3ccc(Cl)cc23)CN1C(=O)[C@@H](NC(=O)OC(C)(C)C)C(C)(C)C)C(=O)NS(=O)(=O)C1CC1,
CHEMBL4297423,Cc1sc2c(c1C)C(c1ccc(Cl)cc1)=N[C@@H](CC(=O)NCCCN1CCN(C)CC1)c1nnc(C)n1-2,
CHEMBL4544478,CN1CCC(Nc2nc(Nc3ccc(Oc4ccccc4)cc3)c3c(=O)[nH]cc(Br)c3n2)CC1,
CHEMBL398435,CCCSc1nc(N[C@@H]2C[C@H]2c2ccc(F)c(F)c2)c2nnn([C@@H]3C[C@H](OCCO)[C@@H](O)[C@H]3O)c2n1,
CHEMBL1174,N=C(N)NCCCC[C@@H]1NC(=O)CCSSC[C@@H](C(N)=O)NC(=O)[C@@H]2CCCN2C(=O)[C@H](Cc2c[nH]c3ccccc23)NC(=O)[C@H](CC(=O)O)NC(=O)CNC1=O,
CHEMBL4284604,CCOC(=O)C(C)(C)COS(=O)(=O)ON1C(=O)N2C[C@H]1CC[C@H]2C(N)=O,
CHEMBL4298172,O=C(c1cccnc1-c1ccncc1)N1CCC(O)(Cc2ccccc2)CC1,
CHEMBL541388,Cl.O=S(=O)(c1cccc2cnccc12)N1CCCNCC1,
CHEMBL4297216,Cc1cnc(Nc2ccc(OCCN3CCCC3)cc2)nc1Nc1cccc(S(=O)(=O)NC(C)(C)C)c1.Cl.Cl.O,
CHEMBL126159,COc1cc2c3c(n(CCCNCCO)c(=O)c2cc1OC)-c1cc2c(cc1C3=O)OCO2,
CHEMBL1399,CC(C)(C#N)c1cc(Cn2cncn2)cc(C(C)(C)C#N)c1,
CHEMBL4650733,N=C(NC(=N)N1CCCC1)Nc1ccc(OC(F)(F)F)cc1,
CHEMBL3182314,CC(C)(C)C(=O)Oc1ccc(S(=O)(=O)Nc2ccccc2C(=O)NCC(=O)[O-])cc1.O.O.O.O.[Na+],
CHEMBL416146,Cc1ccc(-c2ncc(Cl)cc2-c2ccc(S(C)(=O)=O)cc2)cn1,
CHEMBL3137305,CNC(=O)c1ccc(Nc2ncc(C(F)(F)F)c(NCc3nccnc3N(C)S(C)(=O)=O)n2)cc1.Cl,
CHEMBL1683544,C=C1C[C@@H]2CC[C@@]34C[C@H]5O[C@H]6[C@@H](O3)[C@H]3O[C@H](CC[C@@H]3O[C@H]6[C@H]5O4)CC(=O)C[C@@H]3[C@@H](OC)[C@@H](C[C@H](O)CN)O[C@H]3C[C@H]3O[C@@H](CC[C@@H]1O2)C[C@@H](C)C3=C.CS(=O)(=O)O,
CHEMBL4297661,Cn1cnc([N+](=O)[O-])c1C[N+](C)(C)C/C=C/C(=O)Nc1cc2c(Nc3ccc(Cl)c(Br)c3)ncnc2cn1,
CHEMBL479527,CCOC(=O)N1c2ccc(C(F)(F)F)cc2[C@@H](N(Cc2cc(C(F)(F)F)cc(C(F)(F)F)c2)C(=O)OC)C[C@H]1CC,
CHEMBL5314574,Cc1cc(-c2nc(C(=O)Nc3cc4oc(N5CCOCC5)nc4nc3N3CC[C@@H](O)C3)co2)ccn1.Cc1ccc(S(=O)(=O)O)cc1,
CHEMBL3707393,N#Cc1ccc([C@H]2CCc3cncn32)c(F)c1.O=P(O)(O)O,
CHEMBL119385,O=c1ncn2nc(Sc3ccc(F)cc3F)ccc2c1-c1c(Cl)cccc1Cl,
CHEMBL512351,COc1ccc(NC(=O)c2ccc(C(=N)N(C)C)cc2)c(C(=O)Nc2ccc(Cl)cn2)c1,
CHEMBL2023898,COC(=O)N[C@H](C(=O)N1CCC[C@H]1c1ncc(-c2ccc(-c3ccc(-c4cnc([C@@H]5CCCN5C(=O)[C@@H](NC(=O)OC)C(C)C)[nH]4)cc3)cc2)[nH]1)C(C)C,
CHEMBL5314552,C[C@](N)(c1ccc(F)cc1)c1cnc(N2CCN(c3ncnn4cc(-c5cnn(CCO)c5)cc34)CC2)nc1,
CHEMBL2336325,CNC(=O)c1cccc(-c2ccc3c(N4CCOC[C@@H]4C)nc(N4CCOC[C@@H]4C)nc3n2)c1,
CHEMBL4297583,Cc1nc2cc(C(=O)N(C)C)cc(O[C@H]3CCOc4cc(F)cc(F)c43)c2[nH]1,
CHEMBL4802133,CCOC1(c2ccc(-c3cc4c(N5CCN(C(=O)O[C@@H]6CCOC6)CC5)ccnn4c3)nc2)CCN(C(C)C)CC1,
CHEMBL5314520,CCN(c1cc(O[C@H]2C[C@H](N3CCCCC3)C2)cc(C(=O)NCc2c(C)cc(C)[nH]c2=O)c1C)C1CCOCC1,
CHEMBL1957287,Fc1ccccc1-c1nc2ccn(Cc3ccc(-c4ccc(C(F)(F)F)cc4C(F)(F)F)nn3)cc-2n1,
CHEMBL5314545,CCN1CCN(Cc2ccc(Nc3ncc(F)c(-c4cc(F)c5nc6n(c5c4)[C@H](C)CCC6)n3)nc2)CC1,
CHEMBL1615025,Cn1c(=O)c(F)c(Nc2ccc(I)cc2F)c2c(=O)n(C[C@@H](O)CO)cnc21,
CHEMBL376359,Cn1c(=O)cc(N2CCC[C@@H](N)C2)n(Cc2ccccc2C#N)c1=O,
CHEMBL274654,Cc1[nH]c(/C=C2\C(=O)Nc3ccccc32)c(C)c1CCC(=O)O,
CHEMBL4802130,CC(C)NC(=O)COc1cccc(-c2nc(Nc3ccc4[nH]ncc4c3)c3ccccc3n2)c1.CS(=O)(=O)O,
CHEMBL1770916,CCC[C@H](N[C@H]1CCc2cc(F)cc(F)c2C1)C(=O)Nc1cn(C(C)(C)CNCC(C)(C)C)cn1,
CHEMBL5314521,N#Cc1cc(F)cc(Oc2ccc3c4c2[C@@H](F)C[C@]4(O)C(F)(F)C3(F)F)c1,
CHEMBL1873475,C=CC(=O)N1CCC[C@@H](n2nc(-c3ccc(Oc4ccccc4)cc3)c3c(N)ncnc32)C1,
CHEMBL483158,COc1cc(Nc2ncc3c(n2)-c2ccc(Cl)cc2C(c2c(F)cccc2OC)=NC3)ccc1C(=O)O,
CHEMBL1164729,Cc1nc(-c2ccc(OCC(C)C)c(C#N)c2)sc1C(=O)O,
CHEMBL5095399,COc1nsc(NC(=O)N2C[C@H]3C[C@H](N(C)c4ncnc5[nH]ccc45)C[C@H]3C2)n1.O=S(=O)(O)O,
CHEMBL4297640,NC(=O)[C@H]1CCN(c2ncnc(N)c2F)C[C@@H]1N1CCC[C@@H](Nc2cc(Cl)cc(C(F)(F)F)c2)C1=O,
CHEMBL3348846,COc1cc(CCc2cc(NC(=O)c3ccc(N4C[C@@H](C)N[C@@H](C)C4)cc3)n[nH]2)cc(OC)c1,
CHEMBL3622821,CC[C@@H]1CN(C(=O)NCC(F)(F)F)C[C@@H]1c1cnc2cnc3[nH]ccc3n12,
CHEMBL5095037,CNc1nc(N)nc2c1ncn2[C@@H]1O[C@H](COP(=O)(N[C@@H](C)C(=O)OC(C)C)Oc2ccccc2)[C@@H](O)[C@@]1(C)F.CNc1nc(N)nc2c1ncn2[C@@H]1O[C@H](COP(=O)(N[C@@H](C)C(=O)OC(C)C)Oc2ccccc2)[C@@H](O)[C@@]1(C)F.O=S(=O)(O)O,
CHEMBL2005186,CC(C)NC(=O)COc1cccc(-c2nc(Nc3ccc4[nH]ncc4c3)c3ccccc3n2)c1,
CHEMBL2105662,CS(=O)(=O)O.O=C(NC1CCN(CCCCC2(C(=O)NCC(F)(F)F)c3ccccc3-c3ccccc32)CC1)c1ccccc1-c1ccc(C(F)(F)F)cc1,
CHEMBL1200340,CCOC(=O)C1=C[C@@H](OC(CC)CC)[C@H](NC(C)=O)[C@@H](N)C1.O=P(O)(O)O,
CHEMBL2107821,NCC[C@@H](O)c1cccc(OCC2CCCCC2)c1,
CHEMBL389433,Clc1cccc(C(c2ccc3[nH]cnc3c2)n2ccnc2)c1,
CHEMBL5095260,C[C@@H]1COCCN1c1cc([C@]2(O)C[C@H]3CC[C@@H](C2)O3)c2cnn(-c3cc[nH]n3)c2n1,
CHEMBL222559,CCC[C@@]1(CCc2ccccc2)CC(O)=C([C@H](CC)c2cccc(NS(=O)(=O)c3ccc(C(F)(F)F)cn3)c2)C(=O)O1,
CHEMBL1922235,COc1ccc(C(=O)Nc2cccc(O)c2NC(=O)c2ccc(N3CCCN(C)CC3)cc2)cc1,
CHEMBL1173655,CN(C)C/C=C/C(=O)Nc1cc2c(Nc3ccc(F)c(Cl)c3)ncnc2cc1O[C@H]1CCOC1,
CHEMBL4583691,Cc1ccc(NC(=O)c2ccnc(C(F)(F)F)c2)cc1-c1cc(OCCO)nc(N2CCOCC2)c1,
CHEMBL1079742,C#Cc1cccc(Nc2ncnc3cc(OCCOC)c(OCCOC)cc23)c1.Cl,
CHEMBL4594299,COc1cc2c(cc1OC)CN(CCc1ccc(-n3nnc(-c4cc(OC)c(OC)cc4NC(=O)c4cc(=O)c5ccccc5o4)n3)cc1)CC2.CS(=O)(=O)O.O,
CHEMBL5095245,N#Cc1ccc(N2CCN(Cc3ccc4c5c(c(=O)[nH]c4c3)CCCN5)CC2)nc1,
CHEMBL4863829,CC(C)C(=O)OC[C@H]1O[C@@](C#N)(c2ccc3c(N)ncnn23)[C@H](O)[C@@H]1O,
CHEMBL5095060,CCN1CCN(Cc2ccc(Nc3ncc(F)c(-c4ccc5nn(C)c(C(C)C)c5c4)n3)nc2)CC1,
CHEMBL2103825,CCCCCCCCCCCCCCCCOc1nc2ccc(C)cc2c(=O)o1,
CHEMBL1779710,CC(C)(C)OC[C@@H]1C(=O)NCCN1C(=O)C[C@H](N)Cc1cc(F)c(F)cc1F,
CHEMBL576982,CC(C)(C)c1cc(NC(=O)Nc2ccc(-c3cn4c(n3)sc3cc(OCCN5CCOCC5)ccc34)cc2)no1,
CHEMBL415049,CCN(CCCOc1ccc2c(Nc3cc(CC(=O)Nc4cccc(F)c4)[nH]n3)ncnc2c1)CCOP(=O)(O)O,
CHEMBL1851943,CCCCc1nc2cc(/C=C/C(=O)NO)ccc2n1CCN(CC)CC,
CHEMBL1929396,Cc1cc2ncc(C(=O)NCC(C)(C)NCC(=O)N3CCC[C@H]3C#N)cn2n1,
CHEMBL4277900,CC1=Nc2c(F)cc(-c3nc(Nc4ccc(C5CCN(C)CC5)cn4)ncc3F)cc2C12CCCC2,
CHEMBL3989939,O=C(Nc1cnn2ccc(N3CCC[C@@H]3c3cc(F)ccc3F)nc12)N1CC[C@H](O)C1.O=S(=O)(O)O,
CHEMBL538867,CC1=C2C[C@H]3[C@@H](CC[C@@H]4C[C@H](NS(C)(=O)=O)CC[C@@]43C)[C@@H]2CC[C@@]2(C1)O[C@@H]1C[C@H](C)CN[C@H]1[C@H]2C,
CHEMBL5314604,C=CC(=O)N1CCN(c2nc(OC[C@@H]3CCCN3C)nc3c(F)c(-c4nc(N)cc(C)c4C(F)(F)F)c(Cl)cc23)[C@@H](C)C1.O=C(O)CCCCC(=O)O,
CHEMBL36255,COc1ccc(/C=C\c2cc(OC)c(OC)c(OC)c2)c(O)c1O,
CHEMBL5314576,C[C@@H](Oc1ccc(S(C)(=O)=O)cc1C(=O)N1C[C@@H]2C[C@]2(c2cc(C(F)(F)F)on2)C1)C(F)(F)F,
CHEMBL1171829,C[C@H](Oc1ccc(S(C)(=O)=O)cc1C(=O)N1CCN(c2ncc(C(F)(F)F)cc2F)CC1)C(F)(F)F,
CHEMBL3694493,Cn1c(Nc2c(Cl)ccc(CNC(=O)C(C)(C)C)c2Cl)nc2cc(C(=O)N[C@H]3CC[C@H](C(F)(F)F)CC3)c(OCC(F)F)cc21,
CHEMBL5315119,CC[C@@H]1CN(C(=O)NCC(F)(F)F)C[C@@H]1c1cnc2cnc3[nH]ccc3n12.CC[C@@H]1CN(C(=O)NCC(F)(F)F)C[C@@H]1c1cnc2cnc3[nH]ccc3n12.O,
CHEMBL1200734,CC(C)CN(C[C@@H](OP(=O)([O-])[O-])[C@H](Cc1ccccc1)NC(=O)O[C@H]1CCOC1)S(=O)(=O)c1ccc(N)cc1.[Ca+2],
CHEMBL865,Cc1onc(-c2ccccc2)c1-c1ccc(S(N)(=O)=O)cc1,
CHEMBL4558324,C=CC(=O)Nc1cc(Nc2nccc(-n3cc(CN(C)C)c(-c4ccccc4)n3)n2)c(OC)cc1N1CCOCC1,
CHEMBL1618279,Cc1nc(Nc2ccc(F)cc2)nc(N2CCc3ccccc3C2C)c1C,
CHEMBL607707,CCOc1cc2ncc(C#N)c(Nc3ccc(F)c(Cl)c3)c2cc1NC(=O)/C=C/CN(C)C,
CHEMBL5314537,C=CC(=O)N1C[C@@H](n2nc(C#Cc3c(F)cc4c(ncn4C4CC4)c3F)c(C(N)=O)c2NC)C[C@@H]1COC,
CHEMBL4650361,C[C@@H](N)COc1ccc(-c2cnc3ccc(N[C@H](C)c4cccc(F)c4)nn23)cc1.O=C(O)CCCCC(=O)O,
CHEMBL3545376,COc1cc(OC)cc(N(CCNC(C)C)c2ccc3ncc(-c4cnn(C)c4)nc3c2)c1,
CHEMBL1947204,C=CC(=O)Nc1ccc2ncnc(Nc3ccc(OCc4cccc(F)c4)c(Cl)c3)c2c1,
CHEMBL218490,CCN[C@H]1C[C@H](C)S(=O)(=O)c2sc(S(N)(=O)=O)cc21,
CHEMBL443684,CC1(C)CCC(c2ccc(Cl)cc2)=C(CN2CCN(c3ccc(C(=O)NS(=O)(=O)c4ccc(N[C@H](CCN5CCOCC5)CSc5ccccc5)c(S(=O)(=O)C(F)(F)F)c4)cc3)CC2)C1,
CHEMBL3422109,N#CCCNc1nonc1-c1nc2ccccc2n1CC(=O)c1ccc(N)cc1,
CHEMBL3646221,O=C(O)CNC(=O)c1ncc(-c2cccc(Cl)c2)cc1O,
CHEMBL5095424,COc1ncc(-c2nc3c(n2C(C)C)[C@H](c2ccc(Cl)cc2)N(c2cc(Cl)cn(C)c2=O)C3=O)c(OC)n1.O=C(O)CCC(=O)O,
CHEMBL3039513,CC[C@@](C)(Nc1ccnc(-c2c[nH]c3ncccc23)n1)C(=O)NCC(F)(F)F,
CHEMBL518924,NCCCCN(Cc1nc2ccccc2[nH]1)[C@H]1CCCc2cccnc21,
CHEMBL279115,CCCCCCCCCCCCCC(=O)O[C@@H]1[C@@H](C)[C@@]2(O)[C@@H](C=C(CO)C[C@]3(O)C(=O)C(C)=C[C@@H]23)[C@@H]2C(C)(C)[C@]12OC(C)=O,
CHEMBL5314571,Cc1cc(-c2nc(C(=O)Nc3cc4oc(N5CCOCC5)nc4nc3N3CC[C@@H](O)C3)co2)ccn1.O=C(O)/C=C\C(=O)O,
CHEMBL1614701,Cn1cnc2c(F)c(Nc3ccc(Br)cc3Cl)c(C(=O)NOCCO)cc21,
CHEMBL1879463,Cn1c(=O)n(-c2ccc(C(C)(C)C#N)cc2)c2c3cc(-c4cnc5ccccc5c4)ccc3ncc21,
CHEMBL471498,O=C(O)[C@H](CC(=O)N1C[C@H]2CCCC[C@H]2C1)Cc1ccccc1,
CHEMBL4297478,Cc1ccc(C(=O)Nc2ccc(CN3CCN(C)CC3)c(C(F)(F)F)c2)cc1C#Cc1nnc2ccccn12,
CHEMBL3545097,CC(C)n1nc(-c2ccc3oc(N)nc3c2)c2c(N)ncnc21,
CHEMBL2043437,CN1CC[C@@H](NC(=O)Nc2ccc(C#N)cc2)C[C@@H]1c1nc2ccccc2[nH]1,
CHEMBL3545123,COC(=O)N[C@H](C(=O)N1CCC[C@H]1c1nc2cc([C@H]3CC[C@H](c4cc5nc([C@@H]6CCCN6C(=O)[C@@H](NC(=O)OC)[C@@H](C)OC)[nH]c5cc4F)N3c3cc(F)c(N4CCC(c5ccc(F)cc5)CC4)c(F)c3)c(F)cc2[nH]1)[C@@H](C)OC,
CHEMBL3989870,CNCc1ccc(-c2cc(-c3nc(-c4ccc(S(=O)(=O)C(C)C)cc4)cnc3N)on2)cc1,
CHEMBL2105801,CCCC(=O)O[C@H]1CN2CC[C@H](O)[C@@H]2[C@@H](O)[C@@H]1O.Cl,
CHEMBL4596392,CNC(=O)c1nnc(NC(=O)C2CC2)cc1Nc1cccc(-c2ncn(C)n2)c1OC,
CHEMBL3545215,CCn1c(C(=O)N(C2CC2)C2CC2)cc2c3c(ncn3C)c(Nc3cc(C)n(C)n3)nc21,
CHEMBL5315048,,
CHEMBL4297928,,
CHEMBL35033,CCOCn1c(Cc2ccccc2)c(C(C)C)c(=O)[nH]c1=O,
CHEMBL4297611,CC(C)(NC(=O)O[C@@H]1CN2CCC1CC2)c1csc(-c2ccc(F)cc2)n1,
CHEMBL3298910,CCc1nc2ccc(Cl)cn2c1C(=O)NCc1ccc(N2CCC(c3ccc(OC(F)(F)F)cc3)CC2)cc1,
CHEMBL3544977,COC(=O)N[C@H](C(=O)N1[C@H](c2nc3cc(-c4cc5ccc4CCc4ccc(c(-c6ccc7[nH]c([C@@H]8C[C@@H]9CCCC[C@@H]9N8C(=O)[C@@H](NC(=O)OC)C(C)C)nc7c6)c4)CC5)ccc3[nH]2)C[C@@H]2CCCC[C@@H]21)C(C)C,
CHEMBL2095206,COc1cc(Nc2c(C#N)cnc3cc(OCCCN4CCN(C)CC4)c(OC)cc23)c(Cl)cc1Cl.O,
CHEMBL3707222,CCCC[C@]1(CC)CS(=O)(=O)c2ccc(N(C)C)cc2[C@@H](c2cccc(NC(=O)N[C@@H]3O[C@H](COS(=O)(=O)O)[C@@H](O)[C@H](OCc4ccccc4)[C@H]3O)c2)[C@H]1O,
CHEMBL1200904,C#CCN(C)[C@H](C)Cc1ccccc1.Cl,
CHEMBL3989929,CCCCc1nc(-c2ccc(OCCCN(CC)CC)cc2)cn1-c1ccc(Oc2ccc(Cl)cc2)cc1,
CHEMBL4594400,Cn1cc(-c2cnc3cnn(S(=O)(=O)c4cnc5ccc(-c6cnn(C)c6)cn45)c3c2)cn1,
CHEMBL1214827,CC(C)c1cc(C(=O)N2Cc3ccc(CN4CCN(C)CC4)cc3C2)c(O)cc1O,
CHEMBL2107819,CCO[C@@H]1OC(=O)C[C@@H]1NC(=O)[C@@H]1CCCN1C(=O)[C@@H](NC(=O)c1ccc(N)c(Cl)c1)C(C)(C)C,
CHEMBL296913,CCC(=O)[N-]S(=O)(=O)c1ccc(-c2c(-c3ccccc3)noc2C)cc1.[Na+],
CHEMBL3545155,COc1ccc(Br)cc1NC(=O)Nc1cccc2c1ccn2Cc1ccnc(N)c1,
CHEMBL5314547,CCCS(=O)(=O)Nc1cc(F)c(F)c(C(=O)c2ccc3ncc(N4CCOCC4)nc3c2)c1F,
CHEMBL4297378,CC1=C[C@@H]2CN(C(=O)N2OS(=O)(=O)[O-])[C@@H]1C(N)=O.[Na+],
CHEMBL490672,CCc1cc(CC[C@]2(C3CCCC3)CC(O)=C(Cc3nc4nc(C)cc(C)n4n3)C(=O)O2)cc(CC)n1,
CHEMBL4471306,C[C@H](Nc1cc(Cl)nc2c1cnn2[C@@H]1O[C@H](COP(=O)(O)CP(=O)(O)O)[C@@H](O)[C@H]1O)c1ccccc1F,
CHEMBL4756476,O=C(c1ccc(Oc2ccccc2)cc1Cl)c1c[nH]c2ncnc(N[C@@H]3CC[C@@H](CO)OC3)c12,
CHEMBL5314565,CCCCCCCCCC1=C(C)C(=O)C(C)=C(C)C1=O,
CHEMBL1967878,Cc1cc(Nc2ncc(F)c(NC3C4C=CC(C4)C3C(N)=O)n2)ccc1N1CCN(C)CC1,
CHEMBL27759,Nc1ccccc1NC(=O)c1ccc(CNC(=O)OCc2cccnc2)cc1,
CHEMBL5314600,CC#CC(=O)N1CC[C@@H](n2c(=O)n(-c3ccc(Oc4ccccc4)cc3)c3c(N)ncnc32)C1.Cl,
CHEMBL5314498,C=CC(=O)NC1CCN(c2ncc3ncnc(Nc4ccc(Oc5ccc6c(c5)ncn6C)c(C)c4)c3n2)CC1,
CHEMBL2103833,Cc1[nH]c(/C=C2\C(=O)Nc3ccc(F)cc32)c(C)c1C(=O)NCCN1CCCC1.O=P(O)(O)O,
CHEMBL5314524,CCOC(=O)c1cnc2[nH]ccc2c1N[C@@H]1CCCN(CC(=O)C#N)C1,
CHEMBL4218271,C[C@H](N)C(=O)N1C[C@H](CCCB(O)O)[C@](N)(C(=O)O)C1,
CHEMBL4594454,C[C@H]1CNCCCN1S(=O)(=O)c1cccc2cncc(F)c12.Cl.O.O,
CHEMBL3979920,Cn1cc(-c2nc(N[C@@H]3CCCC[C@@H]3N)c(F)c3c2C(=O)NC3)cn1,
CHEMBL4650336,COc1ccc([C@H]2c3[nH]c4ccc(Cl)cc4c3CCN2C(=O)Oc2ccc(Cl)cc2)cc1,
CHEMBL4297619,O=C(O)CNC(=O)c1c(O)cc(CCc2ccccc2)n2ncnc12,
CHEMBL1976040,C=CCn1c(=O)c2cnc(Nc3ccc(N4CCN(C)CC4)cc3)nc2n1-c1cccc(C(C)(C)O)n1,
CHEMBL5095034,CS(=O)(=O)N1CCC(c2ccc(-c3ncc4nccnc4c3NC[C@@H]3CNCCO3)cc2)CC1,
CHEMBL1206690,CCC(=O)NS(=O)(=O)c1ccc(-c2c(-c3ccccc3)noc2C)cc1,
CHEMBL4112930,C[C@]12CCCN1CC1=NNC(=O)c3cc(F)cc4[nH]c2c1c34,
CHEMBL4297879,,
CHEMBL5314682,,
CHEMBL4297455,O=C(O)Cc1nn(Cc2nc3cc(C(F)(F)F)ccc3s2)c(=O)c2nccnc12,
CHEMBL577,C[C@H](N[C@@H](CCc1ccccc1)C(=O)O)C(=O)N1CCC[C@H]1C(=O)O,
CHEMBL2107872,,
CHEMBL4297601,COc1cc(F)c(C(C)C)cc1C1=C(CN2C(=O)O[C@H](c3cc(C(F)(F)F)cc(C(F)(F)F)c3)[C@@H]2C)CC(C)(C)CC1,
CHEMBL2079130,CNCc1cc(-c2ccccc2F)n(S(=O)(=O)c2cccnc2)c1,
CHEMBL3112741,O=C(NC1CCNCC1)[C@@H]1CC[C@@H]2CN1C(=O)N2OS(=O)(=O)O,
CHEMBL3545062,COC[C@H]1C[C@@H](c2nc(-c3ccc4c(c3)COc3cc5c(ccc6nc([C@@H]7CC[C@H](C)N7C(=O)[C@@H](NC(=O)OC)C(C)C)[nH]c65)cc3-4)c[nH]2)N(C(=O)[C@H](NC(=O)OC)c2ccccc2)C1,
CHEMBL2158051,CN[C@@H](C)C(=O)N[C@H]1CN(C(=O)CC(C)C)CC[C@H]2CC[C@@H](C(=O)NC(c3ccccc3)c3ccccc3)N2C1=O,
CHEMBL572878,Cc1cc(Nc2cc(N3CCN(C)CC3)nc(Sc3ccc(NC(=O)C4CC4)cc3)n2)n[nH]1,
CHEMBL4297522,CCN1C(=O)N(c2c(F)c(OC)cc(OC)c2F)Cc2cnc3[nH]c(CN4CCOCC4)cc3c21,
CHEMBL4209157,O=C1CCc2c(Oc3ccc4c(c3)[C@@H]3[C@H](O4)[C@H]3c3nc4cc(C(F)(F)F)ccc4[nH]3)ccnc2N1,
CHEMBL103667,Cc1ccc(-n2nc(C(C)(C)C)cc2NC(=O)Nc2ccc(OCCN3CCOCC3)c3ccccc23)cc1,
CHEMBL5314579,Nc1ncc(-c2ccc([C@@]34C[C@@H]3CN(C3CCOCC3)C4)cc2)cc1C(=O)NC12CCC(O)(CC1)CC2,
CHEMBL4297063,CC(O)C(=O)O.CN1CCN(c2ccc3nc(-c4c(N)c5c(F)cccc5[nH]c4=O)[nH]c3c2)CC1.O,
CHEMBL5314463,C=CC(=O)N1CCN2c3c(c(=O)n(-c4c(C)ccnc4C(C)C)c4nc(-c5c(O)cccc5F)c(Cl)cc34)N(C)C(=O)[C@H]2C1,
CHEMBL1083390,O=S(=O)(c1ccccc1)c1cnc2c(N3CCNCC3)cccc2c1,
CHEMBL1089318,Cc1c(Cl)c(C)[n+]([O-])c(Cl)c1-c1noc(-c2cc(O)c(O)c([N+](=O)[O-])c2)n1,
CHEMBL2107355,Cl.OC[C@H]1NC[C@H](O)[C@@H](O)[C@H]1O,
CHEMBL322241,CC(C)CN(C[C@@H](O)[C@H](Cc1ccccc1)NC(=O)[C@H](CC(N)=O)NC(=O)c1ccc2ccccc2n1)C(=O)NC(C)(C)C,
CHEMBL411907,C=CCN(/C=C1/C(=O)O[C@H](COC)[C@@]2(C)C1=C(O)C(=O)C1=C2[C@H](OC(C)=O)C[C@]2(C)C(=O)CC[C@@H]12)CC=C,
CHEMBL3545283,CN1CCC(c2c(O)cc(O)c3c(=O)cc(-c4ccccc4Cl)oc23)C1CO,
CHEMBL3545185,O=C(/C=C\n1cnc(-c2cc(C(F)(F)F)cc(C(F)(F)F)c2)n1)NNc1cnccn1,
CHEMBL18,CCOc1ccc2nc(S(N)(=O)=O)sc2c1,
CHEMBL1090089,Cn1c(=O)c(Oc2ccc(F)cc2F)cc2cnc(NC(CCO)CCO)nc21,
CHEMBL4650521,C[C@@H]1OCC2(CCN(c3cnc(Sc4ccnc(N)c4Cl)c(N)n3)CC2)[C@@H]1N,
CHEMBL31965,C=CC(=O)Nc1cc2c(Nc3ccc(F)c(Cl)c3)ncnc2cc1OCCCN1CCOCC1,
CHEMBL2146883,O=C(c1ccc(F)c(F)c1Nc1ccc(I)cc1F)N1CC(O)([C@@H]2CCCCN2)C1,
CHEMBL4574601,COc1ncc(-c2nc(N3CCOCC3)nc3c(CN4CCC(C(C)(C)O)CC4)cc(F)cc23)cc1NS(C)(=O)=O,
CHEMBL88712,O=C(O)[C@@H](c1ccc(OCc2ccc3ccccc3n2)cc1)C1CCCC1,
CHEMBL4650334,C[C@H]1CN(C(=O)CC[C@@]2(C3CC3)NC(=O)NC2=O)CCN1c1cc(F)cc(F)c1,
CHEMBL4297524,Cc1cn(-c2cc(NC(=O)c3ccc(C)c(Nc4nccc(-c5cnccn5)n4)c3)cc(C(F)(F)F)c2)cn1,
CHEMBL4112929,C[C@@H]1CCC[C@H](n2cnc(-c3cc(Cl)ccc3-n3cc(Cl)nn3)cc2=O)c2cc(ccn2)-c2c(cnn2C(F)F)NC1=O,
CHEMBL4483575,C=CC(=O)N(C)CCOc1c(N)ncnc1-c1cc(F)cc(NC(=O)c2ccc(C3CC3)cc2F)c1C,
CHEMBL4303323,C[C@H](Nc1ncnc2[nH]cnc12)c1nc2ccc(F)cc2c(=O)n1-c1ccccc1,
CHEMBL4297644,Cc1n[nH]cc1-c1cc2nc([C@@H]3CC4CCN3CC4)[nH]c(=O)c2s1,
CHEMBL4650321,C=CC(=O)N1CCC(c2ccc(C(N)=O)c(-c3ccc(Oc4ccccc4)cc3)n2)CC1,
CHEMBL4802251,CN(C)CC[C@H](NC(=O)c1cc2c(cnn2C(C)(C)C)cc1Oc1ccc(F)cc1F)C(N)=O,
CHEMBL3655081,CCCS(=O)(=O)N[C@H]1C[C@@H](N(C)c2ncnc3[nH]ccc23)C1,
CHEMBL4446378,CO[C@H]1/C=C/C[C@H](C)[C@@H](C)S(=O)(=O)NC(=O)c2ccc3c(c2)N(C[C@@H]2CC[C@H]21)C[C@@]1(CCCc2cc(Cl)ccc21)CO3,
CHEMBL4297203,O=C(CN[C@@H]1CCNC1)N1CCC[C@H]1B(O)O.O=C(O)C(O)C(O)C(=O)O,
CHEMBL189963,CC(=O)c1c(C)c2cnc(Nc3ccc(N4CCNCC4)cn3)nc2n(C2CCCC2)c1=O,
CHEMBL2105902,COc1ccc([N-]S(=O)(=O)c2c(F)c(F)c(F)c(F)c2F)cc1F.[Na+],
CHEMBL3137303,COc1cc(OC)c(/C=C/S(=O)(=O)Cc2ccc(OC)c(OP(=O)([O-])[O-])c2)c(OC)c1.[Na+].[Na+],
CHEMBL1581,CCC[C@H](N[C@@H](C)C(=O)N1[C@H](C(=O)O)C[C@@H]2CCCC[C@@H]21)C(=O)OCC,
CHEMBL1694,CCOC(=O)[C@H](CCc1ccccc1)N[C@H]1CCc2ccccc2N(CC(=O)O)C1=O.Cl,
CHEMBL3545063,C=CC(=O)Nc1cc(Nc2nccc(-c3cn(C)c4ccccc34)n2)c(OC)cc1N(C)CCN(C)C.CS(=O)(=O)O,
CHEMBL5314608,[2H]C([2H])([2H])NC(=O)c1nnc(NC(=O)[C@@H]2CC23CC3)cc1Nc1ncccc1S(C)(=O)=O,
CHEMBL2103874,CNS(=O)(=O)C[C@H]1CC[C@H](N(C)c2[nH]cnc3nccc2-3)CC1,
CHEMBL1213492,CCN(CC)Cc1ccc2cc(COC(=O)Nc3ccc(C(=O)NO)cc3)ccc2c1,
CHEMBL1560,C[C@H](CS)C(=O)N1CCC[C@H]1C(=O)O,
CHEMBL3391662,Cc1cnc(C(=O)N[C@H]2CCCCC/C=C\[C@@H]3C[C@@]3(C(=O)NS(=O)(=O)C3CC3)NC(=O)[C@@H]3C[C@@H](Oc4nc5ccccc5c5ccccc45)CN3C2=O)cn1,
CHEMBL4298148,NC(=O)[C@H]1CCN(c2ncnc(N)c2F)C[C@@H]1N1CCC[C@@H](Nc2cc(Cl)cc(C(F)(F)F)c2)C1=O.O=C(O)CCC(=O)O,
CHEMBL3301595,N[C@@H]1CC[C@@H](c2ccc(Cl)c(Cl)c2)c2ccccc21,
CHEMBL1201057,CC1(C)C[C@@H]1C(=O)N/C(=C\CCCCSC[C@H](N)C(=O)O)C(=O)[O-].[Na+],
CHEMBL2105804,Cc1cc(C)c2c3ccccc3n(Cc3cccc([C@@H](C(=O)N[C@@H](CO)c4ccccc4)C4CCCC4)c3)c2n1,
CHEMBL4438249,C[C@H](Nc1ncnc(N)c1C#N)c1cc2ncc(Cl)n2nc1-c1ccccc1,
CHEMBL1789941,N#CC[C@H](C1CCCC1)n1cc(-c2ncnc3[nH]ccc23)cn1,
CHEMBL4297768,,
CHEMBL4438269,N#Cc1cc(Cl)cc(Oc2c(Br)ccc(CC(=O)Nc3ccc(S(N)(=O)=O)cc3Cl)c2F)c1,
CHEMBL3187723,Cn1cnc2c(F)c(Nc3ccc(Br)cc3F)c(C(=O)NOCCO)cc21,
CHEMBL5095043,C[C@@H](COCCC(=O)N1CCN(c2ncc(C(F)(F)F)cn2)CC1)Nc1cn[nH]c(=O)c1C(F)(F)F,
CHEMBL4073443,Cc1cc(Nc2cc(N)ncn2)c(=O)n2c1C(=O)NC21CCCCC1,
CHEMBL601719,C[C@@H](Oc1cc(-c2cnn(C3CCNCC3)c2)cnc1N)c1c(Cl)ccc(F)c1Cl,
CHEMBL1084617,COc1cccc(C(=O)Nc2ccc(OCCN3CCOCC3)c(-c3ccnn3C)c2)c1,
CHEMBL4650328,Nc1nccc(-c2ccc(O)c(-c3ccnc(N)n3)n2)n1,
CHEMBL4297636,C/C=C\C[C@@H](C/C=C\NC(=O)[C@@H](NC(=O)/C=C\C=C/C(C)=C/[C@H](C)[C@@H]1CC=C(OC)C(=O)O1)C(C)(C)C)OC(N)=O,
CHEMBL481611,CC(C)(F)C[C@H](N[C@@H](c1ccc(-c2ccc(S(C)(=O)=O)cc2)cc1)C(F)(F)F)C(=O)NC1(C#N)CC1,
CHEMBL377300,Cc1cc2c(F)c(Oc3ncnn4cc(OC[C@@H](C)O)c(C)c34)ccc2[nH]1,
CHEMBL4297785,,
CHEMBL2408045,CNC(=O)CN1CCC(Oc2cc3c(Nc4cccc(Cl)c4F)ncnc3cc2OC)CC1,
CHEMBL4116649,NCc1cc(Oc2cccc(C(=O)N3C[C@@H](O)[C@H](F)C3)c2)nc(C(F)(F)F)c1,
CHEMBL3663929,C=CC(=O)N1CC[C@@H](Oc2nc(Nc3ccc(N4CCC(N5CCN(C)CC5)CC4)cc3)c(C(N)=O)nc2CC)C1,
CHEMBL3301612,COC(=O)N[C@@H](C)CNc1nccc(-c2cn(C(C)C)nc2-c2cc(Cl)cc(NS(C)(=O)=O)c2F)n1,
CHEMBL3617964,Cc1c(-c2ccnn2C)cc(C(=O)NCc2ccc(S(C)(=O)=O)cn2)c(=O)n1-c1cccc(C(F)(F)F)c1,
CHEMBL1444,N#Cc1ccc(C(c2ccc(C#N)cc2)n2cncn2)cc1,
CHEMBL1269025,CN1CCc2nc(C(=O)N[C@@H]3C[C@@H](C(=O)N(C)C)CC[C@@H]3NC(=O)C(=O)Nc3ccc(Cl)cn3)sc2C1,
CHEMBL5095265,,
CHEMBL4297953,,
CHEMBL5314500,[2H]c1cc([C@]2(C#N)O[C@H](COC(=O)C(C)C)[C@@H](OC(=O)C(C)C)[C@H]2OC(=O)C(C)C)n2ncnc(N)c12,
CHEMBL4802138,O[C@H]1CCCN[C@@H]1CCCn1cnc2c(Cl)c(Cl)ccc21,
CHEMBL2110585,CCOC(=O)[C@@H](N)CCC(=O)N[C@@H](CSCc1ccccc1)C(=O)N[C@@H](C(=O)OCC)c1ccccc1,
CHEMBL5315053,Nc1nc2[nH]cc(CCc3ccc(C(=O)N[C@@H](CCC(=O)O)C(=O)O)cc3)c2c(=O)[nH]1.O,
CHEMBL4297595,N#CCCNc1nonc1-c1nc2ccccc2n1CC(=O)c1ccc(NC(=O)[C@@H](N)CCCCN)cc1,
CHEMBL4650325,CC(=O)c1nn(CC(=O)N2[C@H](C(=O)Nc3nc(Br)ccc3C)C[C@@]3(C)C[C@@H]23)c2ccc(-c3cnc(C)nc3)cc12,
CHEMBL1091644,C[C@]1(O)C[C@@H](c2nc(-c3ccc4ccc(-c5ccccc5)nc4c3)c3c(N)nccn32)C1,
CHEMBL1201600,,
CHEMBL4298207,,
CHEMBL1200374,C=C1C[C@@H]2[C@H](CC[C@]3(C)C(=O)CC[C@@H]23)[C@@]2(C)C=CC(=O)C=C12,
CHEMBL518520,Cc1nnc(C(=O)NC(C)(C)c2nc(C(=O)NCc3ccc(F)cc3)c([O-])c(=O)n2C)o1.[K+],
CHEMBL1118,CN(C)CC(c1ccc(O)cc1)C1(O)CCCCC1,
CHEMBL4297066,CCCCCCCC(=O)N[C@H](CN1CCCC1)[C@H](O)c1ccc2c(c1)OCCO2.CCCCCCCC(=O)N[C@H](CN1CCCC1)[C@H](O)c1ccc2c(c1)OCCO2.O=C(O)C(O)C(O)C(=O)O,
CHEMBL4802151,Cc1c(S(C)(=O)=O)c(-c2cc(F)cc(N3CCN(c4ccc(NS(=O)(=O)c5ccc(N[C@H](CCN6CCC(C(=O)OCCCP(=O)(O)O)CC6)CSc6ccccc6)c(S(=O)(=O)C(F)(F)F)c5)cc4)CC3)c2)c(-c2ccc(Cl)cc2)n1C(C)C,
CHEMBL4876167,CC(C)C(=O)OC[C@H]1O[C@@](C#N)(c2ccc3c(N)ncnn23)[C@H](OC(=O)C(C)C)[C@@H]1OC(=O)C(C)C,
CHEMBL4129286,CC(C)OC(=O)[C@H](C)N[P@](=O)(OC[C@@]1(F)O[C@@H](n2ccc(=O)[nH]c2=O)[C@](C)(O)[C@@H]1O)Oc1ccccc1,
CHEMBL1241348,C=C[C@@H]1C[C@]1(NC(=O)[C@@H]1C[C@@H](Oc2cc(-c3csc(NC(=O)C(C)C)n3)nc3c(Br)c(OC)ccc23)CN1C(=O)[C@@H](NC(=O)OC1CCCC1)C(C)(C)C)C(=O)O,
CHEMBL431,CCOC(=O)[C@H](CCc1ccccc1)N[C@@H](C)C(=O)N1CC2(C[C@H]1C(=O)O)SCCS2,
CHEMBL3301610,CCN1CCN(Cc2ccc(Nc3ncc(F)c(-c4cc(F)c5nc(C)n(C(C)C)c5c4)n3)nc2)CC1,
CHEMBL4868568,CCOC(=O)C1=C(NN2CCN(CC(F)(F)F)CC2)O/C(=C\c2c[nH]c3ncccc23)C1=O,
CHEMBL2347597,CNc1nc(C)c(-c2nc(Nc3cccc(S(N)(=O)=O)c3)ncc2F)s1,
CHEMBL2105721,CC(C)[C@@]1(C(=O)N[C@H]2CC(=O)O[C@]2(O)CF)CC(c2nccc3ccccc23)=NO1,
CHEMBL5314564,C=CC(=O)Nc1cc(Nc2nccc(Nc3cc(Cl)c(F)cc3C(C)(C)O)n2)c(OC)cc1N1CC[C@@H](N(C)C)C1,
CHEMBL1200814,CC(=O)Nc1nnc(S([NH-])(=O)=O)s1.[Na+],
CHEMBL2180602,CCN(CC)CCNC(=O)c1c(C)[nH]c2c1CCC/C2=C1/C(=O)Nc2ccc(F)cc21,
CHEMBL4521078,Cc1noc(C)c1-c1cnc2c(-c3ccc(C(=O)O)cc3)cn([C@@H](C)c3ccccn3)c2c1,
CHEMBL4303201,COc1cc2c(Oc3ccc4[nH]c(C)cc4c3F)ccnc2cc1OCC1(N)CC1,
CHEMBL2105762,CS(=O)(=O)n1cc2c(n1)CN([C@H]1CO[C@H](c3cc(F)ccc3F)[C@@H](N)C1)C2,
CHEMBL3185463,CN1CCN(c2ccccc2/C=C2\SCCN(c3ccc(Cl)c(Cl)c3)C2=O)CC1,
CHEMBL228814,Cc1ccc(C(=O)N(CCCN)[C@@H](c2nc3cc(Cl)ccc3c(=O)n2Cc2ccccc2)C(C)C)cc1,
CHEMBL2105729,CC(C)(C)c1nc(-c2cccc(NS(=O)(=O)c3c(F)cccc3F)c2F)c(-c2ccnc(N)n2)s1.CS(=O)(=O)O,
CHEMBL1201753,O=C(O)C[C@H](O)C[C@H](O)/C=C/c1c(C2CC2)nc2ccccc2c1-c1ccc(F)cc1,
CHEMBL521851,CS(=O)(=O)N1CCN(Cc2cc3nc(-c4cccc5[nH]ncc45)nc(N4CCOCC4)c3s2)CC1,
CHEMBL1173055,CNCc1ccc(-c2[nH]c3cc(F)cc4c3c2CCNC4=O)cc1,
CHEMBL1278146,CCN(CC)CCN1CCc2[nH]c(/C=C3\C(=O)Nc4ccc(F)cc43)c(C)c2C1=O,
CHEMBL5185221,Cn1cnc(Cn2c(=O)[nH]/c(=N\c3cc4cn(C)nc4cc3Cl)n(Cc3cc(F)c(F)cc3F)c2=O)n1.O=C(O)/C=C/C(=O)O,
CHEMBL5095038,CNc1nc(NC2CCN(Cc3ccc4c(cc(C#N)n4C[C@H](C)N4CCN(S(C)(=O)=O)CC4)c3C)CC2)c2cc(CC(F)(F)F)sc2n1,
CHEMBL4297589,CCCCOC(=O)N1CCN(C(=O)[C@H](CP(=O)(O)O)NC(=O)c2cc(N3CC[C@H](OC)C3)nc(-c3ccccc3)n2)CC1,
CHEMBL5315120,CCCCC1(CCCC)CN(c2ccccc2)c2cc(SC)c(OCC(=O)N[C@@H](C(=O)N[C@@H](CC)C(=O)O)c3ccc(O)cc3)cc2S(=O)(=O)N1.CCCCC1(CCCC)CN(c2ccccc2)c2cc(SC)c(OCC(=O)N[C@@H](C(=O)N[C@@H](CC)C(=O)O)c3ccc(O)cc3)cc2S(=O)(=O)N1.O.O.O,
CHEMBL2001019,OCCn1cc(-c2cnc3nnn(Cc4ccc5ncccc5c4)c3n2)cn1,
CHEMBL2105764,CC1=C2C[C@H]3[C@@H](CC[C@@H]4C[C@H](NS(C)(=O)=O)CC[C@@]43C)[C@@H]2CC[C@@]2(C1)O[C@@H]1C[C@H](C)CN[C@H]1[C@H]2C.Cl,
CHEMBL1171837,Cc1ccc(C(=O)Nc2ccc(CN3CCN(C)CC3)c(C(F)(F)F)c2)cc1C#Cc1cnc2cccnn12,
CHEMBL4650485,COc1ccc(F)cc1C(=O)NCc1ccc(-c2nn([C@@H](C)C(F)(F)F)c(N)c2C(N)=O)cc1,
CHEMBL93,CC(c1cc2ccccc2s1)N(O)C(N)=O,
CHEMBL2105763,Cn1cc(CNCC2CCN(c3ncc(C(=O)NO)cn3)CC2)c2ccccc21,
CHEMBL3586404,CO[C@H]1CC[C@H](N2C(=O)CNc3ncc(-c4ccc(C(C)(C)O)nc4)nc32)CC1,
CHEMBL3948730,CC(C)Oc1ccc(-c2nn([C@@H](C)c3oc4ccc(F)cc4c(=O)c3-c3cccc(F)c3)c3ncnc(N)c23)cc1F,
CHEMBL252164,CCNC(=O)c1noc(-c2cc(C(C)C)c(O)cc2O)c1-c1ccc(CN2CCOCC2)cc1,
CHEMBL4594348,C=CC(=O)N1CCC[C@@H](c2ccc(C(N)=O)c3[nH]ccc23)C1,
CHEMBL1230165,O=C(O)c1ccc2c(c1)nc(Nc1cccc(Cl)c1)c1ccncc12,
CHEMBL224060,Cn1nnc2ccc([C@H](c3ccc(Cl)cc3)n3cncn3)cc21,
CHEMBL3137336,Cn1ncc(Cl)c1-c1cc(C(=O)N[C@H](CN)Cc2ccc(F)c(F)c2)oc1Cl,
CHEMBL3545213,N#CC(c1ccnc(OCc2ccc(CN3CCOCC3)cc2)n1)c1nc2ccccc2s1,
CHEMBL5095497,COc1cc2cc(-c3ccc(CC(=O)Nc4cc(C(C)(C)C(F)(F)F)no4)cn3)cnc2cc1OC,
CHEMBL2107779,C/C(=N\NC(=N)N)c1cc(NC(=O)CCCCCCCCC(=O)Nc2cc(/C(C)=N/NC(=N)N)cc(/C(C)=N/NC(=N)N)c2)cc(/C(C)=N/NC(=N)N)c1,
CHEMBL4802212,,
CHEMBL3989690,CCOC[C@@H]1[C@@H](c2ccc(Cl)c(Cl)c2)C[C@@H]2CC[C@H]1N2C,
CHEMBL2142592,CN(C(=O)c1ccc(F)cc1C(F)(F)F)C1CCN(c2nnc(-c3ccnn3C)c3ccccc23)CC1,
CHEMBL5314452,CCCn1cc(OCC(F)(F)F)c(C(=O)Nc2ccc(Oc3ccnc4cc(OC)c(OC)cc34)cn2)n1,
CHEMBL2105684,Cn1cnc2c(F)c(Nc3ccc(Br)cc3Cl)c(C(=O)NOCCO)cc21.O=S(=O)(O)O,
CHEMBL1615369,CCCCCCOC(=O)NC(=N)c1ccc(NCc2nc3cc(C(=O)N(CCC(=O)OCC)c4ccccn4)ccc3n2C)cc1.CS(=O)(=O)O,
CHEMBL3301621,c1ccc2cc([C@]34CNC[C@H]3C4)ccc2c1,
CHEMBL5314567,COc1ccc([C@@H](O)[C@H](NC(=O)[C@H](C)NC(=O)CN2CCOCC2)C(=O)N[C@@H](CC2=CCCC2)C(=O)[C@@]2(C)CO2)cc1.O=C(O)/C=C\C(=O)O,
CHEMBL3137320,Cn1ncnc1[C@H]1c2n[nH]c(=O)c3cc(F)cc(c23)N[C@@H]1c1ccc(F)cc1,
CHEMBL4297648,[O-][n+]1cccc(-c2nc3c(Cl)cccc3cc2[C@@H](Nc2ncnc3cccnc23)C(F)(F)F)c1,
CHEMBL4297181,CO[C@@H](C)Cn1c(=O)n(C)c2cnc3ccc(-c4cncc(C(C)(C)O)c4)cc3c21,
CHEMBL197672,C[C@H](NC(=O)C(=O)Nc1ccccc1C(C)(C)C)C(=O)N[C@@H](CC(=O)O)C(=O)COc1c(F)c(F)cc(F)c1F,
CHEMBL2105759,CCS(=O)(=O)N1CC(CC#N)(n2cc(-c3ncnc4[nH]ccc34)cn2)C1,
CHEMBL1163,COC(=O)N[C@H](C(=O)N[C@@H](Cc1ccccc1)[C@@H](O)CN(Cc1ccc(-c2ccccn2)cc1)NC(=O)[C@@H](NC(=O)OC)C(C)(C)C)C(C)(C)C,
CHEMBL515606,CCOC(=O)[C@H](CCc1ccccc1)N[C@H]1CCCN2CCC[C@@H](C(=O)O)N2C1=O,
CHEMBL1200944,CC1(C)[C@H](C(=O)[O-])N2C(=O)C[C@H]2S1(=O)=O.[Na+],
CHEMBL4071161,CC#CC(=O)N1CC[C@@H](n2c(=O)n(-c3ccc(Oc4ccccc4)cc3)c3c(N)ncnc32)C1,
CHEMBL3121849,COC(=O)N[C@H](C(=O)N1CCC[C@H]1c1nc(-c2ccc3cc(-c4ccc5[nH]c([C@@H]6CCCN6C(=O)[C@@H](NC(=O)OC)C(C)C)nc5c4)ccc3c2)c[nH]1)C(C)C,
CHEMBL5314541,CC(C)[C@H](C(=O)Nc1cc(C2CC2)[nH]n1)c1cccc(-c2ccc(NC(=O)/C=C/CN3CCOCC3)nc2)c1,
CHEMBL4525964,CC[C@@H]1C[C@]1(NC(=O)[C@@H]1C[C@@H]2CN1C(=O)[C@H](C(C)(C)C)NC(=O)OCC(C)(C)CCCCc1cccc3c1CN(C3)C(=O)O2)C(=O)NS(=O)(=O)C1CC1,
CHEMBL4297417,CN1CC[C@]2(C)c3cc(OC(=O)Nc4ccccc4)ccc3N(C)[C@H]12,
CHEMBL4633785,O=C(O)c1c(F)ccc2c1OB(O)[C@@H]1C[C@H]21,
CHEMBL1201421,,
CHEMBL3909517,CNC[C@@H](NC(=O)c1ccc(-c2nc([C@H]3CC[C@H](O)[C@@H](F)C3)cnc2N)cc1F)c1cc(F)cc(Br)c1,
CHEMBL5095229,Cc1[nH]nc(C(=O)Nc2cnc3[nH]c(-c4ccccc4)cc3c2)c1C,
CHEMBL451887,CC(C)C[C@H](NC(=O)[C@H](CCc1ccccc1)NC(=O)CN1CCOCC1)C(=O)N[C@@H](Cc1ccccc1)C(=O)N[C@@H](CC(C)C)C(=O)[C@@]1(C)CO1,
CHEMBL592445,CN(C)C1CCN(C(=O)c2ccc(NC(=O)Nc3ccc(-c4nc(N5CCOCC5)nc(N5CCOCC5)n4)cc3)cc2)CC1,
CHEMBL31891,COc1cc(Cc2cnc(N)nc2N)cc(OC)c1Br,
CHEMBL3785197,CCOC(=O)N1c2ccc(C(F)(F)F)cc2[C@@H](N(Cc2cc(C(F)(F)F)cc(C(F)(F)F)c2)c2ncc(OCCCC(=O)O)cn2)C[C@H]1CC,
CHEMBL325424,Cc1cccc(-c2ccc3c(c2)c(C(=O)C(=O)O)cn3Cc2ccc(C(C)(C)C)cc2)c1,
CHEMBL4297163,,
CHEMBL3407547,COc1ccccc1[C@H](Cn1c(=O)n(C(C)(C)C(=O)O)c(=O)c2c(C)c(-c3ncco3)sc21)OC1CCOCC1,
CHEMBL3260567,Cc1cccc(-c2[nH]c(CNc3ccccc3F)nc2-c2ccc3ncnn3c2)n1,
CHEMBL4297795,,
CHEMBL2064032,CNCc1cc(-c2ccccc2F)n(S(=O)(=O)c2cccnc2)c1.O=C(O)/C=C/C(=O)O,
CHEMBL3989937,CNC(=O)c1ccc(-c2cnc3ncc(Cc4ccc5ncccc5c4)n3n2)cc1F.Cl.Cl.O,
CHEMBL1230609,COc1cc2c(Oc3ccc(NC(=O)C4(C(=O)Nc5ccc(F)cc5)CC4)cc3F)ccnc2cc1OCCCN1CCOCC1,
CHEMBL5183847,Cn1cnc(Cn2c(=O)[nH]/c(=N\c3cc4cn(C)nc4cc3Cl)n(Cc3cc(F)c(F)cc3F)c2=O)n1,
CHEMBL545315,C=CC(=O)Nc1cc2c(Nc3ccc(F)c(Cl)c3)ncnc2cc1OCCCN1CCOCC1.Cl.Cl,
CHEMBL319111,O=C1N(c2ccccc2)c2ccccc2C1(Cc1ccncc1)Cc1ccncc1,
CHEMBL4594275,N#CCC1CCN(c2nc(Nc3ccc(N4CCC(O)CC4)cc3)c3c(=O)[nH]ncc3n2)CC1,
CHEMBL3121539,CC1=CC[C@H](C(=O)N(c2cc(C#CC(C)(C)C)sc2C(=O)O)[C@H]2CC[C@](O)(CO[C@H]3CCOC3)CC2)CC1,
CHEMBL1823872,C[C@H](N)C(=O)NCC(=O)N[C@H]1CSSC[C@@H](C(=O)O)NC(=O)[C@H](CO)NC(=O)[C@H]([C@@H](C)O)NC(=O)[C@H](Cc2ccccc2)NC(=O)[C@H]([C@@H](C)O)NC(=O)[C@H](CCCCN)NC(=O)[C@H](Cc2c[nH]c3ccccc23)NC(=O)[C@H](Cc2ccccc2)NC(=O)[C@H](Cc2ccccc2)NC(=O)[C@H](CC(N)=O)NC(=O)[C@H](CCCCN)NC1=O,
CHEMBL354541,O=C(NC1CCN(CCCCC2(C(=O)NCC(F)(F)F)c3ccccc3-c3ccccc32)CC1)c1ccccc1-c1ccc(C(F)(F)F)cc1,
CHEMBL3544985,COc1c(-c2ccc3cc(NS(C)(=O)=O)ccc3c2)cc(-n2ccc(=O)[n-]c2=O)cc1C(C)(C)C.O.[Na+],
CHEMBL1064,CCC(C)(C)C(=O)O[C@H]1C[C@@H](C)C=C2C=C[C@H](C)[C@H](CC[C@@H]3C[C@@H](O)CC(=O)O3)[C@H]21,
CHEMBL4594276,Cl.N#CCC1CCN(c2nc(Nc3ccc(N4CCC(O)CC4)cc3)c3c(=O)[nH]ncc3n2)CC1,
CHEMBL3647420,CCOc1cc2ncc(C#N)c(Nc3ccc(OCc4ccccn4)c(Cl)c3)c2cc1NC(=O)/C=C/[C@H]1CCCN1C,
CHEMBL4597193,Cc1cc(C)c(CNC(=O)c2cc(Cl)c3c(c2C)O[C@@](C)([C@H]2CC[C@H](N(C)C)CC2)O3)c(=O)[nH]1,
CHEMBL2105643,COc1ccc(/C=C\c2cc(OC)c(OC)c(OC)c2)cc1OP(=O)(O)O.NC(CO)(CO)CO,
CHEMBL5095187,Cc1cccc(C)c1CNc1cc(C(=O)NCCOC(=O)CCCC(=O)O)cn2c(C)c(C)nc12,
CHEMBL270515,CC(C)C[C@H](NC(=O)[C@@H](NC(=O)c1cccc(-c2ccccc2)n1)[C@@H](C)O)B(O)O,
CHEMBL4594446,O=C(c1cc(Cl)c(O)c(Cl)c1)N1CS(=O)(=O)c2ccccc21,
CHEMBL4297334,O=C(O)CC[C@H](NC(=O)N[C@@H](CCCCNC(=O)c1ccc([18F])nc1)C(=O)O)C(=O)O,
CHEMBL459505,CCC(CC)C(c1ccc(Nc2nc3ccccc3s2)cc1)n1cncn1,
CHEMBL4206492,O=c1[nH]c(Cc2ccccn2)nc2c1cnn2C1CCOCC1,
CHEMBL4297587,Cc1[nH]c(/C=C2\C(=O)Nc3ccc(F)cc32)c(C)c1C(=O)N[C@H]1CCN(C(=O)N(C)C)C1,
CHEMBL3039522,CC[C@H](NC(=O)[C@H](C)NC)C(=O)N1C[C@@H](O)C[C@H]1Cc1c(-c2[nH]c3cc(F)ccc3c2C[C@@H]2C[C@H](O)CN2C(=O)[C@H](CC)NC(=O)[C@H](C)NC)[nH]c2cc(F)ccc12,
CHEMBL4594260,Br.CCN(c1cc(-c2ccc(CN3CCOCC3)cc2)cc(C(=O)NCc2c(C)cc(C)[nH]c2=O)c1C)C1CCOCC1,
CHEMBL288441,COc1cc(Nc2c(C#N)cnc3cc(OCCCN4CCN(C)CC4)c(OC)cc23)c(Cl)cc1Cl,
CHEMBL4297674,CC#CC(=O)N[C@H]1CCCN(c2c(F)cc(C(N)=O)c3[nH]c(C)c(C)c23)C1,
CHEMBL4298146,O=C(O)/C=C/C(=O)O.O=C(O)/C=C/C(=O)O.O=C(O)/C=C/C(=O)O.O=C1CCc2c(Oc3ccc4c(c3)[C@@H]3[C@H](O4)[C@H]3c3nc4cc(C(F)(F)F)ccc4[nH]3)ccnc2N1.O=C1CCc2c(Oc3ccc4c(c3)[C@@H]3[C@H](O4)[C@H]3c3nc4cc(C(F)(F)F)ccc4[nH]3)ccnc2N1,
CHEMBL218650,C[C@]1(COc2ccc(N3CCC(Oc4ccc(OC(F)(F)F)cc4)CC3)cc2)Cn2cc([N+](=O)[O-])nc2O1,
CHEMBL5314501,O=C(O)CC[C@H](NC(=O)N[C@@H](CCCCNC(=O)CCCCCCCNC(=O)[C@@H](Cc1ccccc1)NC(=O)[C@@H](Cc1ccccc1)NC(=O)CCCC(=O)NC12CNCCNCC(NC(=O)CCCC(=O)N[C@H](Cc3ccccc3)C(=O)N[C@H](Cc3ccccc3)C(=O)NCCCCCCCC(=O)NCCCC[C@H](NC(=O)N[C@@H](CCC(=O)O)C(=O)O)C(=O)O)(CNCCNC1)CNCCNC2)C(=O)O)C(=O)O,
CHEMBL3689071,COc1cc(C2CCN(C)CC2)ccc1Nc1ncc(C(F)(F)F)c(CCc2ccccc2CC(N)=O)n1,
CHEMBL4298153,Br.Br.CCC[C@H](N[C@H]1CCc2cc(F)cc(F)c2C1)C(=O)Nc1cn(C(C)(C)CNCC(C)(C)C)cn1,
CHEMBL5314447,C[C@H](Nc1ccc2c(c1)OCCn1cc(N3C(=O)SC[C@H]3C(F)F)nc1-2)C(N)=O,
CHEMBL4117187,COc1ccc2c(c1)c(CN1CCN(C)CC1)cn2S(=O)(=O)c1ccccc1Br,
CHEMBL3265032,c1cn2cc(-c3ccc4cn[nH]c4c3)nc(Nc3ccc(N4CCOCC4)cc3)c2n1,
CHEMBL3982723,CC1(N)CCN(c2cccnc2NC(=O)c2nc(-c3ncccc3C(F)(F)F)cnc2N)CC1,
CHEMBL5314410,C#Cc1cccc(Nc2ncnc3cc(OC)c(NC(=O)N4C[C@H]5CCN(C)[C@H]5C4)cc23)c1,
CHEMBL3137301,CCOC(=O)[C@H](C)C[C@@H](Cc1ccc(-c2ccccc2)cc1)NC(=O)CCC(=O)O,
CHEMBL2107817,NC(=O)[C@@H]1CC[C@@H]2CN1C(=O)N2OS(=O)(=O)[O-].[Na+],
CHEMBL3828074,CCc1nc2c(C)cc(N3CCN(CC(=O)N4CC(O)C4)CC3)cn2c1N(C)c1nc(-c2ccc(F)cc2)c(C#N)s1,
CHEMBL2364626,CC(C)(C)Cn1c(N)nc2ccc(-c3[nH]c(C(C)(C)C)nc3-c3ccc(F)cc3)nc21,
CHEMBL3989926,COCCNCc1ccc(-c2cc3nccc(Oc4ccc(NC(=O)C5(C(=O)Nc6ccc(F)cc6)CC5)cc4F)c3s2)nc1,
CHEMBL5315117,CC(=O)N[C@H]1[C@H]([C@H](O)[C@H](O)CO)OC(C(=O)O)=C[C@@H]1NC(=N)N.O,
CHEMBL2364607,O=C(O)/C=C/C(=O)O.O=C(c1ccc(F)c(F)c1Nc1ccc(I)cc1F)N1CC(O)([C@@H]2CCCCN2)C1.O=C(c1ccc(F)c(F)c1Nc1ccc(I)cc1F)N1CC(O)([C@@H]2CCCCN2)C1,
CHEMBL2013174,CC[C@@H]1C[C@]1(NC(=O)[C@@H]1C[C@@H](Oc2cc(-c3csc(NC(C)C)n3)nc3c(Cl)c(OCCN4CCOCC4)ccc23)CN1C(=O)[C@@H](NC(=O)O[C@@H]1C[C@@H]2C[C@@H]2C1)C(C)(C)C)C(=O)O,
CHEMBL1236524,Nc1ncnc2c([C@@H]3N[C@H](CO)[C@@H](O)[C@H]3O)c[nH]c12,
CHEMBL4647810,C[C@@H]1COCCN1c1cc(-c2ccnn2C)c2ccnc(-c3ccn[nH]3)c2n1,
CHEMBL4297502,C=Cc1cc(C(=O)Nc2ccc(C(=N)N)cc2)c(-c2ccc(C(=O)NCC3CC3)nc2C(=O)O)cc1OC,
CHEMBL3989869,CC(C)Oc1ccc(-c2nn([C@@H](C)c3oc4ccc(F)cc4c(=O)c3-c3cccc(F)c3)c3ncnc(N)c23)cc1F.Cc1ccc(S(=O)(=O)O)cc1,
CHEMBL3989868,Cc1cc(Nc2ncnc3ccc(NC4=NC(C)(C)CO4)cc23)ccc1Oc1ccn2ncnc2c1,
CHEMBL1201728,CN(C)CC(c1ccc(O)cc1)C1(O)CCCCC1.O=C(O)CCC(=O)O,
CHEMBL2103849,CCCOc1ccc(S(=O)(=O)NCCC2CCCN2C)cc1-c1nc2c(CCC)nn(C)c2c(=O)[nH]1,
CHEMBL1709,CN[C@H]1CC[C@@H](c2ccc(Cl)c(Cl)c2)c2ccccc21.Cl,
CHEMBL4297258,C=CC(=O)Nc1cc(Nc2nccc(-c3cn(C)c4ccccc34)n2)c(OCC(F)(F)F)nc1N(C)CCN(C)C,
CHEMBL313006,CCC(CC)CC1(C(=O)Nc2ccccc2SC(=O)C(C)C)CCCCC1,
CHEMBL5315031,,
CHEMBL3889654,O=C(Nc1cnn2ccc(N3CCC[C@@H]3c3cc(F)ccc3F)nc12)N1CC[C@H](O)C1,
CHEMBL1615993,COc1ccc2[nH]c(-c3cccc(F)c3)cc(=O)c2c1OP(=O)(O)O,
CHEMBL1628504,Cc1cc(/C=C/C#N)cc(C)c1Nc1ccnc(Nc2ccc(C#N)cc2)n1.Cl,
CHEMBL1232461,CCNC(=O)C[C@@H]1N=C(c2ccc(Cl)cc2)c2cc(OC)ccc2-n2c(C)nnc21,
CHEMBL222813,CC(=O)N[C@H]1[C@H]([C@H](O)[C@H](O)CO)OC(C(=O)O)=C[C@@H]1NC(=N)N,
CHEMBL2105709,CC(C)(C)c1cc(NC(=O)Nc2ccc(-c3cn4c(n3)sc3cc(OCCN5CCOCC5)ccc34)cc2)no1.Cl.Cl,
CHEMBL2364624,O=C(O)C[C@H]1CC[C@H](c2ccc(-c3ccc(Nc4ccc(C(F)(F)F)nc4)cn3)cc2)CC1,
CHEMBL3833385,COC(=O)N[C@H](C(=O)N1CCC[C@H]1c1nc(-c2ccc3c(c2)O[C@@H](c2cnc(C4CC4)s2)n2c-3cc3cc(-c4c[nH]c([C@@H]5CCCN5C(=O)[C@@H](NC(=O)OC)C(C)C)n4)ccc32)c[nH]1)C(C)C,
CHEMBL2105661,CCNCCS(=O)(=O)NC[C@@]1(c2ccccc2)SC(NC(=O)C(C)(C)C)=NN1C(=O)C(C)(C)C,
CHEMBL5314531,Cn1c(Nc2cc(I)ccc2F)c(C(=O)NOCCO)c2cccnc21,
CHEMBL3301607,O=C(Nc1nc2cccc(-c3ccc(CN4CCS(=O)(=O)CC4)cc3)n2n1)C1CC1,
CHEMBL5314432,CC(C)C[C@@H](C(=O)N1C[C@]2(C[C@H]1C#N)C(=O)Nc1ccccc12)N(C)C(=O)c1cc2c(F)cc(F)c(F)c2[nH]1,
CHEMBL2303621,COC(=O)N[C@H](C(=O)N1CCC[C@H]1c1ncc(-c2ccc(-c3ccc(-c4cnc([C@@H]5CCCN5C(=O)[C@@H](NC(=O)OC)C(C)C)[nH]4)cc3)cc2)[nH]1)C(C)C.Cl.Cl,
CHEMBL760,O=C1CN2Cc3c(ccc(Cl)c3Cl)N=C2N1,
CHEMBL225071,Cc1nc(=O)c2cc(CN(C)c3ccc(C(=O)N[C@@H](CCC(=O)O)C(=O)O)s3)ccc2[nH]1,
CHEMBL2107832,O=C(NC[C@H](O)CO)c1ccncc1Nc1ccc(I)cc1F,
CHEMBL5314605,CNC(=O)c1cc2c(Oc3ccc(NC(=O)C4(C(=O)Nc5ccc(F)cc5)CC4)cc3)ccnc2cc1OC.CNC(=O)c1cc2c(Oc3ccc(NC(=O)C4(C(=O)Nc5ccc(F)cc5)CC4)cc3)ccnc2cc1OC.O=C(O)/C=C/C(=O)O,
CHEMBL3930624,O=C(c1cc(Cc2n[nH]c(=O)c3ccccc23)ccc1F)N1CCn2nc(C(F)(F)F)nc2C1,
CHEMBL5095164,CC(C)CCN[C@@H]1CCc2cc(O)c(N3CC(=O)NS3(=O)=O)c(F)c2C1,
CHEMBL1229517,CCCS(=O)(=O)Nc1ccc(F)c(C(=O)c2c[nH]c3ncc(-c4ccc(Cl)cc4)cc23)c1F,
CHEMBL1083385,COC(=O)[C@H](c1ccccc1Cl)N1CCc2sccc2C1.O=S(=O)(O)O,
CHEMBL1233528,CC[C@@H]1C(=O)N(C)c2cnc(Nc3ccc(C(=O)N[C@H]4CC[C@H](N5CCN(CC6CC6)CC5)CC4)cc3OC)nc2N1C(C)C,
CHEMBL5314535,Cc1nc(NC(=O)N2CCC(C)(C)C2=O)ccc1Oc1ccnc(-c2cnn(C)c2)c1,
CHEMBL3622820,N#CCC1(n2cc(-c3ncnc4[nH]ccc34)cn2)CN(C2CCN(C(=O)c3ccnc(C(F)(F)F)c3F)CC2)C1,
CHEMBL4297511,N[C@@H](CCS(=O)(=O)O)CSSC[C@@H](N)CCS(=O)(=O)O,
CHEMBL3360203,COc1ccc(Cl)c(Nc2nc3ccccc3nc2NS(=O)(=O)c2cccc(NC(=O)C(C)(C)N)c2)c1,
CHEMBL5095091,COCCOc1cc(F)c(N2CCN(c3nc4c(nnn4C)c(=O)[nH]3)CC2)c(F)c1,
CHEMBL272980,Nc1ccccc1NC(=O)c1ccc(CNc2nccc(-c3cccnc3)n2)cc1,
CHEMBL3644587,O=c1[nH]nc2c3c(cccc13)N=C(CN1Cc3ccccc3C1)N2,
CHEMBL1201011,CCOC(=O)[C@H](CCc1ccccc1)N[C@@H](C)C(=O)N1Cc2ccccc2C[C@H]1C(=O)O.Cl,
CHEMBL2063090,C=C[C@@H]1C[C@]1(NC(=O)[C@@H]1C[C@@H]2CN1C(=O)[C@H](C(C)(C)C)NC(=O)O[C@@H]1C[C@H]1CCCCCc1nc3ccc(OC)cc3nc1O2)C(=O)NS(=O)(=O)C1CC1,
CHEMBL4297549,,
CHEMBL3661754,Cc1nc(-c2cc(C(=O)N3CCC(c4ccc(C#N)cc4)CC3)c(C)cc2C2CCC2)n[nH]1,
CHEMBL20489,N=C(N)NCCC(=O)O,
CHEMBL122,CS(=O)(=O)c1ccc(C2=C(c3ccccc3)C(=O)OC2)cc1,
CHEMBL3544988,O=C(O)CNC(=O)C1C(=O)N(C2CCCCC2)C(=O)N(C2CCCCC2)C1=O,
CHEMBL1834657,CCN1CCN(c2ccc(Nc3cc(N(C)C(=O)Nc4c(Cl)c(OC)cc(OC)c4Cl)ncn3)cc2)CC1.O=P(O)(O)O,
CHEMBL1097279,CSCCNc1nc(SCCC(F)(F)F)nc2c1ncn2[C@@H]1O[C@H](COP(=O)([O-])OP(=O)([O-])C(Cl)(Cl)P(=O)([O-])[O-])[C@@H](O)[C@H]1O.[Na+].[Na+].[Na+].[Na+],
CHEMBL5314570,COc1cc2c(Oc3ccc4[nH]c(C)cc4c3F)ccnc2cc1OCC1(N)CC1.Cl.Cl,
CHEMBL4650219,NC(CO)(CO)CO.O=C(O)C1=Cc2cc(OC(F)(F)F)ccc2OC1C(F)(F)F,
CHEMBL3707219,COC(=O)c1ccc(OC(=O)CCCCCCC(=O)NO)cc1,
CHEMBL4802146,CCCn1cc(-n2c(Cl)c(Sc3cccc(C(=O)O)c3F)c3ccc(Cl)c(F)c32)cn1,
CHEMBL142703,N#C[C@@H]1CCCN1C(=O)CNC12CC3CC(CC(O)(C3)C1)C2,
CHEMBL637,COc1ccc(C(CN(C)C)C2(O)CCCCC2)cc1,
CHEMBL1580,OC[C@H]1O[C@@H](n2cnc3c2N=CNC[C@H]3O)C[C@@H]1O,
CHEMBL3989553,CS(=O)(=O)O.CS(=O)(=O)O.N=C(N)Nc1ccc(C(=O)Oc2ccc3cc(C(=N)N)ccc3c2)cc1,
CHEMBL4594436,Cc1cc([N+](=O)[O-])c(NS(=O)(=O)c2cccc(C(=O)O)c2)cc1-c1cccnc1,
CHEMBL2103860,COC(=O)[C@H](c1ccccc1)N1CCC(c2ccc(NC(=O)c3ccccc3-c3ccc(C(F)(F)F)cc3)cc2)CC1,
CHEMBL1287853,Cc1cnc(Nc2ccc(OCCN3CCCC3)cc2)nc1Nc1cccc(S(=O)(=O)NC(C)(C)C)c1,
CHEMBL1213165,C[C@@H]1CCO[C@H]2Cn3cc(C(=O)NCc4ccc(F)cc4F)c(=O)c([O-])c3C(=O)N12.[Na+],
CHEMBL1086218,C/C=C/C[C@@H](C)C(=O)[C@H]1C(=O)N[C@@H](C(C)C)C(=O)N(C)CC(=O)N(C)[C@@H](CC(C)C)C(=O)N[C@@H](C(C)C)C(=O)N(C)[C@@H](CC(C)C)C(=O)N[C@@H](C)C(=O)N[C@H](C)C(=O)N(C)[C@@H](CC(C)C)C(=O)N(C)[C@@H](CC(C)C)C(=O)N(C)[C@@H](C(C)C)C(=O)N1C,
CHEMBL3286580,Fc1ccc2c(CCNCc3cccc(OCC(F)(F)C(F)F)c3)c[nH]c2c1,
CHEMBL1095032,O=C([C@H](O)CS(=O)(=O)c1ccc2cc(Cl)ccc2c1)N1CCC(N2CCCNC2=O)CC1,
CHEMBL1092581,CNC(=O)c1c(-c2ccc(F)cc2)oc2cc(N(CCO)S(C)(=O)=O)c(C3CC3)cc12,
CHEMBL2013119,COc1cc(OC)c(/C=C/S(=O)(=O)Cc2ccc(OC)c(NCC(=O)[O-])c2)c(OC)c1.[Na+],
CHEMBL403,CC1(C)[C@H](C(=O)O)N2C(=O)C[C@H]2S1(=O)=O,
CHEMBL124660,COc1cc2c(N3CCN(C(=O)Nc4ccc(OC(C)C)cc4)CC3)ncnc2cc1OCCCN1CCCCC1,
CHEMBL5316168,CNC(=O)c1nnc(NC(=O)[C@@H]2CC23CC3)cc1Nc1ncccc1S(C)(=O)=O,
CHEMBL4298164,COCCNCc1ccc(-c2cc3nccc(Oc4ccc(NC(=O)C5(C(=O)Nc6ccc(F)cc6)CC5)cc4F)c3s2)nc1.O=C(O)CC(O)C(=O)O,
CHEMBL1029,CCCCN1C[C@H](O)[C@@H](O)[C@H](O)[C@H]1CO,
CHEMBL85164,CN(C)C(=O)COC(=O)Cc1ccc(OC(=O)c2ccc(NC(=N)N)cc2)cc1.CS(=O)(=O)O,
CHEMBL402548,CO[C@@H](C(=O)N1Cc2[nH]nc(NC(=O)c3ccc(N4CCN(C)CC4)cc3)c2C1)c1ccccc1,
CHEMBL3099695,N#Cc1ccc([C@H]2CCc3cncn32)c(F)c1,
CHEMBL564829,CNC(=O)c1nn(C)c2c1C(C)(C)Cc1cnc(Nc3ccc(N4CCN(C)CC4)cc3)nc1-2,
CHEMBL4297458,Cc1nnn(C)c1-c1cnc2c3ccc(C(C)(C)O)cc3n([C@H](c3ccccc3)C3CCOCC3)c2c1,
CHEMBL5314455,Cc1c(C(=O)O)ccc2c3n(nc12)[C@@H]1[C@H](C3)N(CC2CC2)[C@@]2(C(=O)Nc3cc(Cl)ccc32)[C@H]1c1cccc(Cl)c1F,
CHEMBL2105708,Cc1ccc(C(=O)Nc2ccc(CN3CCN(C)CC3)c(C(F)(F)F)c2)cc1C#Cc1cnc2cccnn12.Cl,
CHEMBL3544911,COc1cccc(OCCCN)c1-c1cc(Nc2cnc(C#N)cn2)n[nH]1,
CHEMBL24828,COc1cc2/c(=N/c3ccc(Br)cc3F)nc[nH]c2cc1OCC1CCN(C)CC1,
CHEMBL2103879,CC(C)c1cc(-c2n[nH]c(=O)n2-c2ccc3c(ccn3C)c2)c(O)cc1O,
CHEMBL3781751,N[C@H]1CC[C@H](N[C@@H]2C[C@H]2c2ccccc2)CC1,
CHEMBL175247,CCCCCCCCCCC[C@@H](C[C@@H]1OC(=O)[C@H]1CCCCCC)OC(=O)[C@H](CC(C)C)NC=O,
CHEMBL4297588,CCCCC1(CCCC)CN(c2ccccc2)c2cc(SC)c(OCC(=O)N[C@@H](C(=O)N[C@@H](CC)C(=O)O)c3ccc(O)cc3)cc2S(=O)(=O)N1,
CHEMBL4297220,Cl.O=C(Nc1ccc(OC(F)(F)Cl)cc1)c1cnc(N2CC[C@@H](O)C2)c(-c2cc[nH]n2)c1,
CHEMBL5095203,COC(=O)N[C@H](C(=O)N1CCC[C@H]1c1ncc(-c2ccc(-c3ccc(-c4ccc5nc([C@@H]6CCCN6C(=O)[C@@H](NC(=O)OC)C(C)C)[nH]c5c4)c4c3[C@@H]3CC[C@H]4C3)cc2)[nH]1)C(C)C,
CHEMBL1477,COCc1c(C(C)C)nc(C(C)C)c(/C=C/[C@@H](O)C[C@@H](O)CC(=O)O)c1-c1ccc(F)cc1,
CHEMBL4594279,CS(=O)(=O)O.O=C(Cc1ccc(-c2ccc(OCCN3CCOCC3)cc2)cn1)NCc1ccccc1,
CHEMBL1201179,CS(=O)(=O)CCNCc1ccc(-c2ccc3ncnc(Nc4ccc(OCc5cccc(F)c5)c(Cl)c4)c3c2)o1.Cc1ccc(S(=O)(=O)O)cc1.Cc1ccc(S(=O)(=O)O)cc1.O,
CHEMBL49642,O=C(Nc1ccncc1)C(=O)c1cn(Cc2ccc(Cl)cc2)c2ccccc12,
CHEMBL4300558,CN(C)C(=O)N1C[C@@H]2C[C@@](C)(NCC(=O)N3C[C@@H](F)C[C@H]3C#N)C[C@@H]2C1,
CHEMBL5314543,COc1ccc2cc(O)c(N3CC(=O)NS3(=O)=O)c(F)c2c1,
CHEMBL3317857,O=C(O)C[C@@H]1CC[C@H](NC(=O)Cc2cccs2)B(O)O1,
CHEMBL2110588,CCCCCCCC(=O)N[C@H](CN1CCCC1)[C@H](O)c1ccc2c(c1)OCCO2,
CHEMBL5095033,COc1ccc2c(Oc3ccc4c(C(=O)Nc5ccccc5N)cccc4c3)ccnc2c1,
CHEMBL4297596,Cn1c(=O)oc2cc(-n3cc(C(=O)O)c(=O)n([C@@H]4CCc5c4cccc5C(F)(F)F)c3=O)ccc21,
CHEMBL4650368,COc1ncc(C)c(-c2ccc3c(c2)[nH]c(=O)c2cnn([C@H]4CCOC4)c23)c1C,
CHEMBL17879,CCCCC1(CCCC)CS(=O)(=O)c2ccc(N(C)C)cc2[C@@H](c2ccc(OCc3ccc(C[N+]45CCN(CC4)CC5)cc3)cc2)[C@H]1O.[Cl-],
CHEMBL85943,,
CHEMBL307429,OC[C@H]1NC[C@H](O)[C@@H](O)[C@@H]1O,
CHEMBL270995,Cc1cc2c(F)c(Oc3ncnn4cc(OC[C@@H](C)OC(=O)[C@H](C)N)c(C)c34)ccc2[nH]1,
CHEMBL3039515,CCCCC1(CCCC)CN(c2ccccc2)c2cc(SC)c(OCC(=O)N[C@@H](C(=O)NCC(=O)O)c3ccccc3)cc2S(=O)(=O)C1,
CHEMBL1078685,N#Cc1cc(-c2n[nH]c(-c3ccncc3)n2)ccn1,
CHEMBL2105737,Cc1c(C(=O)Nc2ccc(N3C[C@@H](C)O[C@@H](C)C3)nc2)cccc1-c1ccc(OC(F)(F)F)cc1,
CHEMBL572284,COc1ccc(/C=C\c2cc(OC)c(OC)c(OC)c2)cc1NC(=O)[C@@H](N)CO,
CHEMBL3989948,CC#Cc1cncc(-c2ccc3c(c2)[C@@]2(N=C(C)C(N)=N2)[C@]2(CC[C@H](OC)CC2)C3)c1,
CHEMBL4211649,N#Cc1ccc(-c2cnc3ccc(-c4ccc(C(=O)N5CCOCC5)cc4)cn23)cc1,
CHEMBL2105704,COc1cc2nccc(Oc3ccc(NC(=O)NC4CC4)c(Cl)c3)c2cc1C(N)=O.CS(=O)(=O)O,
CHEMBL4298160,Cc1ccc(S(=O)(=O)O)cc1.Cn1cc(Nc2nccc(N3C[C@H]4CC[C@@H](C3)N4C(=O)[C@@H]3CC3(F)F)n2)cn1,
CHEMBL3039502,C[C@H](Nc1ncnc2nc[nH]c12)c1cc2cccc(Cl)c2c(=O)n1-c1ccccc1,
CHEMBL2108752,,
CHEMBL3545366,CCn1c(=O)c(-c2cc[nH]n2)cc2c(C)nc(N)nc21,
CHEMBL3984441,Cc1c(C(=O)Nc2ccc(Oc3ccnc4cc(OCC(C)(C)O)ccc34)c(F)c2)c(=O)n(-c2ccccc2)n1C,
CHEMBL520733,CC(C)[C@H](O)C(=O)N[C@@H](C)C(=O)N[C@@H]1C(=O)N(C)CCc2ccccc21,
CHEMBL1771,COC(=O)[C@H](c1ccccc1Cl)N1CCc2sccc2C1,
CHEMBL52939,COc1cccc(CCc2ccccc2OCC(CN(C)C)OC(=O)CCC(=O)O)c1,
CHEMBL348475,COc1cc2c(cc1OC)CN(CCc1ccc(NC(=O)c3cc(OC)c(OC)cc3NC(=O)c3cnc4ccccc4c3)cc1)CC2,
CHEMBL2103743,C[C@@H]1CCN(C(=O)CC#N)C[C@@H]1N(C)c1ncnc2[nH]ccc12.O=C(O)CC(O)(CC(=O)O)C(=O)O,
CHEMBL3989973,Cl.FC(F)(F)c1ccc(CNc2ccc(Cc3c[nH]c4ncc(Cl)cc34)cn2)cn1,
CHEMBL2325741,NC1(C(=O)N[C@@H](CCO)c2ccc(Cl)cc2)CCN(c2nc[nH]c3nccc2-3)CC1,
CHEMBL2316582,Cc1ccc(C(=O)Nc2ccc(CN3CCN(C)CC3)c(C(F)(F)F)c2)cc1C#Cc1cnc2[nH]ncc2c1,
CHEMBL393220,CC(C)c1c(C(=O)Nc2ccccc2)c(-c2ccccc2)c(-c2ccc(F)cc2)n1CC[C@@H](O)C[C@@H](O)CC(=O)[O-].CC(C)c1c(C(=O)Nc2ccccc2)c(-c2ccccc2)c(-c2ccc(F)cc2)n1CC[C@@H](O)C[C@@H](O)CC(=O)[O-].[Ca+2],
CHEMBL502835,COC(=O)c1ccc2c(c1)NC(=O)/C2=C(\Nc1ccc(N(C)C(=O)CN2CCN(C)CC2)cc1)c1ccccc1,
CHEMBL5316155,CC(C)(C)[Si](F)(c1ccc(C(=O)NC[C@@H](NC(=O)CC[C@@H](C(=O)O)N2CCN(CC(=O)O)CCN(CC(=O)O)CCN(CC(=O)O)CC2)C(=O)N[C@H](CCCCNC(=O)CCC(=O)NCCC[C@@H](NC(=O)CC[C@H](NC(=O)N[C@@H](CCC(=O)O)C(=O)O)C(=O)O)C(=O)O)C(=O)O)cc1)C(C)(C)C,
CHEMBL522038,CCOC(=O)CN[C@@H](C(=O)N1CC[C@H]1C(=O)NCc1ccc(/C(N)=N\O)cc1)C1CCCCC1,
CHEMBL3545064,CC(C)[C@H](N)C(=O)N1CCC[C@H]1B(O)O.CS(=O)(=O)O,
CHEMBL5314592,Cc1n[nH]c(C)c1-c1cnn(C2(CC#N)CN(c3cc(F)c(C(=O)N[C@@H](C)C(F)(F)F)cc3F)C2)c1.O=P(O)(O)O,
CHEMBL2364625,O=C([O-])C[C@H]1CC[C@H](c2ccc(-c3ccc(Nc4ccc(C(F)(F)F)nc4)cn3)cc2)CC1.[Na+],
CHEMBL1201142,C#CCN[C@@H]1CCc2ccccc21.CS(=O)(=O)O,
CHEMBL1255891,CCCC[C@H](NC(=O)[C@@H]1[C@@H]2[C@H](CN1C(=O)[C@@H](NC(=O)NC1(CS(=O)(=O)C(C)(C)C)CCCCC1)C(C)(C)C)C2(C)C)C(=O)C(=O)NC1CC1,
CHEMBL1289926,CNC(=O)c1ccccc1Sc1ccc2c(/C=C/c3ccccn3)n[nH]c2c1,
CHEMBL2364621,CC(=O)c1c(C)c2cnc(Nc3ccc(N4CCNCC4)cn3)nc2n(C2CCCC2)c1=O.O=S(=O)(O)CCO,
CHEMBL371405,C[C@@]12OC(=O)[C@]1([C@@H](O)[C@@H]1C=CCCC1)NC(=O)[C@@H]2CCCl,
CHEMBL3683575,O=C(c1nn(-c2ccc(CN3CCOCC3)cc2)c2c1CS(=O)(=O)c1c(F)cccc1-2)N1CCOCC1,
CHEMBL2364628,O=C(CCCCCCNC(=O)c1cnc(N(c2ccccc2)c2ccccc2)nc1)NO,
CHEMBL719,C/C(=C\C(=O)OCCCCCCCCC(=O)O)C[C@@H]1OC[C@H](C[C@@H]2O[C@H]2[C@@H](C)[C@H](C)O)[C@@H](O)[C@H]1O,
CHEMBL4297593,CONC(=N)c1ccc(CNC(=O)[C@@H]2CCN2C(=O)[C@H](O)c2cc(Cl)cc(OC(F)F)c2)cc1,
CHEMBL4802217,,
CHEMBL132530,C[C@]12CCC(=O)C(O)=C1CC[C@@H]1[C@@H]2CC[C@]2(C)C(=O)CC[C@@H]12,
CHEMBL5314478,CC(C)S(=O)(=O)N1CC(CC#N)(n2cc(-c3ncnc4[nH]ccc34)c(N)n2)C1,
CHEMBL4585668,CS(=O)(=O)c1ccc(Oc2cc(F)cc(C#N)c2)c2c1[C@H](O)[C@H](F)[C@@H]2F,
CHEMBL4650367,CC(=O)N[C@@H](Cc1c[nH]c2ccccc12)C(=O)N[C@@H](CCC(=O)C=[N+]=[N-])C(=O)OC(C)C,
CHEMBL308954,Cc1cc(C#N)cc(C)c1Oc1nc(Nc2ccc(C#N)cc2)nc(N)c1Br,
CHEMBL2108981,,
CHEMBL5314523,C[C@@H]1CN(c2cc(N3CCN(CC4=C(c5ccc(Cl)cc5)CC(C)(C)CC4)CC3)ccc2C(=O)NS(=O)(=O)c2ccc(NCC3CCOCC3)c([N+](=O)[O-])c2)c2cc3cc[nH]c3nc2O1,
CHEMBL5314642,,
CHEMBL1237061,O=C([O-])C[C@H](O)C[C@H](O)/C=C/c1c(C2CC2)nc2ccccc2c1-c1ccc(F)cc1.O=C([O-])C[C@H](O)C[C@H](O)/C=C/c1c(C2CC2)nc2ccccc2c1-c1ccc(F)cc1.[Ca+2],
CHEMBL3301627,CN1Cc2c(Cl)cc(Cl)cc2[C@H](c2cccc(S(=O)(=O)NCCOCCOCCNC(=O)NCCCCNC(=O)NCCOCCOCCNS(=O)(=O)c3cccc([C@@H]4CN(C)Cc5c(Cl)cc(Cl)cc54)c3)c2)C1.Cl.Cl,
CHEMBL166863,CC1(C)OC(c2ccc(S(N)(=O)=O)cc2)=C(c2cccc(F)c2)C1=O,
CHEMBL3931782,[Na+].[O-]c1c(-n2ccnn2)cnn1-c1cc(N2CCOCC2)ncn1,
CHEMBL589390,Cc1ccc2c(c1)c1c(n2CCc2ccc(C)nc2)CCN(C)C1,
CHEMBL1735,CC(C)(C)NC(=O)[C@@H]1CN(Cc2cccnc2)CCN1C[C@@H](O)C[C@@H](Cc1ccccc1)C(=O)N[C@H]1c2ccccc2C[C@H]1O.O=S(=O)(O)O,
CHEMBL3639788,O=C(Cc1cccc(OC(F)(F)F)c1)Nc1ccc(CCCCc2nnc(NC(=O)Cc3ccccn3)s2)nn1,
CHEMBL5314568,N#C[C@H](C[C@@H]1CCCNC1=O)NC(=O)[C@H](CC1CC1)NC(=O)c1cc2cccc(Cl)c2[nH]1,
CHEMBL4594448,CCO[C@H]1CCN(Cc2c(OC)cc(C)c3[nH]ccc23)[C@H](c2ccc(C(=O)O)cc2)C1,
CHEMBL578,CCOC(=O)[C@H](CCc1ccccc1)N[C@@H](C)C(=O)N1CCC[C@H]1C(=O)O,
CHEMBL3137309,CC1(C)CCC(CN2CCN(c3ccc(C(=O)NS(=O)(=O)c4ccc(NCC5CCOCC5)c([N+](=O)[O-])c4)c(Oc4cnc5[nH]ccc5c4)c3)CC2)=C(c2ccc(Cl)cc2)C1,
CHEMBL1336,CNC(=O)c1cc(Oc2ccc(NC(=O)Nc3ccc(Cl)c(C(F)(F)F)c3)cc2)ccn1,
CHEMBL3707409,N#CCC1(n2cc(-c3ncnc4[nH]ccc34)cn2)CN(C2CCN(C(=O)c3ccnc(C(F)(F)F)c3F)CC2)C1.O=C(O)CCCCC(=O)O,
CHEMBL5095179,CC(C)(C)NC1CCN(c2cc(NCc3ccc(Cl)cc3)nc3ccccc23)CC1,
CHEMBL4298158,CN1CCN(c2ccc(OC(F)(F)F)c(Nc3ncc4c(n3)-c3c(c(C(N)=O)nn3CCO)CC4)c2)CC1.O=C(O)/C=C/C(=O)O,
CHEMBL3301583,,
CHEMBL1520,CCCc1nc(C)c2c(=O)nc(-c3cc(S(=O)(=O)N4CCN(CC)CC4)ccc3OCC)[nH]n12,
CHEMBL5314933,Cn1cncc1-c1c(F)cncc1NC(=O)c1c(N)nn2cc(F)cnc12,
CHEMBL1201837,,
CHEMBL5077861,C=CC(=O)N1CC2(CC(n3nc(-c4ccc5c(cnn5C)c4)c(-c4c(Cl)c(C)cc5[nH]ncc45)c3C)C2)C1,
CHEMBL254316,Cc1nnc(C(=O)NC(C)(C)c2nc(C(=O)NCc3ccc(F)cc3)c(O)c(=O)n2C)o1,
CHEMBL1200534,CCOC(=O)[C@H](CCc1ccccc1)N[C@@H](C)C(=O)N1Cc2cc(OC)c(OC)cc2C[C@H]1C(=O)O.Cl,
CHEMBL477772,Cc1ccc(Nc2nccc(N(C)c3ccc4c(C)n(C)nc4c3)n2)cc1S(N)(=O)=O,
CHEMBL1201599,,
CHEMBL502,COc1cc2c(cc1OC)C(=O)C(CC1CCN(Cc3ccccc3)CC1)C2,
CHEMBL591118,COc1cc2c(cc1OC)[C@@H]1C[C@H](N)[C@@H](N3C[C@@H](CF)CC3=O)CN1CC2,
CHEMBL148674,CCc1c(C(=O)C(N)=O)c2c(OCC(=O)O)cccc2n1Cc1ccccc1,
CHEMBL3707350,C=CC(=O)N1CC[C@@H](Oc2nc(Nc3ccc(N4CCC(N5CCN(C)CC5)CC4)cc3)c(C(N)=O)nc2CC)C1.CS(=O)(=O)O,
CHEMBL4297610,C[C@H](Nc1ccc(C#N)n(C)c1=O)c1cc2cc(Cl)ccc2[nH]c1=O,
CHEMBL5095248,COCc1nn(Cc2ccc(Cn3ccccc3=O)cc2)cc1C(=O)NCc1nccc(OC)c1F,
CHEMBL1229211,C[C@@H]1CCO[C@H]2Cn3cc(C(=O)NCc4ccc(F)cc4F)c(=O)c(O)c3C(=O)N12,
CHEMBL3833368,CC1(C)[C@@H]2CC[C@@]1(CS(=O)(=O)O)C(=O)C2.CNCc1ccc(-c2[nH]c3cc(F)cc4c3c2CCNC4=O)cc1,
CHEMBL2107358,COC1=CC(c2cc3ccccc3[nH]2)=N/C1=C\c1[nH]c(C)cc1C.CS(=O)(=O)O,
CHEMBL1229,CCOC(=O)C1=C[C@@H](OC(CC)CC)[C@H](NC(C)=O)[C@@H](N)C1,
CHEMBL237500,CC#CCn1c(N2CCC[C@@H](N)C2)nc2c1c(=O)n(Cc1nc(C)c3ccccc3n1)c(=O)n2C,
CHEMBL4650223,Cc1ccc(C(=O)Oc2ccc(C(CN(C)C)C3(O)CCCCC3)cc2)cc1.Cl.O.O,
CHEMBL4650279,C=CC(=O)Nc1cc2c(Nc3ccc(OCc4ccccn4)c(Cl)c3)ncnc2cc1OCCN1CCOCC1,
CHEMBL3977543,Cc1ccc2c(Nc3cccc(Cl)c3F)nccc2c1NC(=O)c1csc2c(N)ncnc12,
CHEMBL3990006,,
CHEMBL2103830,COc1cc(Nc2ncc(F)c(Nc3ccc4c(n3)N(COP(=O)(O)O)C(=O)C(C)(C)O4)n2)cc(OC)c1OC,
CHEMBL449158,CCC/C=C/C=C/C(=O)O[C@H]1/C(=C/C(=O)OC)C[C@H]2C[C@H]([C@@H](C)O)OC(=O)C[C@H](O)C[C@@H]3C[C@H](OC(C)=O)C(C)(C)[C@](O)(C[C@@H]4C/C(=C/C(=O)OC)C[C@H](/C=C/C(C)(C)[C@]1(O)O2)O4)O3,
CHEMBL3126842,COc1ccc2c(c1)[C@@H]1C[C@]1(C(=O)N1C3CCC1CN(C)C3)Cn1c-2c(C2CCCCC2)c2ccc(C(=O)NS(=O)(=O)N(C)C)cc21,
CHEMBL4209441,Cn1cc(Nc2nc(N)nc(-c3cccc(-n4ccc5cc(C6CC6)cc(F)c5c4=O)c3CO)n2)cn1,
CHEMBL5095236,C=CC(=O)N1CCN(c2nc(OC[C@@H]3CCCN3C)nc3c(F)c(-c4nc(N)cc(C)c4C(F)(F)F)c(Cl)cc23)[C@@H](C)C1,
CHEMBL3894860,CN1CCN(c2ccc(Nc3ncc4cc5n(c4n3)C3(CCCCC3)CNC5=O)nc2)CC1,
CHEMBL3951811,CNC(=O)c1ccccc1Nc1nc(Nc2ccc3c(c2OC)CCC[C@H](N2CCN(CCO)CC2)C3)ncc1Cl,
CHEMBL5314559,,
CHEMBL1170047,NC(=O)c1ccc(I)c([N+](=O)[O-])c1,
CHEMBL3137308,NC(=O)c1cnc2[nH]ccc2c1N[C@@H]1[C@@H]2CC3C[C@H]1C[C@@](O)(C3)C2,
CHEMBL3334567,C[C@@H](c1ccc2nccn2c1)n1nnc2ncc(-c3cnn(C)c3)nc21,
CHEMBL3678958,CC(C)n1c(Nc2cccnc2)nc2cnc(Nc3ccc(N4CCN(C)CC4)cc3)nc21,
CHEMBL3657311,COc1cc(C(=O)NC2CCN(C)CC2)c(F)cc1Nc1ncc(C(F)(F)F)c(Oc2cccc3c2C(=O)N(C)C3)n1,
CHEMBL3301599,CC(C)c1cc(C(=O)N2Cc3ccc(CN4CCN(C)CC4)cc3C2)c(O)cc1O.C[C@H](O)C(=O)O,
CHEMBL139367,CCC(CC)[C@H](NC(C)=O)[C@@H]1[C@H](O)[C@@H](C(=O)O)C[C@H]1NC(=N)N,
CHEMBL2103840,CCc1cnn2c(NCc3ccc[n+]([O-])c3)cc(N3CCCC[C@H]3CCO)nc12,
CHEMBL4069704,CCOC(=O)[C@@H]1CC2(CCN(c3cc(O[C@H](c4ccc(Cl)cc4-c4ccccc4)C(F)(F)F)nc(N)n3)CC2)CN1,
CHEMBL2219411,Cl.Cl.N#CCNC(=O)c1ccc(-c2ccnc(Nc3ccc(N4CCOCC4)cc3)n2)cc1,
CHEMBL255863,Cc1cn(-c2cc(NC(=O)c3ccc(C)c(Nc4nccc(-c5cccnc5)n4)c3)cc(C(F)(F)F)c2)cn1,
CHEMBL3989923,O=C([O-])C[C@H](O)C[C@H](O)/C=C/c1c(C2CC2)nc2ccccc2c1-c1ccc(F)cc1.O=C([O-])C[C@H](O)C[C@H](O)/C=C/c1c(C2CC2)nc2ccccc2c1-c1ccc(F)cc1.[Mg+2],
CHEMBL39541,CC[C@H](C)[C@@H]([C@@H](CC(=O)N1CCC[C@H]1[C@H](OC)[C@@H](C)C(=O)N[C@@H](Cc1ccccc1)c1nccs1)OC)N(C)C(=O)[C@@H](NC(=O)[C@H](C(C)C)N(C)C)C(C)C,
CHEMBL4594441,COc1cc(Nc2ncc(C)c(Nc3ccc4oc(=O)[nH]c4c3)n2)cc(C)c1F,
CHEMBL1206232,COc1ccc(/C=C\c2cc(OC)c(OC)c(OC)c2)cc1OP(=O)(O)O,
CHEMBL4297618,CCOC(=O)C(COC(=O)Cc1ccc(NC(=O)c2ccccc2-c2ccc(C(F)(F)F)cc2)c(C(=O)N(C)C)c1)(C(=O)OCC)c1ccccc1,
CHEMBL4298005,,
CHEMBL4650327,O=C(O)Cc1nn(Cc2nc3cc(C(F)(F)F)ccc3s2)c(=O)c2cscc12,
CHEMBL5314413,COc1cc2ncc3c(c2cc1-c1cn(C)nc1C)n(-c1c(F)cncc1OC)c(=O)n3C,
CHEMBL1983268,CN1CCN(c2ccc(C(=O)Nc3n[nH]c4ccc(Cc5cc(F)cc(F)c5)cc34)c(NC3CCOCC3)c2)CC1,
CHEMBL4297627,C[C@@H]1CCc2ncc(F)cc2[C@H]2CCCN2c2ccn3ncc(c3n2)C(=O)N1,
CHEMBL5095404,CNc1nc(N)nc2c1ncn2[C@@H]1O[C@H](COP(=O)(N[C@@H](C)C(=O)OC(C)C)Oc2ccccc2)[C@@H](O)[C@@]1(C)F,
CHEMBL4065616,CCC(CC)COC(=O)[C@H](C)N[P@](=O)(OC[C@H]1O[C@@](C#N)(c2ccc3c(N)ncnn23)[C@H](O)[C@@H]1O)Oc1ccccc1,
CHEMBL5314526,C[C@]1(c2ccc(-c3[nH]c4cc(F)cc5c4c3CONC5=O)cc2)CCCN1,
CHEMBL5095231,COC1CN([C@H]2CC[C@H]([C@@]3(C)Oc4c(Cl)cc(C(=O)NCc5c(SC)cc(C)[nH]c5=O)c(C)c4O3)CC2)C1,
CHEMBL4283683,Cn1cc(-c2ccc(S(=O)(=O)n3ccc(/C=C/C(=O)Nc4ccccc4N)c3)cc2)cn1,
CHEMBL2087361,C#Cc1cccc(Nc2ncnc3cc4c(cc23)OCCOCCOCCO4)c1,
CHEMBL1278118,COc1cc(OC)cc(N2CCN(C(=O)Nc3nc4cc(F)ccc4nc3OC)CC2)c1,
CHEMBL1689063,NC(=O)[C@@H]1CC[C@@H]2CN1C(=O)N2OS(=O)(=O)O,
CHEMBL2338329,Cc1nc(C(=O)NCC(=O)O)c(O)c2ccc(Oc3ccccc3)cc12,
CHEMBL5314440,CN(C)C/C=C/C(=O)Nc1cc2c(Nc3ccc(OCc4ccccn4)c(Cl)c3)c(C#N)cnc2cc1O[C@H]1CCOC1,
CHEMBL2338397,C[C@H](NC(=O)CCC(F)(F)F)C(=O)N[C@@H]1C(=O)N(CCO)c2ncccc2-c2ccccc21,
CHEMBL2059028,COc1cc(C(=O)C(=O)N(C)[C@@H](Cc2ccc(Cl)cc2)C(=O)N(Cc2ccccc2)C(CCc2ccncc2)CCc2ccncc2)cc(OC)c1OC,
CHEMBL1200759,Cl.O=C1CN2Cc3c(ccc(Cl)c3Cl)N=C2N1,
CHEMBL4297865,C=CC(=O)Nc1cccc(Oc2nc(Nc3ccc(N4CCN(C)CC4)c(F)c3)nc3[nH]ccc23)c1,
CHEMBL134561,COc1cc(Cc2cnc(N)nc2N)c2c(c1OC)OC(C1CC1)C=C2,
CHEMBL446785,CC(/C=C/C=C(\C)C(=O)O[C@@H]1O[C@H](CO[C@@H]2O[C@H](CO)[C@@H](O)[C@H](O)[C@H]2O)[C@@H](O)[C@H](O)[C@H]1O)=C\C=C\C=C(C)\C=C\C=C(/C)C(=O)O[C@@H]1O[C@H](CO[C@@H]2O[C@H](CO)[C@@H](O)[C@H](O)[C@H]2O)[C@@H](O)[C@H](O)[C@H]1O,
CHEMBL1188395,NCc1c[nH]c(=S)n1[C@H]1CCc2c(F)cc(F)cc2C1,
CHEMBL515387,O=C([C@@H]1C[C@H](N2CCN(c3ncccn3)CC2)CN1)N1CCC(F)(F)C1,
CHEMBL4594425,CCC(=O)N[C@H]1Cc2cccc(C(=O)OCOC(=O)C(CC)CC)c2OB1O,
CHEMBL385517,N#C[C@@H]1C[C@@H]2C[C@@H]2N1C(=O)[C@@H](N)C12CC3CC(CC(O)(C3)C1)C2,
CHEMBL435128,CC(C)c1nc(COC(N)=O)n(Cc2ccncc2)c1Sc1cc(Cl)cc(Cl)c1,
CHEMBL2374220,COC(=O)N[C@H](C(=O)N1CC2(CC2)C[C@H]1c1nc(-c2ccc3c(c2)C(F)(F)c2cc(-c4ccc5[nH]c([C@@H]6[C@H]7CC[C@H](C7)N6C(=O)[C@@H](NC(=O)OC)C(C)C)nc5c4)ccc2-3)c[nH]1)C(C)C,
CHEMBL1201174,N[C@@H](CC(=O)N1CCn2c(nnc2C(F)(F)F)C1)Cc1cc(F)c(F)cc1F.O.O=P(O)(O)O,
CHEMBL5315067,,
CHEMBL225072,Nc1nc2[nH]cc(CCc3ccc(C(=O)N[C@@H](CCC(=O)O)C(=O)O)cc3)c2c(=O)[nH]1,
CHEMBL1651534,O=C(Nc1cccnn1)N1CCC(=Cc2cccc(Oc3ccc(C(F)(F)F)cn3)c2)CC1,
CHEMBL5095242,COc1ccc(CN2CCN(CCOC(=O)c3cccnc3)CC2)c(OC)c1OC,
CHEMBL11662,O=C(O)/C=C/c1ccc(Cn2ccnc2)cc1,
CHEMBL1144,CC[C@H](C)C(=O)O[C@H]1C[C@H](O)C=C2C=C[C@H](C)[C@H](CC[C@@H](O)C[C@@H](O)CC(=O)O)[C@H]21,
CHEMBL5095049,C1=C/COCc2cc(ccc2OCCN2CCCC2)Nc2nccc(n2)-c2cccc(c2)COC/1.O=C(O)CC(O)(CC(=O)O)C(=O)O,
CHEMBL2216870,CC[C@H](Nc1ncnc2[nH]cnc12)c1nc2cccc(F)c2c(=O)n1-c1ccccc1,
CHEMBL3137358,COc1ccc2c(O[C@@H]3C[C@H]4C(=O)N[C@]5(C(=O)[N-]S(=O)(=O)C6CC6)C[C@H]5/C=C\CCCCN(C)C(=O)[C@@H]4C3)cc(-c3nc(C(C)C)cs3)nc2c1C.[Na+],
CHEMBL3545235,COc1cc2ncnc(Nc3ccc(F)c(Cl)c3)c2cc1OCCN1CC2(CC2)C2(C1)OCCO2,
CHEMBL1290459,O=C(O)C1=Cc2cc(OC(F)(F)F)ccc2OC1C(F)(F)F,
CHEMBL2403318,Cn1c(C2(NC(=O)c3ccc4c(C5CCCC5)c(-c5ncc(Br)cn5)n(C)c4c3)CCC2)nc2ccc(/C=C/C(=O)O)cc21,
CHEMBL4297647,CC(C)Oc1ccc(-c2nc(O[C@@H]3C[C@H]4C(=O)N[C@]5(C(=O)NS(=O)(=O)C6(C)CC6)C[C@H]5/C=C\CCCCC[C@H](NC(=O)OC5CCCC5)C(=O)N4C3)c3oc4ccccc4c3n2)cc1,
CHEMBL4297774,,
CHEMBL5314480,C#C[C@@](C)(O)COc1cc(-c2ccc(N3CC4CC(C3)N4Cc3ccc(OC)nc3)nc2)c2c(C#N)cnn2c1,
CHEMBL507361,O=C(NOC[C@H](O)CO)c1ccc(F)c(F)c1Nc1ccc(I)cc1F,
CHEMBL4650314,O=C(O)CNC(=O)c1c(O)c2ccccc2n(OCC2CC2)c1=O,
CHEMBL5095093,O=C1CO[C@H](c2cn(-c3ccc(Br)cc3)nc2-c2ccc(F)cc2)N1CCc1ccc2[nH]c(=O)[nH]c2c1,
CHEMBL488025,CC1=C(CC(=O)O)c2cc(F)ccc2/C1=C\c1ccc(S(C)(=O)=O)cc1,
CHEMBL3125702,CC(C)[C@@H](CS(=O)(=O)C(C)C)N1C(=O)[C@@](C)(CC(=O)O)C[C@H](c2cccc(Cl)c2)[C@H]1c1ccc(Cl)cc1,
CHEMBL4756595,COc1cc(F)ccc1-c1cc(Nc2cc(CS(C)(=N)=O)ccn2)ncc1F,
CHEMBL3653256,COc1ncc(-c2nc3c(n2C(C)C)[C@H](c2ccc(Cl)cc2)N(c2cc(Cl)cn(C)c2=O)C3=O)c(OC)n1,
CHEMBL590799,CN(C)C(=O)COC(=O)Cc1ccc(OC(=O)c2ccc(NC(=N)N)cc2)cc1,
CHEMBL5095041,COc1cc2cc(-c3ccc(CC(=O)Nc4cc(C(C)(C)C(F)(F)F)no4)cn3)cnc2cc1OC.COc1cc2cc(-c3ccc(CC(=O)Nc4cc(C(C)(C)C(F)(F)F)no4)cn3)cnc2cc1OC.O=C(O)CCCCC(=O)O,
CHEMBL2220486,CNC(=O)c1cccc2cc(Oc3ccnc4cc(OCC5(N)CC5)c(OC)cc34)ccc12,
CHEMBL3621988,Nc1cc(F)ccc1NC(=O)c1ccc(CNC(=O)/C=C/c2cccnc2)cc1,
CHEMBL1439,C[C@]1(Cn2ccnn2)[C@H](C(=O)[O-])N2C(=O)C[C@H]2S1(=O)=O.[Na+],
CHEMBL1852688,CCN1CCN(c2ccc(Nc3cc(N(C)C(=O)Nc4c(Cl)c(OC)cc(OC)c4Cl)ncn3)cc2)CC1,
CHEMBL1642,CS(=O)(=O)O.Cc1ccc(NC(=O)c2ccc(CN3CCN(C)CC3)cc2)cc1Nc1nccc(-c2cccnc2)n1,
CHEMBL3707347,CC(C)(Sc1ccncc1-c1ccc(C#N)c2ccccc12)C(=O)O,
CHEMBL460785,Cl.OC[C@H]1NC[C@H](O)[C@@H](O)[C@@H]1O,
CHEMBL3545363,CC(C)(C)[C@@H]1NC(=O)O[C@@H]2CCC[C@H]2OC/C=C/C(F)(F)c2nc3ccccc3nc2O[C@@H]2C[C@@H](C(=O)N[C@]3(C(=O)NS(=O)(=O)C4(C)CC4)C[C@H]3C(F)F)N(C2)C1=O,
CHEMBL4783351,Cc1cc(-c2nc(C(=O)Nc3cc4oc(N5CCOCC5)nc4nc3N3CC[C@@H](O)C3)co2)ccn1,
CHEMBL1323,CC(C)CN(C[C@@H](O)[C@H](Cc1ccccc1)NC(=O)O[C@H]1CO[C@H]2OCC[C@H]21)S(=O)(=O)c1ccc(N)cc1,
CHEMBL5095218,C[C@@H](N)c1cc(Cl)ccc1Cn1c(=S)[nH]c(=O)c2[nH]ccc21,
CHEMBL2103882,O=C1NC(=O)[C@@H](c2cn3c4c(cccc24)CCC3)[C@@H]1c1c[nH]c2ccccc12,
CHEMBL4297182,COCCN1C(=O)O[C@@]2(C[C@H]3O[C@]2(C)n2c4ccccc4c4c5c(c6c7ccccc7n3c6c42)C(=O)NC5)C1=O,
CHEMBL223228,O=C1Nc2ccc(Cl)cc2[C@@](C#CC2CC2)(C(F)(F)F)O1,
CHEMBL4297747,,
CHEMBL3115681,CN1CCN(c2ccc(Nc3ncc4cc(C#N)c(=O)n(C5CCCC5)c4n3)cc2)CC1,
CHEMBL4650215,C[C@H](Nc1ccc2c(c1)OCCn1cc(N3C(=O)OC[C@H]3C(F)F)nc1-2)C(N)=O,
CHEMBL4297290,C[C@@H]1CN(Cc2ncccn2)C[C@H]1c1cn2c(C3CCOCC3)ncc2c(=O)[nH]1,
CHEMBL2163631,COc1cc(C(=O)c2cnc(-c3c[nH]c4ccccc34)[nH]2)cc(OC)c1OC,
CHEMBL4299851,O=C(O)CC[C@H](NC(=O)N[C@@H](CCCCNC(=O)c1ccc(F)nc1)C(=O)O)C(=O)O,
CHEMBL3935857,Nc1nc2cc(-c3ccc4ncc(C(=O)N5CCOCC5)n4c3)ccc2o1,
CHEMBL4297676,Cl.O=C(NC[C@H](O)CO)c1ccncc1Nc1ccc(I)cc1F,
CHEMBL4116008,CCS(=O)(=O)N1CCN(c2ccc(Nc3ncc(C(N)=O)c(NC4CC4)n3)cc2)CC1,
CHEMBL2396661,Cc1nc(NC(=O)N2CCC[C@H]2C(N)=O)sc1-c1ccnc(C(C)(C)C(F)(F)F)c1,
CHEMBL5315052,C#CCN[C@@H]1CCc2ccccc21.C#CCN[C@@H]1CCc2ccccc21.O=C(O)C(O)C(O)C(=O)O,
CHEMBL5095025,Cn1/c(=N\C#N)n(-c2ccc(C(C)(C)C#N)nc2)c2c3cc(-c4cnc(N)c(C(F)(F)F)c4)ccc3ncc21,
CHEMBL5314397,Cc1ccc(C(=O)NC2CC2)cc1-n1ncc(C(=O)c2cccc(C#N)c2)c1N,
CHEMBL3545413,Cc1ncc(NC(=O)c2ccc(CN3CCN(C)CC3)c(C(F)(F)F)c2)cc1Nc1nccc(-c2cccnc2)n1,
CHEMBL522892,CN1CCN(c2ccc3nc(-c4c(N)c5c(F)cccc5[nH]c4=O)[nH]c3c2)CC1,
CHEMBL2103847,CC(C)C[C@@H](C(=O)N[C@H](C(=O)OC1CCCC1)c1ccccc1)[C@H](O)C(=O)NO,
CHEMBL1744447,CC(C)c1nc(N(C)S(C)(=O)=O)nc(-c2ccc(F)cc2)c1/C=C/[C@@H](O)C[C@@H](O)CC(=O)[O-].CC(C)c1nc(N(C)S(C)(=O)=O)nc(-c2ccc(F)cc2)c1/C=C/[C@@H](O)C[C@@H](O)CC(=O)[O-].[Ca+2],
CHEMBL1946170,CNC(=O)c1cc(Oc2ccc(NC(=O)Nc3ccc(Cl)c(C(F)(F)F)c3)c(F)c2)ccn1,
CHEMBL2108339,,
CHEMBL3904602,CC(C)N1CCN(c2ccc(Nc3ncc4cc5n(c4n3)C3(CCCCC3)CNC5=O)nc2)CC1,
CHEMBL4084907,Nc1cc(C(F)(F)F)c(-c2nc(N3CCOCC3)nc(N3CCOCC3)n2)cn1,
CHEMBL473417,CS(=O)(=O)c1ccc(C(=O)Nc2ccc(Cl)c(-c3ccccn3)c2)c(Cl)c1,
CHEMBL5077961,Nc1nc(-c2cccc(-n3ccc4cc(C5CC5)cc(F)c4c3=O)c2CO)c2cc(C3=CCN(C4COC4)CC3)[nH]c2n1,
CHEMBL4514636,C=CC(=O)N[C@H]1CCOC[C@H]1Nc1ncc2cc(-c3c(Cl)c(OC)cc(OC)c3Cl)ccc2n1,
CHEMBL2364611,Cc1cccc(-c2nn3c(c2-c2ccnc4ccc(C(N)=O)cc24)CCC3)n1,
CHEMBL5314429,COc1cc2nccc(Oc3ccc(NC(=O)c4cc5c(n(-c6ccccc6)c4=O)CCCC5=O)nc3)c2cc1OC,
CHEMBL4475481,O=C1Nc2ccccc2C(c2ccccc2)=N[C@@H]1Nc1nnc(-c2ncc(C(F)(F)F)cc2N2CCOCC2)o1,
CHEMBL2104406,COc1cc(C(=O)C(=O)N2CCCC[C@H]2C(=O)OC(CCCc2cccnc2)CCCc2cccnc2)cc(OC)c1OC.O=C(O)CC(O)(CC(=O)O)C(=O)O.O=C(O)CC(O)(CC(=O)O)C(=O)O,
CHEMBL435224,COc1cccc([C@H]2O[C@H](CC(=O)N3CCC(CC(=O)O)CC3)C(=O)N(CC(C)(C)COC(C)=O)c3ccc(Cl)cc32)c1OC,
CHEMBL98,O=C(CCCCCCC(=O)Nc1ccccc1)NO,
CHEMBL2216859,CC(C)N1CCN(Cc2cnc(-c3cc(-c4cccc5[nH]ccc45)cc4[nH]ncc34)o2)CC1,
CHEMBL2107762,CCCN(c1ccncc1F)n1cc(C)c2ccccc21,
CHEMBL4594440,Fc1cc(F)c2c(c1)C[C@@H](n1c(CCNCc3ccccc3)c[nH]c1=S)CO2,
CHEMBL1519,CCOC(=O)[C@H](CCc1ccccc1)N[C@@H](C)C(=O)N1[C@H](C(=O)O)C[C@H]2CCCC[C@@H]21,
CHEMBL953,CCN(CC)C(=O)/C(C#N)=C/c1cc(O)c(O)c([N+](=O)[O-])c1,
CHEMBL5095094,CC(C)c1c2cc(-c3nc(Nc4ccc(N5CCNCC5)cn4)ncc3F)ccc2nn1C,
CHEMBL19,CC(=O)/N=c1/sc(S(N)(=O)=O)nn1C,
CHEMBL2338801,O=c1[nH]nc(CCc2ccc(C(F)(F)F)cc2)cc1O,
CHEMBL5314421,CCOc1cc(CN2CCOCC2)cc2[nH]c(=O)c3c(c12)NCCC3.Cl.Cl.O.O,
CHEMBL838,CCOC(=O)[C@H](CCc1ccccc1)N[C@H]1CCc2ccccc2N(CC(=O)O)C1=O,
CHEMBL118,Cc1ccc(-c2cc(C(F)(F)F)nn2-c2ccc(S(N)(=O)=O)cc2)cc1,
CHEMBL1639,COCCCOc1cc(C[C@@H](C[C@H](N)[C@@H](O)C[C@H](C(=O)NCC(C)(C)C(N)=O)C(C)C)C(C)C)ccc1OC,
CHEMBL4297269,CN1C(=O)[C@@H](NC(=O)[C@H](CCC(F)(F)F)[C@H](CCC(F)(F)F)C(N)=O)N=C(c2ccccc2)c2ccccc21,
CHEMBL3577124,CNc1ncc2cc(-c3cc(NC(=O)NCCC(C)(C)C)c(F)cc3C)c(C)nc2n1,
CHEMBL5314445,O=C(O)CC[C@H](NP(=O)(O)OCCC[C@H](NC(=O)CC[C@H](NC(=O)CCCCCNC(=O)c1ccc([18F])cc1)C(=O)O)C(=O)O)C(=O)O,
CHEMBL535,CCN(CC)CCNC(=O)c1c(C)[nH]c(/C=C2\C(=O)Nc3ccc(F)cc32)c1C,
CHEMBL163,CC(C)c1nc(CN(C)C(=O)N[C@H](C(=O)N[C@@H](Cc2ccccc2)C[C@H](O)[C@H](Cc2ccccc2)NC(=O)OCc2cncs2)C(C)C)cs1,
CHEMBL5314649,C=CC(=O)N1C[C@H](Nc2ncnc3[nH]ccc23)CC[C@@H]1C.Cc1ccc(S(=O)(=O)O)cc1,
CHEMBL4650360,COc1ccc(-c2c(-c3ccc(C#N)c(F)c3)nc(N3CCC(N)CC3)n(C)c2=O)cc1F.O=S(=O)(O)c1ccccc1,
CHEMBL5314454,O=C(/C=C/c1cnn2ccc(N3CCC[C@@H]3c3cc(F)ccc3F)nc12)N1CCNCC1,
CHEMBL1201619,,
CHEMBL5095102,CC(C)N1CCOc2c(F)cc(-c3nc(Nc4ccc(C5CCN(C)CC5)cn4)ncc3F)cc21,
CHEMBL4297641,C/C(=N\NC(=O)c1cccc(S(=O)(=O)N2CCN(C)CC2)c1)c1cc(Cl)ccc1O,
CHEMBL3989947,CCCCCCCCCCCCCCOc1ccc(C(=O)OCC(=O)N(C)CC(=O)OCC)o1,
CHEMBL3039519,COC(=O)N[C@H](C(=O)N1CCC[C@H]1c1nc2cc(-c3csc4c(-c5ccc(-c6c[nH]c([C@@H]7CCCN7C(=O)[C@H](NC(=O)OC)c7ccccc7)n6)cc5)csc34)ccc2[nH]1)C(C)C,
CHEMBL5095044,Cc1sc(C(=O)c2cncnc2N[C@@H]2CC[C@H](COS(N)(=O)=O)[C@H]2O)cc1[C@@H]1NCCc2ccc(Cl)cc21,
CHEMBL1200644,CO[C@H]1O[C@H](COS(=O)(=O)[O-])[C@@H](O[C@@H]2O[C@@H](C(=O)[O-])[C@@H](O[C@H]3O[C@H](COS(=O)(=O)[O-])[C@@H](O[C@@H]4O[C@H](C(=O)[O-])[C@@H](O[C@H]5O[C@H](COS(=O)(=O)[O-])[C@@H](O)[C@H](O)[C@H]5NS(=O)(=O)[O-])[C@H](O)[C@H]4O)[C@H](OS(=O)(=O)[O-])[C@H]3NS(=O)(=O)[O-])[C@H](O)[C@H]2OS(=O)(=O)[O-])[C@H](O)[C@H]1NS(=O)(=O)[O-].[Na+].[Na+].[Na+].[Na+].[Na+].[Na+].[Na+].[Na+].[Na+].[Na+],
CHEMBL4297467,Nc1ccc(/C=C/C(=O)NCc2cc3cc(-c4ccc(C(=O)N5CCC(F)(F)CC5)cc4)cc(-c4ccc(F)cc4)c3o2)cn1,
CHEMBL3989921,CCOc1cc2ncc(C#N)c(Nc3ccc(OCc4ccccn4)c(Cl)c3)c2cc1NC(=O)/C=C/CN(C)C.O=C(O)/C=C\C(=O)O,
CHEMBL572881,CC1(C)CNc2cc(NC(=O)c3cccnc3NCc3ccncc3)ccc21,
CHEMBL5095426,C[C@H]1CNC(=O)Nc2cnn3ccc(nc23)N2C[C@@H](F)C[C@@H]2c2cc(F)cnc2O1,
CHEMBL4802163,CCc1cc(O)ccc1-c1ccc2c(-c3nc4c([nH]3)C[C@@H](C(=O)N3CC(N(C)C)C3)N(C(C)C)C4)n[nH]c2c1,
CHEMBL3963485,COCc1c(-c2cc3cc(C)cc(OC)c3s2)c2c(N)ncnn2c1CN1CCNC(=O)C1,
CHEMBL3989931,CC(C)(O)CNc1nc(Nc2ccnc(C(F)(F)F)c2)nc(-c2cccc(C(F)(F)F)n2)n1.CS(=O)(=O)O,
CHEMBL101253,Clc1ccc(Nc2nnc(Cc3ccncc3)c3ccccc23)cc1,
CHEMBL3186534,N#CC1(c2ccc(NC(=O)c3cccnc3NCc3ccncc3)cc2)CCCC1,
CHEMBL5095067,COc1ncc(-c2ccc3ncc(OCCN(C)C)c(=O)n3c2)cc1NS(=O)(=O)c1ccc(F)cc1Cl,
CHEMBL204021,CCN(CC)CCN(Cc1ccc(-c2ccc(C(F)(F)F)cc2)cc1)C(=O)Cn1c(SCc2ccc(F)cc2)nc(=O)c2c1CCC2,
CHEMBL3622533,COc1ccc(-c2nc(N3CCOCC3)c3sc(CN(C)c4ncc(C(=O)NO)cn4)cc3n2)cn1,
CHEMBL4297662,Cn1cnc([N+](=O)[O-])c1C[N+](C)(C)C/C=C/C(=O)Nc1cc2c(Nc3ccc(Cl)c(Br)c3)ncnc2cn1.[Br-],
CHEMBL5095133,,
CHEMBL331378,C[C@H](CSC(=O)c1ccccc1)C(=O)N1C[C@@H](Sc2ccccc2)C[C@H]1C(=O)O,
CHEMBL70663,Cc1cc(C)c(Nc2ccnc(Nc3ccc(C#N)cc3)n2)c(C)c1,
CHEMBL3707320,CCc1cc2c(cc1N1CCC(N3CCOCC3)CC1)C(C)(C)c1[nH]c3cc(C#N)ccc3c1C2=O.Cl,
CHEMBL271068,Cc1cc(NC(=O)C(=O)c2cc(Cc3ccc(C#N)cc3)n3ccccc23)sn1,
CHEMBL3427435,O=C(O)CC[C@H](NP(=O)(O)OCCC[C@H](NC(=O)CC[C@H](NC(=O)CCCCCNC(=O)c1ccc(F)cc1)C(=O)O)C(=O)O)C(=O)O,
CHEMBL3984425,C[C@H](NC(=O)c1c(N)nn2cccnc12)c1cc2cccc(C#Cc3cnn(C)c3)c2c(=O)n1-c1ccccc1,
CHEMBL2028663,CC(C)(C)c1nc(-c2cccc(NS(=O)(=O)c3c(F)cccc3F)c2F)c(-c2ccnc(N)n2)s1,
CHEMBL2035187,C1=N/C2=N/c3ccc(OCCN4CCCC4)c(c3)COC/C=C/COCc3cccc(c3)C(=C1)N2,
CHEMBL4594251,CS(=O)(=O)O.CS(=O)(=O)O.Cc1ccc(C(=O)OCc2ccc([C@@H](CN)C(=O)Nc3ccc4cnccc4c3)cc2)c(C)c1,
CHEMBL4297468,COc1ccc([C@@H](O)[C@H](NC(=O)[C@H](C)NC(=O)CN2CCOCC2)C(=O)N[C@@H](CC2=CCCC2)C(=O)[C@@]2(C)CO2)cc1,
CHEMBL4130229,Cc1ccc(C(=O)NNC(=O)c2c(C)cccc2Cl)cc1C#Cc1cnc2ccccc2c1,
CHEMBL4298137,CC1=C[C@@H]2CN(C(=O)N2OS(=O)(=O)O)[C@@H]1C(N)=O,
CHEMBL408194,COC1=CC(c2cc3ccccc3[nH]2)=N/C1=C\c1[nH]c(C)cc1C,
CHEMBL4594445,CNCc1cn(S(=O)(=O)c2cccc(F)c2)c(-c2ccc(F)cc2F)c1OC,
CHEMBL2419346,CN(C)c1cc2c(cc1Sc1nc3c(N)nccc3n1CCNCC(C)(C)C)OCO2,
CHEMBL4535757,C=CC(=O)N1CCN(c2nc(=O)n(-c3c(C)ccnc3C(C)C)c3nc(-c4c(O)cccc4F)c(F)cc23)[C@@H](C)C1,
CHEMBL5095051,COc1ccc(C(CN(C)C)C2(O)CCCCC2)cc1.O=S(=O)(O)c1ccccc1,
CHEMBL246600,COc1ccc(C[C@@H](O)c2cc(OC)c(OC)c(OC)c2)cc1O,
CHEMBL1201733,Cc1ccc(Nc2nccc(N(C)c3ccc4c(C)n(C)nc4c3)n2)cc1S(N)(=O)=O.Cl,
CHEMBL3301625,C=CC(=O)Nc1cccc(Nc2nc(Nc3ccc(OCCOC)cc3)ncc2F)c1,
CHEMBL4297615,CCOc1c([C@H](C)n2nc(C)c3c(N)ncnc32)cc(Cl)c(F)c1[C@@H]1CNC(=O)C1,
CHEMBL1963681,COc1ccc(CNc2nc(N3CCC[C@H]3CO)ncc2C(=O)NCc2ncccn2)cc1Cl,
CHEMBL46423,CC(C)c1cccc(C(C)C)c1NC(=O)NCC1(c2ccc(N(C)C)cc2)CCCC1,
CHEMBL5095062,C[C@H]1CNC(=O)c2cnn3cc4c(nc23)N(Cc2cc(F)cnc2O1)[C@@H]1CCC[C@@H]1O4,
CHEMBL3545368,CC(O)C(=O)O.Cc1[nH]c2ccccc2c1CCNCc1ccc(/C=C/C(=O)NO)cc1,
CHEMBL4651180,COc1ccc(-c2c(-c3ccc(C#N)c(F)c3)nc(N3CCC(N)CC3)n(C)c2=O)cc1F,
CHEMBL1082508,NC(=O)NC[C@@H]1CCCc2cc(S(=O)(=O)c3cccc(F)c3)ccc21,
CHEMBL539378,COC(=O)c1cnc2n1CCc1ccccc1C2=C1CCN(CCc2ccc(OCc3ccc4ccccc4n3)cc2)CC1,
CHEMBL2104962,Cc1ccc(S(=O)(=O)O)cc1.N#C[C@@H]1C[C@H](F)CN1C(=O)[C@@H](N)C(c1ccc(F)cc1)c1ccc(F)cc1,
CHEMBL1094636,NC(=O)c1cccc2cn(-c3ccc([C@@H]4CCCNC4)cc3)nc12,
CHEMBL503,CC[C@H](C)C(=O)O[C@H]1C[C@@H](C)C=C2C=C[C@H](C)[C@H](CC[C@@H]3C[C@@H](O)CC(=O)O3)[C@H]21,
CHEMBL4802243,CS(=O)(=O)O.Cn1nccc1Nc1nccc(-c2cc3c(s2)C(C)(C)N(CCN2CCOCC2)C3=O)n1,
CHEMBL3039525,CN1CCN(C2CCN(C(=O)Nc3cc(Oc4ccc(NC(=O)C5(C(=O)Nc6ccc(F)cc6)CC5)c(F)c4)ccn3)CC2)CC1,
CHEMBL2110732,COc1cc2ncnc(Nc3ccc(F)c(Cl)c3)c2cc1NC(=O)/C=C/CN1CCCCC1,
CHEMBL371064,CCCN1CCN(c2ccc(C(=O)NC3(C(=O)NCC#N)CCCCC3)cc2)CC1,
CHEMBL5095178,CC/C=C\C[C@H](O)/C=C/C=C\C/C=C\C/C=C\CCCC(=O)OCC,
CHEMBL4802154,Cn1ccc2c([C@H](Nc3cc(Cl)c4ncc(C#N)c(NCC(C)(C)C)c4c3)c3cn(C45CC(C4)C5)nn3)cccc2c1=O,
CHEMBL1406148,CCCCCCCC(=O)OCC(COC(=O)CCCCCCC)OC(=O)CCCCCCC,
CHEMBL2108512,,
CHEMBL2017179,Cc1cc(C)c2c(c1)[C@@H](N(Cc1cc(C(F)(F)F)cc(C(F)(F)F)c1)c1nnn(C)n1)CCCN2C[C@H]1CC[C@H](C(=O)O)CC1,
CHEMBL1650443,Cn1c(=O)cc(N2CCC[C@@H](N)C2)n(Cc2cc(F)ccc2C#N)c1=O,
CHEMBL4206119,CCOC(=O)N1CCN(C(=O)[C@H](Cc2cccc(/C(N)=N\O)c2)NS(=O)(=O)c2c(C(C)C)cc(C(C)C)cc2C(C)C)CC1,
CHEMBL1201650,,
CHEMBL4227736,Cc1ccc(C(=O)Oc2ccc(C(CN(C)C)C3(O)CCCCC3)cc2)cc1,
CHEMBL2218894,CC(C)n1c(/C=C/C(O)CC(O)CC(=O)[O-])c(-c2ccc(F)cc2)c2ccccc21.[Na+],
CHEMBL4650333,COc1ccc(-c2cncc(N[C@@H](C)c3cccc(NC(=O)c4cncc(C)c4)c3)n2)cc1OC,
CHEMBL4297668,CNC(=O)c1nn(C)c2c1C(C)(C)Cc1cnc(Nc3ccc(N4CCN(C)CC4)cc3)nc1-2.O=C(O)/C=C\C(=O)O,
CHEMBL3601411,C[C@@H]1C[C@H](C)CN(S(=O)(=O)c2ccc3c(c2)C(=NO)c2cc(S(=O)(=O)N4C[C@H](C)C[C@H](C)C4)ccc2C3=NO)C1,
CHEMBL258734,CC(C)(C)OC(=O)N[C@H]1CCCCC/C=C\[C@@H]2C[C@@]2(C(=O)NS(=O)(=O)C2CC2)NC(=O)[C@@H]2C[C@@H](OC(=O)N3Cc4cccc(F)c4C3)CN2C1=O,
CHEMBL483254,Cc1[nH]c2ccccc2c1CCNCc1ccc(/C=C/C(=O)NO)cc1,
CHEMBL410414,CN(Cc1ccccc1)C(=O)[C@@H](NC(=O)c1cc2cc(NC(=O)c3ccccc3-c3ccc(C(F)(F)F)cc3)ccc2n1C)c1ccccc1,
CHEMBL1289494,COc1cc2nccc(Oc3ccc(NC(=O)Nc4cc(C)on4)c(Cl)c3)c2cc1OC,
CHEMBL3945728,O=C(OC(C(F)(F)F)C(F)(F)F)N1CCN(Cc2ccc(C(F)(F)F)cc2N2CCCC2)CC1,
CHEMBL289228,Cn1cncc1[C@@](N)(c1ccc(Cl)cc1)c1ccc2c(c1)c(-c1cccc(Cl)c1)cc(=O)n2C,
CHEMBL4469414,Cc1cc(-c2cnn3c(NC[C@H]4C[C@@](C)(O)C4)cc(Oc4cccnc4)nc23)ccc1C(=O)NC1CC1,
CHEMBL1231160,NS(=O)(=O)OC[C@@H]1C[C@@H](n2ccc3c(N[C@H]4CCc5ccccc54)ncnc32)C[C@@H]1O,
CHEMBL5095398,COc1nsc(NC(=O)N2C[C@H]3C[C@H](N(C)c4ncnc5[nH]ccc45)C[C@H]3C2)n1,
CHEMBL2107357,CC1(C)CNc2cc(NC(=O)c3cccnc3NCc3ccncc3)ccc21.O=P(O)(O)O.O=P(O)(O)O,
CHEMBL5095209,CC(=O)N[C@@H](CC(C)C)C(=O)N[C@H](C(=O)N[C@@H](Cc1ccccc1)C(=O)N[C@]1(C)CCCCCC/C=C/CCC[C@@](C)(C(=O)N[C@@H](C)C(=O)N[C@@H](C)C(=O)N[C@@H](C)C(=O)N[C@@H](C)C(=O)N[C@@H](C)C(=O)N[C@H](C)C(N)=O)NC(=O)[C@H](CC(C)C)NC(=O)[C@@H](CCC(N)=O)NC(=O)[C@H](C)NC(=O)[C@H](Cc2c[nH]c3ccccc23)NC(=O)[C@H](Cc2ccc(O)cc2)NC(=O)[C@H](CCC(=O)O)NC1=O)[C@@H](C)O,
CHEMBL571987,CCc1nn(CCO)c(CC)c1Oc1cc(C#N)cc(C#N)c1,
CHEMBL1567,CCN(CC)CCNC(=O)c1c(C)[nH]c(/C=C2\C(=O)Nc3ccc(F)cc32)c1C.O=C(O)C[C@H](O)C(=O)O,
CHEMBL1683590,C=C1C[C@@H]2CC[C@@]34C[C@H]5O[C@H]6[C@@H](O3)[C@H]3O[C@H](CC[C@@H]3O[C@H]6[C@H]5O4)CC(=O)C[C@@H]3[C@@H](OC)[C@@H](C[C@H](O)CN)O[C@H]3C[C@H]3O[C@@H](CC[C@@H]1O2)C[C@@H](C)C3=C,
CHEMBL5095220,CCc1cc2ncc(CN3CCN(c4ccc(C(=O)NC)nc4)CC3)cc2[nH]c1=O,
CHEMBL3989959,NCCONC(=O)[C@@H]1CC[C@@H]2CN1C(=O)N2OS(=O)(=O)O,
CHEMBL3410450,Cc1cn2nc([C@@H]3CCCCN3C(=O)c3cc(Cl)ccc3NS(C)(=O)=O)cc2nc1N1CC[C@H](N)C1,
CHEMBL4594250,Cc1ccc(C(=O)OCc2ccc([C@@H](CN)C(=O)Nc3ccc4cnccc4c3)cc2)c(C)c1,
CHEMBL2105682,CN1CCc2nc(C(=O)N[C@@H]3C[C@@H](C(=O)N(C)C)CC[C@@H]3NC(=O)C(=O)Nc3ccc(Cl)cn3)sc2C1.Cc1ccc(S(=O)(=O)O)cc1,
CHEMBL5314952,C=CC(=O)Nc1cc(Nc2nccc(-c3cn(C)c4ccccc34)n2)c(OC)cc1OCCN(C)C,
CHEMBL3905910,CN1CC[C@@H](c2c(O)cc(O)c3c(=O)cc(-c4ccc(C(F)(F)F)cc4Cl)oc23)[C@@H]1CO,
CHEMBL3989406,C[C@H](N[C@@H](CCc1ccccc1)C(=O)O)C(=O)N1CCC[C@H]1C(=O)O.O.O,
CHEMBL126648,C#CCN(Cc1cc2c(O)nc(C)nc2cc1C)c1ccc(C(=O)N[C@@H](CCc2nnn[nH]2)C(=O)O)c(F)c1,
CHEMBL4296719,O=C(CN[C@@H]1CCNC1)N1CCC[C@H]1B(O)O,
CHEMBL4297463,COc1cc(C)[nH]c(=O)c1CNC(=O)c1c(C)n([C@H](C)C2CCN(CC(F)(F)F)CC2)c2ccccc12,
CHEMBL5314443,Cn1ccc2c([C@@H](c3cn(C45CC(C4)C5)nn3)N(C(=O)OCOP(=O)(O)O)c3cc(Cl)c4nc(NCC(C)(C)C)c(C#N)cc4c3)cccc2c1=O,
CHEMBL1201127,CC(C)CN(C[C@@H](O)[C@H](Cc1ccccc1)NC(=O)O[C@H]1CO[C@H]2OCC[C@H]21)S(=O)(=O)c1ccc(N)cc1.CCO,
CHEMBL4297507,C[C@H]1CN(C(=O)CC#N)[C@]12CCN(c1ncnc3[nH]ccc13)C2,
CHEMBL2103880,CN(C)CCCOc1ccc2[nH]nc(S(=O)(=O)c3cccc4ccccc34)c2c1,
CHEMBL4594420,Cc1c[nH]c(-c2ccc(-c3ccc(NC(=O)Nc4c(F)cc(F)cc4F)cc3F)c3c2C(=O)NC3)n1,
CHEMBL3545059,COCCCOc1cc(C[C@@H](C[C@H](N)[C@@H](O)C[C@H](C(=O)NCC(C)(C)C(N)=O)C(C)C)C(C)C)ccc1OC.COCCCOc1cc(C[C@@H](C[C@H](N)[C@@H](O)C[C@H](C(=O)NCC(C)(C)C(N)=O)C(C)C)C(C)C)ccc1OC.O=C(O)/C=C/C(=O)O,
CHEMBL5095401,CCO[C@H]1CCN(Cc2c(OC)cc(C)c3[nH]ccc23)[C@H](c2ccc(C(=O)O)cc2)C1.Cl.O,
CHEMBL4650214,CN1CCC(c2ccccc2CC(C)(C)Nc2nc(N3CCOCC3)nc(-n3c(C(F)F)nc4ccccc43)n2)CC1,
CHEMBL4297624,CCOC(=O)C12CCC(NCC(=O)N3C[C@@H](F)C[C@H]3C#N)(CC1)CC2,
CHEMBL5314583,C[C@@H](NC(=O)N1C(=O)[C@H](Cc2ccnc(N)c2)[C@H]1C(=O)O)C1CCCCC1,
CHEMBL5314510,COc1cc2c(Oc3ccc(NC(=O)C4(C(=O)Nc5ccc(F)cc5)CC4)cc3F)ccnc2cc1OCCCCCC(=O)O,
CHEMBL3301606,CC1(C)CN(C(=O)c2ccc(-c3cccc4nc(NC(=O)C5CC5)nn34)cc2)C1,
CHEMBL4297534,CN1CC[C@@H](NC(=O)Nc2ccc(C#N)cc2)C[C@@H]1c1nc2ccccc2[nH]1.O=C(O)/C=C\C(=O)O,
CHEMBL3137318,Cc1ccc(S(=O)(=O)O)cc1.Cn1ncnc1[C@H]1c2n[nH]c(=O)c3cc(F)cc(c23)N[C@@H]1c1ccc(F)cc1,
CHEMBL4650443,Cn1cc2cc(C(F)(F)c3nnc4ccc(-c5cnn(C6CC6)c5)nn34)c(F)cc2n1,
CHEMBL4802161,CC(=O)c1c(C)c2cnc(Nc3ccc(C4CCNCC4)cn3)nc2n(C2CCCC2)c1=O,
CHEMBL4298155,CCOc1c([C@H](C)n2nc(C)c3c(N)ncnc32)cc(Cl)c(F)c1[C@@H]1CNC(=O)C1.Cl,
CHEMBL4650317,CC(C)(C)CNCCn1c(Sc2cc3c(cc2I)OCO3)nc2c(N)ncnc21,
CHEMBL1835207,CCOc1ccc(-c2cc(C)cn2-c2ccc(S(N)(=O)=O)cc2)cc1,
CHEMBL3545065,CN(C)C(C(=O)Nc1ccc2c(=O)[nH]ccc2c1)c1ccsc1,
CHEMBL5095064,COCc1nn(Cc2ccc(Cn3cc(F)ccc3=O)cc2)cc1C(=O)NCc1nccc(OC)c1F,
CHEMBL175691,Cc1cc(/C=C/C#N)cc(C)c1Nc1ccnc(Nc2ccc(C#N)cc2)n1,
CHEMBL4204869,C[C@H]1OC[C@]2(c3cc(NC(=O)c4cnc(C(F)F)cn4)ccc3F)N=C(N)SC[C@H]12,
CHEMBL4466233,CC(=O)N1CCC(Nc2cc(C(=O)NC[C@H](O)CN3CCc4ccccc4C3)ncn2)CC1,
CHEMBL3907479,Cc1nc2ccc(-n3ncc(C(=O)c4cc5ccccc5[nH]4)c3N)cc2[nH]1,
CHEMBL4297623,NC(=O)/C(=C/n1cnc(-c2cc(C(F)(F)F)cc(C(F)(F)F)c2)n1)c1cncnc1,
CHEMBL4297529,C[C@@H](O)[C@H](NC(=O)[C@H](CS(=O)(=O)O)NC(=O)CNC(=O)[C@H](CCCNC(=N)N)NC(=O)CN)C(=O)N1CCC[C@H]1C(=O)O,
CHEMBL99,CC(/C=C/C(=O)NO)=C\[C@@H](C)C(=O)c1ccc(N(C)C)cc1,
CHEMBL2042273,COC(=O)[C@H](c1ccccc1Cl)N1CCc2sc(OC(C)=O)cc2C1,
CHEMBL4297435,COC(=O)c1nc(C(F)(F)F)n2c1CN(C(=O)C[C@H](N)Cc1cc(F)c(F)cc1F)CC2,
CHEMBL289351,COc1ccc(/C=C\c2cc(OC)c(OC)c(OC)c2)cc1OP(=O)([O-])[O-].[Na+].[Na+],
CHEMBL3989867,O=C(NCc1c(F)cc(F)cc1F)c1cn2c(c([O-])c1=O)C(=O)N1[C@H]3CC[C@H](C3)O[C@@H]1C2.[Na+],
CHEMBL1115,CN(C)C(=O)Oc1ccc[n+](C)c1,
CHEMBL5314954,CN1CCN(C(=O)N(CCCCCCC(=O)NO)c2ccc(-c3ccc4cnn(C)c4c3)cc2)CC1,
CHEMBL5314517,COc1cc(-c2ccc(CN[C@H]3C[C@@H](O)[C@@H](N(C)c4ncnc5sc(CC(F)(F)F)cc45)C3)cc2)nnc1OC,
CHEMBL592374,Clc1ccc([C@]23CNC[C@H]2C3)cc1Cl,
CHEMBL2103851,S=C(NCc1ccc2c(c1)OCO2)N1CCN(c2ncnc3c2oc2ccccc23)CC1,
CHEMBL4582651,CO[C@]1(C(=O)N[C@@H](C)c2ccc(-n3cc(F)cn3)nc2)CC[C@H](c2nc(C)cc(Nc3cc(C)[nH]n3)n2)CC1,
CHEMBL1277072,Cc1c(/C=C2\C(=O)Nc3ccc(F)cc32)[nH]c2c1C(=O)N(C[C@H](O)CN1CCOCC1)CCC2,
CHEMBL4650225,CO[C@]1(CN2CCN3CCCC[C@@H]3C2)/C=C/C[C@H](C)[C@@H](C)S(=O)(=O)NC(=O)c2ccc3c(c2)N(C[C@@H]2CC[C@H]21)C[C@@]1(CCCc2cc(Cl)ccc21)CO3,
CHEMBL4802152,O=C(c1cc(Cn2c(=O)[nH]c(=O)c3c(F)cccc32)ccc1F)N1CCN(c2ncccn2)CC1,
CHEMBL2105741,CC(=O)Nc1cccc(-n2c(=O)n(C3CC3)c(=O)c3c(Nc4ccc(I)cc4F)n(C)c(=O)c(C)c32)c1.C[S+](C)[O-],
CHEMBL4650224,COc1ncc(C)c(-c2ccc3c(c2)[nH]c(=O)c2cnn([C@H]4CCOC4)c23)c1C.O=C(O)/C=C/C(=O)O,
CHEMBL729,Cc1cccc(C)c1OCC(=O)N[C@@H](Cc1ccccc1)[C@@H](O)C[C@H](Cc1ccccc1)NC(=O)[C@H](C(C)C)N1CCCNC1=O,
CHEMBL3301576,,
CHEMBL4650217,COc1cc(C(=O)N2CCC3(CC2)CC(=O)c2c(cnn2C(C)C)C3)cc(-c2ccc(C(=O)O)cc2)n1.NC(CO)(CO)CO,
CHEMBL279785,CNC(=O)[C@@H](NC(=O)[C@H](CC(C)C)[C@H](O)C(=O)NO)C(C)(C)C,
CHEMBL363392,CCCCC1(CCCC)CS(=O)(=O)c2ccc(N(C)C)cc2[C@@H](c2ccc(OCc3ccc(C[N+]45CCN(CC4)CC5)cc3)cc2)[C@H]1O,
CHEMBL3707266,CN(C)C(=O)c1cc2cnc(Nc3ccc(N4CCNCC4)cn3)nc2n1C1CCCC1.O=C(O)CCC(=O)O,
CHEMBL1182714,CNCCCOc1cc(F)c(-c2c(Cl)nc3ncnn3c2N[C@@H](C)C(F)(F)F)c(F)c1,
CHEMBL5095202,Cc1nc(-c2cnc(NC(C)C)n(C)c2=O)ccc1Oc1ccnc(-c2cnn(C)c2)c1,
CHEMBL1096380,CC(C)(C)c1[nH]cnc1/C=c1\[nH]c(=O)/c(=C/c2ccccc2)[nH]c1=O,
CHEMBL4303214,CNC(=O)c1c(C)oc2cc(Oc3ncnc4cc(OC)c(OC)cc34)ccc12,
CHEMBL5095402,C=CC(=O)N1CCC(Oc2cc3c(Nc4ccc(Cl)c(Cl)c4F)ncnc3cc2OC)CC1.Cl,
CHEMBL3545414,CS(=O)(=O)O.N#CC1(c2ccc(NC(=O)c3cccnc3NCc3ccncc3)cc2)CCCC1,
CHEMBL444172,O[C@@H](COc1cccc2ncccc12)CN1CCN([C@@H]2c3ccccc3[C@@H]3[C@H](c4ccccc42)C3(F)F)CC1,
CHEMBL5314951,CC(C)c1ccccc1[C@@H]1CCCN1C1CC2(CCN(c3ccc(C(=O)NS(=O)(=O)c4ccc(NC[C@H]5CC[C@](C)(O)CC5)c([N+](=O)[O-])c4)c(Oc4cnc5[nH]ccc5c4)c3)CC2)C1,
CHEMBL2022968,CN1CCN(Cc2ccc(Nc3ncc(Cl)c(Nc4ccccc4S(=O)(=O)N(C)C)n3)cc2)CC1,
CHEMBL562318,Cn1cc(-c2ccncc2)c(-c2ccc(OCc3ccc4ccccc4n3)cc2)n1,
CHEMBL1614707,FC(F)(F)c1ccc(/C=C/c2nc(COc3ccc(CCCCn4ccnn4)cc3)co2)cc1,
CHEMBL4297489,Cc1nn(C)cc1CN1CCC(c2ccc(C(=O)Nc3ccccc3N)cc2)CC1,
CHEMBL3264004,CNS(=O)(=O)[N-]c1nccc(Cc2c(C)c3ccc(Oc4ncccn4)cc3oc2=O)c1F.[K+],
CHEMBL5314556,C=C(C)C(=O)Nc1ccc(-c2c(-c3ccc(Oc4nccc(C)n4)c(F)c3)c3c(N)ncnc3n2C)cc1.Cl,
CHEMBL3545312,COC(=O)N[C@H](C(=O)N1CCC[C@H]1c1nc(-c2ccc3cc(-c4ccc5[nH]c([C@@H]6CCCN6C(=O)[C@@H](NC(=O)OC)C(C)C)nc5c4)ccc3c2)c[nH]1)C(C)C.Cl.Cl,
CHEMBL3989516,COc1cc(Nc2ncc(F)c(Nc3ccc4c(n3)N(COP(=O)([O-])[O-])C(=O)C(C)(C)O4)n2)cc(OC)c1OC.O.O.O.O.O.O.[Na+].[Na+],
CHEMBL3414621,CCN(c1cc(-c2ccc(CN3CCOCC3)cc2)cc(C(=O)NCc2c(C)cc(C)[nH]c2=O)c1C)C1CCOCC1,
CHEMBL5314470,CN(C)C/C=C/C(=O)Nc1cc2c(Nc3ccc(F)c(Cl)c3)ncnc2cc1OC(F)F,
CHEMBL478858,CCCCCCCCN1CCc2c(C)c(CC(=O)O)c(C)c(NC(=O)C(C)(C)C)c21,
CHEMBL4802249,CC(C)(C#Cc1ccc(-c2ccc(Cl)c3c([N-]S(C)(=O)=O)nn(CC(F)(F)F)c23)c([C@H](Cc2cc(F)cc(F)c2)NC(=O)Cn2nc(C(F)(F)F)c3c2C(F)(F)[C@@H]2C[C@H]32)n1)S(C)(=O)=O.[Na+],
CHEMBL3264002,CNS(=O)(=O)Nc1nccc(Cc2c(C)c3ccc(Oc4ncccn4)cc3oc2=O)c1F,
CHEMBL779,CN1CC(=O)N2[C@H](c3ccc4c(c3)OCO4)c3[nH]c4ccccc4c3C[C@@H]2C1=O,
CHEMBL4297219,C[C@@H]1CN(C(=O)c2ccc(NC(=O)c3cc(O[C@H](C)c4c(Cl)ccc(F)c4Cl)c(N)nn3)cc2)C[C@H](C)N1.Cl.Cl,
CHEMBL3702854,CC(C)(/C=C(\C#N)C(=O)N1CCC[C@@H](n2nc(-c3ccc(Oc4ccccc4)cc3F)c3c(N)ncnc32)C1)N1CCN(C2COC2)CC1,
CHEMBL2105322,O=C(O)CSC(SCC(=O)O)SCC(=O)O,
CHEMBL941,Cc1ccc(NC(=O)c2ccc(CN3CCN(C)CC3)cc2)cc1Nc1nccc(-c2cccnc2)n1,
CHEMBL3544983,COc1cc2c(Nc3ccc(Cl)c(Cl)c3F)ncnc2cc1OC[C@@H]1C[C@@H]2CN(C)C[C@@H]2C1,
CHEMBL5093566,CCC(=O)N[C@H]1Cc2cccc(C(=O)O)c2OB1O,
CHEMBL3813873,FC(F)(F)c1ccc(CNc2ccc(Cc3c[nH]c4ncc(Cl)cc34)cn2)cn1,
CHEMBL3989794,CCOC(=O)[C@H](CCCc1ccccc1)C1(C(=O)N[C@H]2CCc3ccccc3N(CC(=O)O)C2=O)CCCC1,
CHEMBL227529,Cn1c(=O)cc(N2CCC[C@@H](N)C2)n(Cc2ccccc2C#N)c1=O.O=C(O)c1ccccc1,
CHEMBL5314968,CC(=O)Nc1ncc(-c2cnn(C3CCNCC3)c2)cc1O[C@H](C)c1c(Cl)ccc(F)c1Cl,
CHEMBL3707372,CC[C@@H]1[C@@H]2CN(C(=O)[C@H](C(C)(C)C)NC(=O)O[C@@H]3C[C@H]3CCCCC(F)(F)c3nc4ccc(OC)cc4nc3O2)[C@@H]1C(=O)N[C@]1(C(=O)NS(=O)(=O)C2(C)CC2)C[C@H]1C(C)C,
CHEMBL4065122,C[C@H]1CN(C2COC2)CCN1c1ccc(Nc2cc(-c3ccnc(N4CCn5c(cc6c5CC(C)(C)C6)C4=O)c3CO)cn(C)c2=O)nc1,
CHEMBL1172928,C[C@@H]1NC(C)(C)CO[C@@]1(O)c1cccc(Cl)c1,
CHEMBL4249337,Nc1nc2cc(CC[C@H]3C[C@@H](n4ccc5c(N)ncnc54)[C@H](O)[C@@H]3O)ccc2cc1Br,
CHEMBL1138,O=C1[C@H](CC[C@H](O)c2ccc(F)cc2)[C@@H](c2ccc(O)cc2)N1c1ccc(F)cc1,
CHEMBL463981,O=S(=O)(N[C@H](CO)C(C(F)(F)F)C(F)(F)F)c1ccc(Cl)s1,
CHEMBL5095412,CN1CC[C@]2(C)c3cc(OC(=O)Nc4ccccc4)ccc3N(C)[C@H]12.O=C(O)C(O)C(O)C(=O)O,
CHEMBL3936761,C=CC(=O)N1CCC([C@@H]2CCNc3c(C(N)=O)c(-c4ccc(Oc5ccccc5)cc4)nn32)CC1,
CHEMBL4761468,C=CC(=O)Nc1cc(Nc2nccc(-c3cn(C4CC4)c4ccccc34)n2)c(OC)cc1N(C)CCN(C)C,
CHEMBL1237,NCCCC[C@H](N[C@@H](CCc1ccccc1)C(=O)O)C(=O)N1CCC[C@H]1C(=O)O,
CHEMBL79280,COc1ccc(NS(=O)(=O)c2c(F)c(F)c(F)c(F)c2F)cc1F,
CHEMBL1078178,N#CCNC(=O)c1ccc(-c2ccnc(Nc3ccc(N4CCOCC4)cc3)n2)cc1,
CHEMBL1201772,CC(=O)Oc1cc2c(s1)CCN(C(C(=O)C1CC1)c1ccccc1F)C2,
CHEMBL3544986,CCC[C@H](N[C@@H](C)C(=O)N1[C@H](C(=O)O)C[C@@H]2CCCC[C@@H]21)C(=O)OCC.N=C(N)NCCC[C@H](N)C(=O)O,
CHEMBL3651966,C[C@@H]1C[C@H](N)C[C@H](c2ccncc2NC(=O)c2ccc(F)c(-c3c(F)cccc3F)n2)C1,
CHEMBL94,CNC(=O)Oc1ccc2c(c1)[C@]1(C)CCN(C)[C@@H]1N2C,
CHEMBL5095491,C=CC(=O)Nc1cc(Nc2nccc(-c3cn(C4CC4)c4ccccc34)n2)c(OC)cc1N(C)CCN(C)C.CS(=O)(=O)O,
CHEMBL4297582,O=C(CCCCCCC(=O)Nc1ccc(CN[C@H](C(=O)OC2CCCC2)c2ccccc2)cc1)NO,
CHEMBL1086997,CCCCN1C[C@H](O)[C@@H](O)[C@@H](O)[C@H]1CO,
CHEMBL3989972,COc1cn(-c2ccc(-n3cccn3)cc2F)nc(-c2ccnn2-c2ccccc2)c1=O,
CHEMBL1738757,CNC(=O)c1cc(Oc2ccc(NC(=O)Nc3cc(C(C)(C)C)nn3-c3ccc4ncccc4c3)c(F)c2)ccn1,
CHEMBL3646118,O=c1c(-n2ccnn2)c[nH]n1-c1cc(N2CCOCC2)ncn1,
CHEMBL231779,COc1ccc(-n2nc(C(N)=O)c3c2C(=O)N(c2ccc(N4CCCCC4=O)cc2)CC3)cc1,
CHEMBL1200659,CCOC(=O)[C@H](CCc1ccccc1)N[C@@H](C)C(=O)N1CCC[C@H]1C(=O)O.O=C(O)/C=C\C(=O)O,
CHEMBL1950289,O[C@H]1CC[C@H](Nc2ncc3nc(Nc4c(F)cc(F)cc4F)n([C@H]4CCOC4)c3n2)CC1,
CHEMBL223360,Cc1ccc(F)c(NC(=O)Nc2ccc(-c3cccc4[nH]nc(N)c34)cc2)c1,
CHEMBL5095066,C=CC(=O)N1C[C@H](C)N(c2nc(=O)n(-c3c(C4CC4)ncnc3C3CC3)c3nc(-c4c(N)cccc4F)c(F)cc23)C[C@H]1C,
CHEMBL2107856,,
CHEMBL3545369,NS(=O)(=O)NCCNc1nonc1/C(=N/O)Nc1ccc(F)c(Br)c1,
CHEMBL4802214,COc1cccc2[nH]c(C(=O)N[C@@H](CC(C)C)C(=O)N[C@@H](C[C@@H]3CCNC3=O)C(=O)COP(=O)(O)O)cc12,
CHEMBL2107861,,
CHEMBL511099,Cc1ccc(C23CNCC2C3)cc1,
CHEMBL3544964,Cn1nccc1Nc1nccc(-c2ccn([C@H](CO)c3ccc(Cl)c(F)c3)c(=O)c2)n1,
CHEMBL1272,CCOc1cc(CC(=O)N[C@@H](CC(C)C)c2ccccc2N2CCCCC2)ccc1C(=O)O,
CHEMBL501849,COc1ccc2c(O[C@@H]3C[C@H]4C(=O)N[C@]5(C(=O)NS(=O)(=O)C6CC6)C[C@H]5/C=C\CCCCN(C)C(=O)[C@@H]4C3)cc(-c3nc(C(C)C)cs3)nc2c1C,
CHEMBL5314512,N#CN1C[C@H](n2nc(-c3ccc(Oc4ccc(Cl)cn4)cc3)c(C(N)=O)c2N)CCC12CC2,
CHEMBL261244,CCNC(=O)Nc1ncnc2c1ncn2[C@@H]1O[C@H](COP(=O)([O-])[O-])[C@H]2O[C@H](/C=C/c3ccccc3)O[C@H]21.[Na+].[Na+],
CHEMBL3039598,CCC(=O)O[C@@H](O[P@](=O)(CCCCc1ccccc1)CC(=O)N1C[C@H](C2CCCCC2)C[C@H]1C(=O)O)C(C)C,
CHEMBL5314601,CCCCCCCCCCCCOS(=O)(=O)O.Cc1nc(Nc2ncc(C(=O)Nc3c(C)cccc3Cl)s2)cc(N2CCN(CCO)CC2)n1,
CHEMBL3301601,CN1C(N)=N[C@](C)(c2cc(NC(=O)c3ccc(F)cn3)ccc2F)CS1(=O)=O,
CHEMBL4439321,COc1cc(F)ccc1-c1ncnc(Nc2cccc(C[S@](C)(=N)=O)c2)n1,
CHEMBL4298167,O=C(Nc1nc2cccc(-c3ccc(CN4CCS(=O)(=O)CC4)cc3)n2n1)C1CC1.O=C(O)/C=C\C(=O)O,
CHEMBL2105756,COc1cc2nccc(Oc3ccc(NC(=O)Nc4cc(C)on4)c(Cl)c3)c2cc1OC.Cl.O,
CHEMBL710,CC(C)(C)NC(=O)[C@H]1CC[C@H]2[C@@H]3CC[C@H]4NC(=O)C=C[C@]4(C)[C@H]3CC[C@]12C,
CHEMBL1684984,CS(=O)(=O)N1CCc2c(-c3cnc(N)nc3)nc(N3CCOCC3)nc21,
CHEMBL2105719,COc1cc2ncnc(Nc3ccc(F)c(Cl)c3)c2cc1NC(=O)/C=C/CN1CCCCC1.O,
CHEMBL5314420,Cc1ccc2c(-c3nc(Nc4cc(CN5C[C@@H](C)N[C@@H](C)C5)cc(C5CC5)c4)ncc3Cl)c[nH]c2c1,
CHEMBL2103838,Cc1cc(F)ccc1-c1nc(NC(CO)CO)nc2c1ccc(=O)n2-c1c(F)cccc1F,
CHEMBL5095079,Cc1n[nH]c(C)c1-c1cnn(C2(CC#N)CN(c3cc(F)c(C(=O)N[C@@H](C)C(F)(F)F)cc3F)C2)c1,
CHEMBL4298140,Cc1cc(Nc2cc(N)ncn2)c(=O)n2c1C(=O)NC21CCCCC1.Cl,
CHEMBL278020,CN(C)C(=O)Oc1cccc([N+](C)(C)C)c1,
CHEMBL266349,N=C(N)c1ccc(CNC(=O)[C@@H]2CCN2C(=O)[C@H](NCC(=O)O)C2CCCCC2)cc1,
CHEMBL1487,CC(C)c1c(C(=O)Nc2ccccc2)c(-c2ccccc2)c(-c2ccc(F)cc2)n1CC[C@@H](O)C[C@@H](O)CC(=O)O,
CHEMBL1201202,CO[C@H]1O[C@H](COS(=O)(=O)O)[C@@H](O[C@@H]2O[C@@H](C(=O)O)[C@@H](O[C@H]3O[C@H](COS(=O)(=O)O)[C@@H](O[C@@H]4O[C@H](C(=O)O)[C@@H](O[C@H]5O[C@H](COS(=O)(=O)O)[C@@H](O)[C@H](O)[C@H]5NS(=O)(=O)O)[C@H](O)[C@H]4O)[C@H](OS(=O)(=O)O)[C@H]3NS(=O)(=O)O)[C@H](O)[C@H]2OS(=O)(=O)O)[C@H](O)[C@H]1NS(=O)(=O)O,
CHEMBL5095077,Cc1nc2c(c(C)c(C)n2Cc2cnn(C)c2)c(-c2ccc(Cl)cc2)c1[C@H](OC(C)(C)C)C(=O)O,
CHEMBL304087,COc1cc(NC(=O)Nc2cccc(CNC(=O)O[C@H]3CCOC3)c2)ccc1-c1cnco1,
CHEMBL206834,Cc1ccc(NC(=O)c2ccc(CN3CC[C@H](N(C)C)C3)c(C(F)(F)F)c2)cc1Nc1nccc(-c2cncnc2)n1,
CHEMBL4630621,,
CHEMBL812,CN(C)C(=O)Oc1ccc[n+](C)c1.[Br-],
CHEMBL1928262,CCOc1ncc(S(=O)(=O)N2CCN(CC)CC2)cc1-c1nc2c(CC)n(CCOC)nc2c(=O)[nH]1,
